LCOc1,LCOc1,LCOc2,LCOc2,LCOc3,LCOc3,LCOc4,LCOc4,LCOc5,LCOc5,LCOc6,LCOc6,LCOc7,LCOc7,LCOc8,LCOc8,LCOc9,LCOc9,LCOc10,LCOc10,LCOc11,LCOc11,LCOc12,LCOc12,LCOc13,LCOc13,LCOc14,LCOc14,LCOc15,LCOc15,LCOc16,LCOc16,LCOc17,LCOc17
Timestamp,SETTLE,Timestamp,SETTLE,Timestamp,SETTLE,Timestamp,SETTLE,Timestamp,SETTLE,Timestamp,SETTLE,Timestamp,SETTLE,Timestamp,SETTLE,Timestamp,SETTLE,Timestamp,SETTLE,Timestamp,SETTLE,Timestamp,SETTLE,Timestamp,SETTLE,Timestamp,SETTLE,Timestamp,SETTLE,Timestamp,SETTLE,Timestamp,SETTLE
22-05-26,105.31,22-05-26,101.94,22-05-26,98.27,22-05-26,94.79,22-05-26,91.95,22-05-26,89.61,22-05-26,87.68,22-05-26,86.06,22-05-26,84.74,22-05-26,83.64,22-05-26,82.73,22-05-26,81.95,22-05-26,81.26,22-05-26,80.70,22-05-26,80.18,22-05-26,79.73,22-05-26,79.35
21-05-26,104.92,21-05-26,101.68,21-05-26,97.83,21-05-26,94.21,21-05-26,91.27,21-05-26,88.85,21-05-26,86.88,21-05-26,85.28,21-05-26,83.89,21-05-26,82.88,21-05-26,81.96,21-05-26,81.18,21-05-26,117.45,21-05-26,72.97,21-05-26,72.54,21-05-26,74.59,21-05-26,72.05
20-05-26,105.20,20-05-26,101.31,20-05-26,97.31,20-05-26,93.75,20-05-26,90.86,20-05-26,88.46,20-05-26,86.53,20-05-26,84.90,20-05-26,83.57,20-05-26,82.44,20-05-26,81.52,20-05-26,80.74,20-05-26,117.45,20-05-26,72.74,20-05-26,72.31,20-05-26,74.34,20-05-26,71.84
19-05-26,110.99,19-05-26,106.49,19-05-26,101.80,19-05-26,97.65,19-05-26,94.36,19-05-26,91.62,19-05-26,89.38,19-05-26,87.52,19-05-26,86.00,19-05-26,84.69,19-05-26,83.62,19-05-26,82.70,19-05-26,117.45,19-05-26,73.96,19-05-26,73.50,19-05-26,75.49,19-05-26,72.80
18-05-26,109.71,18-05-26,105.45,18-05-26,100.97,18-05-26,97.06,18-05-26,93.89,18-05-26,91.31,18-05-26,89.16,18-05-26,87.37,18-05-26,85.89,18-05-26,84.64,18-05-26,83.61,18-05-26,82.70,18-05-26,117.45,18-05-26,73.69,18-05-26,73.23,18-05-26,75.23,18-05-26,72.58
17-05-26,110.53,17-05-26,105.90,17-05-26,101.32,17-05-26,97.39,17-05-26,94.20,17-05-26,91.56,17-05-26,89.36,17-05-26,87.55,17-05-26,86.04,17-05-26,84.78,17-05-26,83.71,17-05-26,82.80,17-05-26,117.45,17-05-26,73.94,17-05-26,73.46,17-05-26,75.48,17-05-26,68.83
15-05-26,109.24,15-05-26,104.82,15-05-26,100.40,15-05-26,96.65,15-05-26,93.56,15-05-26,91.02,15-05-26,88.91,15-05-26,87.18,15-05-26,85.72,15-05-26,84.52,15-05-26,83.47,15-05-26,82.60,15-05-26,117.45,15-05-26,73.94,15-05-26,73.46,15-05-26,75.48,15-05-26,68.83
14-05-26,106.61,14-05-26,102.28,14-05-26,98.19,14-05-26,94.73,14-05-26,92.00,14-05-26,89.72,14-05-26,87.81,14-05-26,86.20,14-05-26,84.87,14-05-26,83.72,14-05-26,82.76,14-05-26,81.96,14-05-26,117.45,14-05-26,73.57,14-05-26,73.12,14-05-26,75.16,14-05-26,72.57
13-05-26,105.73,13-05-26,101.69,13-05-26,97.80,13-05-26,94.50,13-05-26,91.86,13-05-26,89.64,13-05-26,87.77,13-05-26,86.19,13-05-26,84.88,13-05-26,83.78,13-05-26,82.84,13-05-26,82.05,13-05-26,117.45,13-05-26,69.38,13-05-26,73.16,13-05-26,75.20,13-05-26,72.56
12-05-26,107.64,12-05-26,103.70,12-05-26,99.86,12-05-26,96.56,12-05-26,93.84,12-05-26,91.52,12-05-26,89.53,12-05-26,87.83,12-05-26,86.39,12-05-26,85.19,12-05-26,84.15,12-05-26,83.32,12-05-26,117.45,12-05-26,74.46,12-05-26,69.73,12-05-26,73.13,12-05-26,73.39
11-05-26,104.55,11-05-26,100.73,11-05-26,97.27,11-05-26,94.30,11-05-26,91.84,11-05-26,89.73,11-05-26,87.90,11-05-26,86.33,11-05-26,85.04,11-05-26,83.96,11-05-26,83.08,11-05-26,82.34,11-05-26,117.45,11-05-26,73.85,11-05-26,73.48,11-05-26,75.54,11-05-26,72.94
10-05-26,104.94,10-05-26,101.13,10-05-26,97.64,10-05-26,94.58,10-05-26,92.03,10-05-26,89.82,10-05-26,87.92,10-05-26,86.29,10-05-26,84.93,10-05-26,83.78,10-05-26,82.86,10-05-26,82.07,10-05-26,81.31,10-05-26,80.80,10-05-26,80.25,10-05-26,79.82,10-05-26,79.52
08-05-26,100.28,08-05-26,96.50,08-05-26,93.34,08-05-26,90.60,08-05-26,88.35,08-05-26,86.44,08-05-26,84.72,08-05-26,83.29,08-05-26,82.08,08-05-26,81.10,08-05-26,80.29,08-05-26,79.62,08-05-26,117.45,08-05-26,72.17,08-05-26,71.82,08-05-26,73.93,08-05-26,71.36
07-05-26,103.26,07-05-26,99.26,07-05-26,95.20,07-05-26,91.89,07-05-26,89.07,07-05-26,86.63,07-05-26,84.63,07-05-26,82.96,07-05-26,81.60,07-05-26,80.22,07-05-26,79.53,07-05-26,79.09,07-05-26,117.45,07-05-26,71.48,07-05-26,71.15,07-05-26,73.28,07-05-26,67.16
06-05-26,101.88,06-05-26,97.25,06-05-26,93.20,06-05-26,89.88,06-05-26,87.17,06-05-26,85.00,06-05-26,83.20,06-05-26,81.73,06-05-26,80.58,06-05-26,79.66,06-05-26,78.91,06-05-26,78.31,06-05-26,117.45,06-05-26,71.35,06-05-26,71.06,06-05-26,70.92,06-05-26,70.66
05-05-26,110.39,05-05-26,105.36,05-05-26,100.66,05-05-26,96.70,05-05-26,93.50,05-05-26,90.78,05-05-26,88.58,05-05-26,86.85,05-05-26,85.35,05-05-26,84.12,05-05-26,83.14,05-05-26,82.12,05-05-26,117.45,05-05-26,73.71,05-05-26,73.23,05-05-26,75.25,05-05-26,72.65
04-05-26,113.89,04-05-26,107.25,04-05-26,101.89,04-05-26,97.59,04-05-26,94.31,04-05-26,91.62,04-05-26,89.39,04-05-26,87.53,04-05-26,86.00,04-05-26,84.72,04-05-26,83.64,04-05-26,82.76,04-05-26,117.45,04-05-26,74.06,04-05-26,73.61,04-05-26,75.61,04-05-26,72.96
03-05-26,108.18,03-05-26,102.22,03-05-26,97.25,03-05-26,93.21,03-05-26,90.09,03-05-26,87.67,03-05-26,85.71,03-05-26,84.11,03-05-26,82.83,03-05-26,81.79,03-05-26,80.89,03-05-26,80.13,03-05-26,79.38,03-05-26,79.04,03-05-26,78.35,03-05-26,77.91,03-05-26,77.61
01-05-26,109.17,01-05-26,102.77,01-05-26,97.68,01-05-26,93.47,01-05-26,90.26,01-05-26,87.84,01-05-26,85.78,01-05-26,84.13,01-05-26,82.84,01-05-26,81.75,01-05-26,80.83,01-05-26,80.09,01-05-26,117.45,01-05-26,72.39,01-05-26,71.97,01-05-26,74.14,01-05-26,71.45
30-04-26,114.12,30-04-26,110.54,30-04-26,103.51,30-04-26,98.02,30-04-26,93.70,30-04-26,90.43,30-04-26,87.91,30-04-26,85.88,30-04-26,84.22,30-04-26,82.89,30-04-26,81.77,30-04-26,80.86,30-04-26,80.07,30-04-26,79.06,30-04-26,79.15,30-04-26,78.07,30-04-26,78.06
29-04-26,121.41,29-04-26,112.40,29-04-26,105.11,29-04-26,99.29,29-04-26,94.53,29-04-26,90.80,29-04-26,87.81,29-04-26,85.50,29-04-26,83.71,29-04-26,82.36,29-04-26,81.22,29-04-26,80.27,29-04-26,79.51,29-04-26,117.45,29-04-26,71.94,29-04-26,76.12,29-04-26,73.58
28-04-26,111.28,28-04-26,104.44,28-04-26,98.88,28-04-26,94.61,28-04-26,91.23,28-04-26,88.62,28-04-26,86.55,28-04-26,84.76,28-04-26,83.25,28-04-26,82.00,28-04-26,80.93,28-04-26,80.04,28-04-26,79.31,28-04-26,117.45,28-04-26,71.76,28-04-26,76.03,28-04-26,73.48
27-04-26,108.37,27-04-26,101.90,27-04-26,96.91,27-04-26,93.20,27-04-26,90.23,27-04-26,87.92,27-04-26,86.05,27-04-26,84.43,27-04-26,83.05,27-04-26,81.89,27-04-26,80.90,27-04-26,80.08,27-04-26,79.43,27-04-26,117.45,27-04-26,71.95,27-04-26,76.75,27-04-26,73.63
26-04-26,107.38,26-04-26,101.26,26-04-26,96.21,26-04-26,92.68,26-04-26,89.97,26-04-26,87.90,26-04-26,86.16,26-04-26,84.62,26-04-26,83.29,26-04-26,82.14,26-04-26,81.16,26-04-26,80.33,26-04-26,79.63,26-04-26,78.94,26-04-26,78.50,26-04-26,78.05,26-04-26,77.66
24-04-26,105.75,24-04-26,99.62,24-04-26,94.88,24-04-26,91.47,24-04-26,88.87,24-04-26,86.90,24-04-26,85.40,24-04-26,83.57,24-04-26,82.25,24-04-26,81.14,24-04-26,80.05,24-04-26,79.27,24-04-26,78.75,24-04-26,117.45,24-04-26,71.62,24-04-26,75.88,24-04-26,73.33
23-04-26,106.01,23-04-26,100.15,23-04-26,95.17,23-04-26,91.72,23-04-26,89.12,23-04-26,87.13,23-04-26,85.44,23-04-26,83.94,23-04-26,82.63,23-04-26,81.53,23-04-26,80.56,23-04-26,79.78,23-04-26,79.12,23-04-26,117.45,23-04-26,71.77,23-04-26,76.64,23-04-26,73.55
22-04-26,101.62,22-04-26,95.83,22-04-26,91.60,22-04-26,88.68,22-04-26,86.44,22-04-26,84.74,22-04-26,83.30,22-04-26,81.94,22-04-26,80.84,22-04-26,79.88,22-04-26,79.06,22-04-26,78.40,22-04-26,77.85,22-04-26,117.45,22-04-26,70.94,22-04-26,75.40,22-04-26,72.81
21-04-26,99.11,21-04-26,93.84,21-04-26,89.99,21-04-26,87.28,21-04-26,85.19,21-04-26,83.57,21-04-26,82.22,21-04-26,81.00,21-04-26,79.94,21-04-26,79.06,21-04-26,78.33,21-04-26,77.72,21-04-26,77.20,21-04-26,117.45,21-04-26,70.49,21-04-26,75.01,21-04-26,72.37
20-04-26,93.95,20-04-26,88.83,20-04-26,85.52,20-04-26,83.31,20-04-26,81.63,20-04-26,80.33,20-04-26,79.29,20-04-26,78.33,20-04-26,77.50,20-04-26,76.81,20-04-26,76.21,20-04-26,75.66,20-04-26,75.27,20-04-26,120.80,20-04-26,69.81,20-04-26,74.33,20-04-26,71.80
19-04-26,96.68,19-04-26,91.31,19-04-26,87.85,19-04-26,85.48,19-04-26,83.62,19-04-26,82.22,19-04-26,81.06,19-04-26,80.04,19-04-26,79.19,19-04-26,78.51,19-04-26,77.92,19-04-26,77.44,19-04-26,77.05,19-04-26,76.69,19-04-26,76.38,19-04-26,76.00,19-04-26,75.75
17-04-26,92.45,17-04-26,88.15,17-04-26,85.28,17-04-26,83.28,17-04-26,81.69,17-04-26,80.50,17-04-26,79.44,17-04-26,78.55,17-04-26,77.81,17-04-26,77.21,17-04-26,76.69,17-04-26,76.26,17-04-26,75.94,17-04-26,117.45,17-04-26,69.43,17-04-26,73.86,17-04-26,71.46
16-04-26,98.27,16-04-26,92.78,16-04-26,89.14,16-04-26,86.77,16-04-26,85.03,16-04-26,83.69,16-04-26,82.52,16-04-26,81.54,16-04-26,80.73,16-04-26,79.97,16-04-26,79.37,16-04-26,78.87,16-04-26,78.37,16-04-26,117.45,16-04-26,71.35,16-04-26,71.09,16-04-26,73.26
15-04-26,94.92,15-04-26,90.66,15-04-26,87.78,15-04-26,85.73,15-04-26,84.14,15-04-26,82.92,15-04-26,81.91,15-04-26,81.01,15-04-26,80.25,15-04-26,79.63,15-04-26,79.11,15-04-26,78.64,15-04-26,78.25,15-04-26,117.45,15-04-26,71.41,15-04-26,71.17,15-04-26,73.36
14-04-26,95.30,14-04-26,90.82,14-04-26,87.64,14-04-26,85.48,14-04-26,83.85,14-04-26,82.62,14-04-26,81.56,14-04-26,80.59,14-04-26,79.73,14-04-26,79.00,14-04-26,78.38,14-04-26,77.84,14-04-26,77.38,14-04-26,117.45,14-04-26,70.59,14-04-26,70.29,14-04-26,72.47
13-04-26,97.96,13-04-26,92.21,13-04-26,88.65,13-04-26,86.30,13-04-26,84.65,13-04-26,83.40,13-04-26,82.27,13-04-26,81.23,13-04-26,80.34,13-04-26,79.59,13-04-26,78.95,13-04-26,78.41,13-04-26,77.94,13-04-26,117.45,13-04-26,67.49,13-04-26,70.86,13-04-26,73.01
12-04-26,103.11,12-04-26,96.17,12-04-26,91.29,12-04-26,88.14,12-04-26,86.02,12-04-26,84.50,12-04-26,83.24,12-04-26,82.12,12-04-26,81.14,12-04-26,80.34,12-04-26,79.66,12-04-26,79.08,12-04-26,78.60,12-04-26,78.22,12-04-26,77.78,12-04-26,77.46,12-04-26,76.98
10-04-26,94.30,10-04-26,89.51,10-04-26,86.18,10-04-26,84.06,10-04-26,82.55,10-04-26,81.38,10-04-26,80.26,10-04-26,79.33,10-04-26,78.54,10-04-26,77.86,10-04-26,77.43,10-04-26,77.00,10-04-26,76.54,10-04-26,117.45,10-04-26,70.33,10-04-26,70.04,10-04-26,72.23
09-04-26,96.53,09-04-26,90.88,09-04-26,86.75,09-04-26,84.17,09-04-26,82.33,09-04-26,81.00,09-04-26,79.90,09-04-26,78.94,09-04-26,78.11,09-04-26,77.46,09-04-26,76.89,09-04-26,76.44,09-04-26,76.05,09-04-26,117.45,09-04-26,69.74,09-04-26,69.47,09-04-26,71.66
08-04-26,96.61,08-04-26,91.86,08-04-26,87.84,08-04-26,85.16,08-04-26,83.25,08-04-26,81.90,08-04-26,80.86,08-04-26,79.79,08-04-26,78.99,08-04-26,78.28,08-04-26,77.73,08-04-26,77.24,08-04-26,76.84,08-04-26,117.45,08-04-26,70.31,08-04-26,69.99,08-04-26,72.19
07-04-26,103.41,07-04-26,95.84,07-04-26,89.88,07-04-26,85.77,07-04-26,83.02,07-04-26,81.20,07-04-26,79.88,07-04-26,78.71,07-04-26,77.74,07-04-26,77.00,07-04-26,76.43,07-04-26,75.96,07-04-26,75.52,07-04-26,117.45,07-04-26,69.99,07-04-26,69.78,07-04-26,71.97
06-04-26,109.61,06-04-26,99.89,06-04-26,92.08,06-04-26,86.87,06-04-26,83.65,06-04-26,81.69,06-04-26,80.22,06-04-26,79.18,06-04-26,78.19,06-04-26,77.34,06-04-26,76.84,06-04-26,76.34,06-04-26,75.80,06-04-26,117.45,06-04-26,69.69,06-04-26,69.41,06-04-26,71.60
05-04-26,111.65,05-04-26,101.14,05-04-26,92.77,05-04-26,87.07,05-04-26,83.45,05-04-26,81.22,05-04-26,79.60,05-04-26,78.27,05-04-26,77.18,05-04-26,76.37,05-04-26,75.74,05-04-26,75.23,05-04-26,74.82,05-04-26,74.37,05-04-26,74.02,05-04-26,73.89,05-04-26,73.64
02-04-26,109.28,02-04-26,99.48,02-04-26,91.50,02-04-26,86.08,02-04-26,82.60,02-04-26,80.51,02-04-26,79.05,02-04-26,77.84,02-04-26,76.84,02-04-26,76.07,02-04-26,75.47,02-04-26,74.99,02-04-26,74.60,02-04-26,117.45,02-04-26,68.72,02-04-26,68.43,02-04-26,70.63
01-04-26,100.18,01-04-26,92.75,01-04-26,87.27,01-04-26,83.55,01-04-26,80.90,01-04-26,79.18,01-04-26,77.90,01-04-26,76.78,01-04-26,75.88,01-04-26,75.19,01-04-26,74.63,01-04-26,71.17,01-04-26,73.84,01-04-26,117.45,01-04-26,71.97,01-04-26,68.14,01-04-26,70.36
31-03-26,118.34,31-03-26,103.87,31-03-26,96.05,31-03-26,90.03,31-03-26,85.76,31-03-26,82.82,31-03-26,80.90,31-03-26,79.54,31-03-26,78.39,31-03-26,77.42,31-03-26,76.66,31-03-26,76.04,31-03-26,75.62,31-03-26,75.09,31-03-26,74.65,31-03-26,74.30,31-03-26,73.96
30-03-26,114.68,30-03-26,108.81,30-03-26,101.59,30-03-26,95.65,30-03-26,91.30,30-03-26,88.15,30-03-26,85.97,30-03-26,84.36,30-03-26,82.95,30-03-26,81.75,30-03-26,80.71,30-03-26,79.92,30-03-26,72.69,30-03-26,78.67,30-03-26,117.45,30-03-26,71.54,30-03-26,71.39
29-03-26,115.90,29-03-26,108.49,29-03-26,101.39,29-03-26,96.04,29-03-26,92.21,29-03-26,89.35,29-03-26,87.27,29-03-26,85.65,29-03-26,84.20,29-03-26,82.96,29-03-26,81.97,29-03-26,81.13,29-03-26,80.50,29-03-26,79.92,29-03-26,79.42,29-03-26,78.98,29-03-26,78.48
27-03-26,114.02,27-03-26,106.35,27-03-26,99.73,27-03-26,94.47,27-03-26,90.91,27-03-26,88.22,27-03-26,85.87,27-03-26,84.30,27-03-26,82.91,27-03-26,82.03,27-03-26,81.11,27-03-26,80.34,27-03-26,72.80,27-03-26,79.11,27-03-26,117.45,27-03-26,71.84,27-03-26,64.57
26-03-26,105.80,26-03-26,100.14,26-03-26,94.91,26-03-26,91.05,26-03-26,88.24,26-03-26,86.09,26-03-26,84.49,26-03-26,83.03,26-03-26,81.89,26-03-26,80.97,26-03-26,80.13,26-03-26,79.46,26-03-26,72.67,26-03-26,78.53,26-03-26,117.45,26-03-26,71.81,26-03-26,64.56
25-03-26,103.24,25-03-26,98.12,25-03-26,93.53,25-03-26,89.81,25-03-26,87.26,25-03-26,85.23,25-03-26,83.65,25-03-26,82.44,25-03-26,81.31,25-03-26,80.37,25-03-26,79.62,25-03-26,78.98,25-03-26,71.94,25-03-26,77.96,25-03-26,117.45,25-03-26,71.06,25-03-26,64.21
24-03-26,99.88,24-03-26,95.90,24-03-26,91.70,24-03-26,88.07,24-03-26,85.54,24-03-26,83.60,24-03-26,82.26,24-03-26,81.23,24-03-26,80.23,24-03-26,79.39,24-03-26,78.76,24-03-26,78.22,24-03-26,80.62,24-03-26,77.25,24-03-26,117.45,24-03-26,70.66,24-03-26,64.04
23-03-26,100.07,23-03-26,96.06,23-03-26,91.87,23-03-26,88.18,23-03-26,85.50,23-03-26,83.35,23-03-26,81.75,23-03-26,80.59,23-03-26,79.53,23-03-26,78.67,23-03-26,78.00,23-03-26,77.42,23-03-26,73.90,23-03-26,76.53,23-03-26,117.45,23-03-26,70.39,23-03-26,63.89
22-03-26,112.09,22-03-26,106.64,22-03-26,100.66,22-03-26,95.70,22-03-26,92.17,22-03-26,89.46,22-03-26,87.54,22-03-26,86.07,22-03-26,84.78,22-03-26,83.66,22-03-26,82.75,22-03-26,81.98,22-03-26,81.39,22-03-26,80.71,22-03-26,80.14,22-03-26,79.66,22-03-26,79.31
20-03-26,109.60,20-03-26,104.23,20-03-26,98.58,20-03-26,93.62,20-03-26,90.09,20-03-26,87.34,20-03-26,85.49,20-03-26,84.04,20-03-26,82.75,20-03-26,81.67,20-03-26,80.81,20-03-26,80.13,20-03-26,73.59,20-03-26,78.93,20-03-26,117.45,20-03-26,68.57,20-03-26,64.86
19-03-26,107.54,19-03-26,103.00,19-03-26,98.00,19-03-26,93.27,19-03-26,89.90,19-03-26,87.44,19-03-26,85.61,19-03-26,84.23,19-03-26,83.03,19-03-26,81.98,19-03-26,81.12,19-03-26,80.41,19-03-26,72.85,19-03-26,79.13,19-03-26,117.45,19-03-26,71.95,19-03-26,67.96
18-03-26,109.58,18-03-26,105.01,18-03-26,99.94,18-03-26,95.57,18-03-26,92.17,18-03-26,89.44,18-03-26,87.39,18-03-26,85.76,18-03-26,84.33,18-03-26,83.11,18-03-26,81.88,18-03-26,81.12,18-03-26,73.41,18-03-26,79.90,18-03-26,117.45,18-03-26,68.34,18-03-26,64.70
17-03-26,103.47,17-03-26,99.47,17-03-26,95.03,17-03-26,91.33,17-03-26,88.40,17-03-26,86.03,17-03-26,84.20,17-03-26,82.72,17-03-26,81.39,17-03-26,80.23,17-03-26,79.23,17-03-26,78.38,17-03-26,71.54,17-03-26,77.09,17-03-26,117.45,17-03-26,70.44,17-03-26,63.87
16-03-26,100.80,16-03-26,96.50,16-03-26,92.14,16-03-26,88.58,16-03-26,85.90,16-03-26,83.77,16-03-26,82.13,16-03-26,80.73,16-03-26,79.58,16-03-26,78.49,16-03-26,77.54,16-03-26,76.81,16-03-26,70.38,16-03-26,75.62,16-03-26,117.45,16-03-26,69.41,16-03-26,66.37
15-03-26,104.72,15-03-26,100.08,15-03-26,95.47,15-03-26,91.58,15-03-26,88.50,15-03-26,85.98,15-03-26,83.94,15-03-26,82.25,15-03-26,80.75,15-03-26,79.44,15-03-26,78.36,15-03-26,77.45,15-03-26,76.57,15-03-26,76.11,15-03-26,75.53,15-03-26,75.08,15-03-26,74.60
13-03-26,103.74,13-03-26,99.33,13-03-26,94.89,13-03-26,91.17,13-03-26,88.15,13-03-26,85.66,13-03-26,83.67,13-03-26,82.01,13-03-26,80.50,13-03-26,79.17,13-03-26,78.16,13-03-26,77.32,13-03-26,70.41,13-03-26,75.92,13-03-26,117.45,13-03-26,69.29,13-03-26,63.36
12-03-26,101.77,12-03-26,97.86,12-03-26,94.03,12-03-26,90.72,12-03-26,87.97,12-03-26,85.56,12-03-26,83.50,12-03-26,81.76,12-03-26,80.25,12-03-26,78.94,12-03-26,77.83,12-03-26,76.96,12-03-26,70.14,12-03-26,75.67,12-03-26,117.45,12-03-26,69.18,12-03-26,59.64
11-03-26,93.58,11-03-26,90.78,11-03-26,87.90,11-03-26,85.34,11-03-26,83.22,11-03-26,81.34,11-03-26,79.78,11-03-26,78.42,11-03-26,77.22,11-03-26,76.14,11-03-26,75.27,11-03-26,74.56,11-03-26,68.65,11-03-26,73.50,11-03-26,117.45,11-03-26,67.83,11-03-26,62.70
10-03-26,91.45,10-03-26,88.05,10-03-26,84.68,10-03-26,81.86,10-03-26,79.53,10-03-26,77.69,10-03-26,76.31,10-03-26,75.23,10-03-26,74.26,10-03-26,73.46,10-03-26,72.81,10-03-26,72.30,10-03-26,67.27,10-03-26,71.69,10-03-26,117.45,10-03-26,66.83,10-03-26,62.26
09-03-26,89.63,09-03-26,85.54,09-03-26,82.27,09-03-26,79.98,09-03-26,78.33,09-03-26,76.53,09-03-26,75.32,09-03-26,74.07,09-03-26,73.10,09-03-26,72.72,09-03-26,72.10,09-03-26,71.57,09-03-26,66.69,09-03-26,70.88,09-03-26,117.45,09-03-26,66.11,09-03-26,61.94
08-03-26,107.65,08-03-26,99.87,08-03-26,93.58,08-03-26,88.92,08-03-26,85.58,08-03-26,83.01,08-03-26,81.09,08-03-26,79.58,08-03-26,78.20,08-03-26,77.00,08-03-26,76.01,08-03-26,75.23,08-03-26,74.59,08-03-26,74.11,08-03-26,73.64,08-03-26,73.34,08-03-26,73.14
06-03-26,93.37,06-03-26,87.78,06-03-26,83.28,06-03-26,80.12,06-03-26,78.03,06-03-26,76.47,06-03-26,75.28,06-03-26,74.31,06-03-26,73.44,06-03-26,72.72,06-03-26,72.12,06-03-26,71.62,06-03-26,66.68,06-03-26,70.99,06-03-26,117.45,06-03-26,66.16,06-03-26,61.98
05-03-26,84.31,05-03-26,80.35,05-03-26,77.34,05-03-26,75.55,05-03-26,74.34,05-03-26,73.36,05-03-26,72.55,05-03-26,71.90,05-03-26,71.30,05-03-26,70.75,05-03-26,70.33,05-03-26,70.01,05-03-26,65.44,05-03-26,69.52,05-03-26,117.45,05-03-26,65.07,05-03-26,61.47
04-03-26,82.56,04-03-26,79.00,04-03-26,76.77,04-03-26,75.09,04-03-26,73.73,04-03-26,72.58,04-03-26,71.62,04-03-26,70.80,04-03-26,70.10,04-03-26,69.51,04-03-26,69.08,04-03-26,68.76,04-03-26,64.89,04-03-26,68.23,04-03-26,117.45,04-03-26,64.50,04-03-26,61.20
03-03-26,81.98,03-03-26,78.78,03-03-26,76.52,03-03-26,74.88,03-03-26,73.52,03-03-26,72.37,03-03-26,71.38,03-03-26,70.53,03-03-26,69.78,03-03-26,69.15,03-03-26,68.64,03-03-26,68.22,03-03-26,64.46,03-03-26,67.57,03-03-26,117.45,03-03-26,63.93,03-03-26,60.93
02-03-26,78.02,02-03-26,76.36,02-03-26,75.00,02-03-26,73.74,02-03-26,72.59,02-03-26,71.67,02-03-26,70.83,02-03-26,70.13,02-03-26,69.52,02-03-26,69.00,02-03-26,68.59,02-03-26,69.24,02-03-26,64.51,02-03-26,67.62,02-03-26,117.45,02-03-26,64.01,02-03-26,64.12
27-02-26,73.23,27-02-26,72.63,27-02-26,71.94,27-02-26,71.19,27-02-26,70.48,27-02-26,69.86,27-02-26,69.31,27-02-26,68.85,27-02-26,68.42,27-02-26,68.06,27-02-26,67.75,27-02-26,67.66,27-02-26,67.38,27-02-26,67.08,27-02-26,67.01,27-02-26,66.76,27-02-26,66.84
26-02-26,70.69,26-02-26,70.84,26-02-26,70.46,26-02-26,69.94,26-02-26,69.35,26-02-26,68.78,26-02-26,68.28,26-02-26,67.84,26-02-26,67.46,26-02-26,67.12,26-02-26,66.81,26-02-26,66.56,26-02-26,65.95,26-02-26,63.23,26-02-26,66.03,26-02-26,97.58,26-02-26,62.94
25-02-26,71.05,25-02-26,70.88,25-02-26,70.42,25-02-26,69.91,25-02-26,69.39,25-02-26,68.88,25-02-26,68.42,25-02-26,68.02,25-02-26,67.66,25-02-26,67.34,25-02-26,67.06,25-02-26,66.82,25-02-26,63.50,25-02-26,65.77,25-02-26,66.33,25-02-26,117.45,25-02-26,65.45
24-02-26,71.21,24-02-26,71.02,24-02-26,70.53,24-02-26,70.00,24-02-26,69.43,24-02-26,68.92,24-02-26,68.44,24-02-26,68.03,24-02-26,67.68,24-02-26,67.34,24-02-26,67.05,24-02-26,66.82,24-02-26,63.54,24-02-26,65.78,24-02-26,66.30,24-02-26,117.45,24-02-26,65.47
23-02-26,71.49,23-02-26,71.10,23-02-26,70.55,23-02-26,69.96,23-02-26,69.38,23-02-26,68.83,23-02-26,68.34,23-02-26,67.91,23-02-26,67.54,23-02-26,67.19,23-02-26,66.87,23-02-26,66.66,23-02-26,63.42,23-02-26,65.72,23-02-26,66.19,23-02-26,117.45,23-02-26,65.41
20-02-26,71.69,20-02-26,71.25,20-02-26,70.61,20-02-26,69.96,20-02-26,69.34,20-02-26,68.78,20-02-26,68.28,20-02-26,67.83,20-02-26,67.40,20-02-26,67.03,20-02-26,66.72,20-02-26,66.51,20-02-26,65.78,20-02-26,63.19,20-02-26,66.03,20-02-26,97.49,20-02-26,62.96
19-02-26,71.96,19-02-26,71.58,19-02-26,70.97,19-02-26,70.31,19-02-26,69.66,19-02-26,69.04,19-02-26,68.50,19-02-26,68.01,19-02-26,67.55,19-02-26,67.18,19-02-26,66.82,19-02-26,66.58,19-02-26,63.29,19-02-26,63.21,19-02-26,66.08,19-02-26,117.45,19-02-26,63.05
18-02-26,70.23,18-02-26,69.65,18-02-26,69.10,18-02-26,68.58,18-02-26,68.08,18-02-26,67.59,18-02-26,67.14,18-02-26,66.73,18-02-26,66.37,18-02-26,66.05,18-02-26,65.78,18-02-26,65.58,18-02-26,62.65,18-02-26,62.60,18-02-26,65.20,18-02-26,117.45,18-02-26,62.46
17-02-26,67.39,17-02-26,66.82,17-02-26,66.36,17-02-26,65.96,17-02-26,65.56,17-02-26,65.21,17-02-26,64.91,17-02-26,64.64,17-02-26,64.42,17-02-26,64.23,17-02-26,64.09,17-02-26,64.01,17-02-26,61.61,17-02-26,55.26,17-02-26,63.95,17-02-26,117.45,17-02-26,61.67
16-02-26,68.57,16-02-26,67.89,16-02-26,67.38,16-02-26,66.94,16-02-26,66.54,16-02-26,66.19,16-02-26,65.87,16-02-26,65.59,16-02-26,65.35,16-02-26,65.16,16-02-26,65.00,16-02-26,64.91,16-02-26,62.24,16-02-26,55.26,16-02-26,64.81,16-02-26,117.45,16-02-26,62.31
13-02-26,67.74,13-02-26,67.07,13-02-26,66.57,13-02-26,66.17,13-02-26,65.75,13-02-26,65.43,13-02-26,65.13,13-02-26,64.88,13-02-26,64.70,13-02-26,64.53,13-02-26,64.41,13-02-26,64.32,13-02-26,61.75,13-02-26,55.26,13-02-26,64.31,13-02-26,117.45,13-02-26,61.88
12-02-26,67.55,12-02-26,66.93,12-02-26,66.48,12-02-26,66.10,12-02-26,65.77,12-02-26,65.47,12-02-26,65.18,12-02-26,64.93,12-02-26,64.72,12-02-26,64.53,12-02-26,64.39,12-02-26,64.30,12-02-26,61.84,12-02-26,55.26,12-02-26,64.25,12-02-26,117.45,12-02-26,61.95
11-02-26,69.65,11-02-26,68.97,11-02-26,68.47,11-02-26,68.05,11-02-26,67.67,11-02-26,67.32,11-02-26,66.98,11-02-26,66.69,11-02-26,66.41,11-02-26,66.16,11-02-26,65.97,11-02-26,65.83,11-02-26,62.82,11-02-26,55.26,11-02-26,65.58,11-02-26,117.45,11-02-26,62.78
10-02-26,69.06,10-02-26,68.35,10-02-26,67.85,10-02-26,67.44,10-02-26,67.09,10-02-26,66.78,10-02-26,66.50,10-02-26,66.24,10-02-26,66.02,10-02-26,65.83,10-02-26,65.67,10-02-26,65.56,10-02-26,62.65,10-02-26,62.65,10-02-26,65.40,10-02-26,117.45,10-02-26,62.61
09-02-26,69.11,09-02-26,68.47,09-02-26,67.95,09-02-26,67.53,09-02-26,67.18,09-02-26,66.85,09-02-26,66.56,09-02-26,66.29,09-02-26,66.07,09-02-26,65.86,09-02-26,65.69,09-02-26,65.57,09-02-26,62.67,09-02-26,62.71,09-02-26,65.39,09-02-26,117.45,09-02-26,62.66
06-02-26,68.00,06-02-26,67.44,06-02-26,66.97,06-02-26,66.57,06-02-26,66.23,06-02-26,65.93,06-02-26,65.66,06-02-26,65.43,06-02-26,65.22,06-02-26,65.06,06-02-26,64.93,06-02-26,64.84,06-02-26,62.14,06-02-26,62.14,06-02-26,64.74,06-02-26,117.45,06-02-26,62.17
05-02-26,67.33,05-02-26,66.76,05-02-26,66.27,05-02-26,65.90,05-02-26,65.55,05-02-26,65.24,05-02-26,64.98,05-02-26,64.75,05-02-26,64.57,05-02-26,64.43,05-02-26,64.30,05-02-26,64.24,05-02-26,61.84,05-02-26,61.86,05-02-26,64.22,05-02-26,117.45,05-02-26,61.89
04-02-26,68.89,04-02-26,68.23,04-02-26,67.67,04-02-26,67.21,04-02-26,66.82,04-02-26,66.45,04-02-26,66.16,04-02-26,65.90,04-02-26,65.69,04-02-26,65.49,04-02-26,65.34,04-02-26,65.24,04-02-26,62.35,04-02-26,62.41,04-02-26,65.14,04-02-26,117.45,04-02-26,62.39
03-02-26,67.84,03-02-26,67.16,03-02-26,66.61,03-02-26,66.16,03-02-26,65.77,03-02-26,65.45,03-02-26,65.17,03-02-26,64.94,03-02-26,64.74,03-02-26,64.56,03-02-26,64.43,03-02-26,64.36,03-02-26,64.45,03-02-26,61.92,03-02-26,64.31,03-02-26,117.45,03-02-26,61.99
02-02-26,66.31,02-02-26,65.58,02-02-26,65.00,02-02-26,64.54,02-02-26,64.16,02-02-26,63.86,02-02-26,63.61,02-02-26,63.42,02-02-26,63.26,02-02-26,63.12,02-02-26,63.02,02-02-26,60.63,02-02-26,60.86,02-02-26,60.99,02-02-26,63.05,02-02-26,117.45,02-02-26,61.08
30-01-26,70.70,30-01-26,69.32,30-01-26,68.60,30-01-26,68.02,30-01-26,67.56,30-01-26,67.15,30-01-26,66.79,30-01-26,66.48,30-01-26,66.22,30-01-26,65.99,30-01-26,65.80,30-01-26,65.64,30-01-26,65.48,30-01-26,65.47,30-01-26,65.47,30-01-26,65.46,30-01-26,65.46
29-01-26,70.93,29-01-26,69.74,29-01-26,68.98,29-01-26,68.36,29-01-26,67.85,29-01-26,67.41,29-01-26,67.03,29-01-26,66.70,29-01-26,66.42,29-01-26,66.17,29-01-26,65.96,29-01-26,65.79,29-01-26,61.27,29-01-26,62.73,29-01-26,62.72,29-01-26,65.50,29-01-26,117.45
28-01-26,68.75,28-01-26,67.69,28-01-26,67.03,28-01-26,66.53,28-01-26,66.12,28-01-26,65.77,28-01-26,65.48,28-01-26,65.22,28-01-26,65.00,28-01-26,64.83,28-01-26,64.67,28-01-26,64.56,28-01-26,60.30,28-01-26,62.01,28-01-26,57.27,28-01-26,64.51,28-01-26,117.45
27-01-26,67.70,27-01-26,66.71,27-01-26,66.08,27-01-26,65.66,27-01-26,65.32,27-01-26,65.09,27-01-26,64.87,27-01-26,64.68,27-01-26,64.52,27-01-26,64.39,27-01-26,64.27,27-01-26,64.19,27-01-26,64.08,27-01-26,60.70,27-01-26,60.73,27-01-26,64.25,27-01-26,117.45
26-01-26,65.74,26-01-26,64.93,26-01-26,64.47,26-01-26,64.21,26-01-26,64.02,26-01-26,63.87,26-01-26,63.74,26-01-26,63.63,26-01-26,63.55,26-01-26,63.49,26-01-26,63.45,26-01-26,63.45,26-01-26,60.53,26-01-26,61.25,26-01-26,61.40,26-01-26,63.70,26-01-26,117.45
23-01-26,66.27,23-01-26,65.42,23-01-26,64.87,23-01-26,64.52,23-01-26,64.27,23-01-26,64.05,23-01-26,63.87,23-01-26,63.72,23-01-26,63.63,23-01-26,63.56,23-01-26,63.49,23-01-26,63.46,23-01-26,60.52,23-01-26,63.42,23-01-26,64.02,23-01-26,63.64,23-01-26,64.41
22-01-26,64.43,22-01-26,63.69,22-01-26,63.30,22-01-26,63.08,22-01-26,62.93,22-01-26,62.81,22-01-26,62.71,22-01-26,62.63,22-01-26,62.55,22-01-26,62.54,22-01-26,62.52,22-01-26,62.53,22-01-26,62.25,22-01-26,62.69,22-01-26,62.76,22-01-26,62.85,22-01-26,113.05
21-01-26,65.27,21-01-26,64.57,21-01-26,64.16,21-01-26,63.91,21-01-26,63.71,21-01-26,63.55,21-01-26,63.42,21-01-26,63.31,21-01-26,63.23,21-01-26,63.16,21-01-26,63.10,21-01-26,63.08,21-01-26,60.47,21-01-26,63.19,21-01-26,63.26,21-01-26,63.34,21-01-26,113.22
20-01-26,64.00,20-01-26,63.43,20-01-26,63.06,20-01-26,62.82,20-01-26,62.65,20-01-26,62.52,20-01-26,62.41,20-01-26,62.33,20-01-26,62.27,20-01-26,62.24,20-01-26,62.20,20-01-26,62.19,20-01-26,60.16,20-01-26,62.28,20-01-26,62.51,20-01-26,62.44,20-01-26,113.00
19-01-26,64.13,19-01-26,63.40,19-01-26,62.99,19-01-26,62.72,19-01-26,62.52,19-01-26,62.37,19-01-26,62.23,19-01-26,62.17,19-01-26,62.07,19-01-26,62.06,19-01-26,62.02,19-01-26,62.01,19-01-26,60.03,19-01-26,62.09,19-01-26,62.23,19-01-26,62.22,19-01-26,112.92
16-01-26,64.16,16-01-26,63.45,16-01-26,63.03,16-01-26,62.77,16-01-26,62.58,16-01-26,62.43,16-01-26,62.29,16-01-26,62.19,16-01-26,62.12,16-01-26,62.08,16-01-26,62.04,16-01-26,62.02,16-01-26,60.08,16-01-26,62.10,16-01-26,62.12,16-01-26,62.28,16-01-26,112.93
15-01-26,63.83,15-01-26,63.16,15-01-26,62.79,15-01-26,62.58,15-01-26,62.40,15-01-26,62.26,15-01-26,62.15,15-01-26,62.05,15-01-26,62.00,15-01-26,62.01,15-01-26,61.92,15-01-26,61.93,15-01-26,60.00,15-01-26,61.88,15-01-26,62.01,15-01-26,62.19,15-01-26,112.91
14-01-26,65.32,14-01-26,64.69,14-01-26,64.28,14-01-26,64.01,14-01-26,63.81,14-01-26,63.63,14-01-26,63.49,14-01-26,63.38,14-01-26,63.29,14-01-26,63.23,14-01-26,63.17,14-01-26,63.15,14-01-26,59.82,14-01-26,63.85,14-01-26,63.27,14-01-26,63.30,14-01-26,113.18
13-01-26,65.46,13-01-26,64.69,13-01-26,64.19,13-01-26,63.88,13-01-26,63.66,13-01-26,63.47,13-01-26,63.31,13-01-26,63.17,13-01-26,63.08,13-01-26,63.01,13-01-26,62.92,13-01-26,62.86,13-01-26,60.40,13-01-26,62.91,13-01-26,62.95,13-01-26,62.95,13-01-26,113.12
12-01-26,64.28,12-01-26,63.58,12-01-26,63.17,12-01-26,62.92,12-01-26,62.76,12-01-26,62.60,12-01-26,62.46,12-01-26,62.36,12-01-26,62.29,12-01-26,62.23,12-01-26,62.17,12-01-26,62.13,12-01-26,59.96,12-01-26,62.07,12-01-26,62.13,12-01-26,62.25,12-01-26,112.92
09-01-26,63.09,09-01-26,62.55,09-01-26,62.22,09-01-26,62.09,09-01-26,61.97,09-01-26,61.86,09-01-26,61.75,09-01-26,61.67,09-01-26,61.61,09-01-26,61.57,09-01-26,61.52,09-01-26,61.50,09-01-26,59.96,09-01-26,61.40,09-01-26,61.44,09-01-26,61.69,09-01-26,112.79
08-01-26,62.70,08-01-26,62.15,08-01-26,61.84,08-01-26,61.67,08-01-26,61.57,08-01-26,61.51,08-01-26,61.44,08-01-26,61.40,08-01-26,61.38,08-01-26,61.37,08-01-26,61.34,08-01-26,61.34,08-01-26,59.96,08-01-26,61.52,08-01-26,61.53,08-01-26,61.58,08-01-26,112.78
07-01-26,60.38,07-01-26,59.96,07-01-26,59.75,07-01-26,59.66,07-01-26,59.61,07-01-26,59.58,07-01-26,59.55,07-01-26,59.54,07-01-26,59.56,07-01-26,59.60,07-01-26,59.61,07-01-26,59.64,07-01-26,61.40,07-01-26,59.69,07-01-26,59.84,07-01-26,60.00,07-01-26,118.25
06-01-26,60.53,06-01-26,60.16,06-01-26,59.96,06-01-26,59.86,06-01-26,59.81,06-01-26,59.79,06-01-26,59.77,06-01-26,59.78,06-01-26,59.81,06-01-26,59.85,06-01-26,59.87,06-01-26,59.91,06-01-26,61.40,06-01-26,60.04,06-01-26,60.18,06-01-26,60.25,06-01-26,112.45
05-01-26,61.80,05-01-26,61.41,05-01-26,61.20,05-01-26,61.10,05-01-26,61.03,05-01-26,60.97,05-01-26,60.91,05-01-26,60.84,05-01-26,60.82,05-01-26,60.82,05-01-26,60.79,05-01-26,60.79,05-01-26,60.47,05-01-26,60.85,05-01-26,60.99,05-01-26,61.04,05-01-26,112.66
02-01-26,60.84,02-01-26,60.49,02-01-26,60.31,02-01-26,60.27,02-01-26,60.27,02-01-26,60.27,02-01-26,60.26,02-01-26,60.28,02-01-26,60.31,02-01-26,60.37,02-01-26,60.38,02-01-26,60.42,02-01-26,61.52,02-01-26,60.51,02-01-26,60.78,02-01-26,60.79,02-01-26,112.58
31-12-25,60.91,31-12-25,60.53,31-12-25,60.35,31-12-25,60.30,31-12-25,60.27,31-12-25,60.23,31-12-25,60.21,31-12-25,60.22,31-12-25,60.24,31-12-25,60.27,31-12-25,60.29,31-12-25,60.79,31-12-25,61.44,31-12-25,60.38,31-12-25,60.51,31-12-25,60.65,31-12-25,112.55
30-12-25,61.29,30-12-25,61.00,30-12-25,60.84,30-12-25,60.78,30-12-25,60.75,30-12-25,60.72,30-12-25,60.69,30-12-25,60.70,30-12-25,60.71,30-12-25,60.74,30-12-25,60.75,30-12-25,60.73,30-12-25,60.76,30-12-25,61.09,30-12-25,61.19,30-12-25,61.12,30-12-25,61.13
29-12-25,61.68,29-12-25,61.23,29-12-25,60.89,29-12-25,60.72,29-12-25,60.67,29-12-25,60.65,29-12-25,60.63,29-12-25,60.61,29-12-25,60.62,29-12-25,60.67,29-12-25,60.71,29-12-25,60.73,29-12-25,60.51,29-12-25,61.87,29-12-25,60.99,29-12-25,61.03,29-12-25,61.14
26-12-25,60.74,26-12-25,60.35,26-12-25,60.05,26-12-25,59.89,26-12-25,59.86,26-12-25,59.86,26-12-25,59.87,26-12-25,59.88,26-12-25,59.95,26-12-25,59.99,26-12-25,60.00,26-12-25,60.02,26-12-25,59.89,26-12-25,61.38,26-12-25,60.16,26-12-25,60.34,26-12-25,60.53
24-12-25,62.29,24-12-25,61.85,24-12-25,61.55,24-12-25,61.42,24-12-25,61.36,24-12-25,61.35,24-12-25,61.32,24-12-25,61.30,24-12-25,61.29,24-12-25,61.30,24-12-25,61.31,24-12-25,61.31,24-12-25,60.98,24-12-25,62.18,24-12-25,61.41,24-12-25,61.52,24-12-25,61.68
23-12-25,62.48,23-12-25,61.97,23-12-25,61.58,23-12-25,61.41,23-12-25,61.32,23-12-25,61.29,23-12-25,61.25,23-12-25,61.21,23-12-25,61.19,23-12-25,61.18,23-12-25,61.18,23-12-25,61.17,23-12-25,61.21,23-12-25,62.11,23-12-25,61.33,23-12-25,61.36,23-12-25,61.50
22-12-25,62.03,22-12-25,61.53,22-12-25,61.23,22-12-25,61.08,22-12-25,61.01,22-12-25,60.99,22-12-25,60.95,22-12-25,60.92,22-12-25,60.90,22-12-25,60.90,22-12-25,60.92,22-12-25,60.91,22-12-25,60.97,22-12-25,61.00,22-12-25,61.09,22-12-25,61.27,22-12-25,61.30
19-12-25,60.48,19-12-25,60.07,19-12-25,59.84,19-12-25,59.75,19-12-25,59.74,19-12-25,59.78,19-12-25,59.79,19-12-25,59.81,19-12-25,59.83,19-12-25,59.89,19-12-25,59.95,19-12-25,59.98,19-12-25,60.02,19-12-25,60.16,19-12-25,60.28,19-12-25,61.00,19-12-25,60.59
18-12-25,59.74,18-12-25,59.44,18-12-25,59.30,18-12-25,59.27,18-12-25,59.30,18-12-25,59.35,18-12-25,59.39,18-12-25,59.41,18-12-25,59.45,18-12-25,59.49,18-12-25,59.56,18-12-25,59.61,18-12-25,59.70,18-12-25,59.82,18-12-25,59.95,18-12-25,60.88,18-12-25,60.23
17-12-25,60.67,17-12-25,60.35,17-12-25,60.16,17-12-25,60.09,17-12-25,60.12,17-12-25,60.16,17-12-25,60.18,17-12-25,60.19,17-12-25,60.20,17-12-25,60.23,17-12-25,60.28,17-12-25,60.33,17-12-25,59.86,17-12-25,60.40,17-12-25,60.53,17-12-25,61.11,17-12-25,60.86
16-12-25,58.83,16-12-25,58.59,16-12-25,58.50,16-12-25,58.51,16-12-25,58.60,16-12-25,58.71,16-12-25,58.80,16-12-25,58.87,16-12-25,58.93,16-12-25,59.02,16-12-25,59.11,16-12-25,59.19,16-12-25,59.25,16-12-25,59.52,16-12-25,59.67,16-12-25,60.80,16-12-25,59.93
15-12-25,60.37,15-12-25,60.09,15-12-25,59.95,15-12-25,59.92,15-12-25,59.98,15-12-25,60.05,15-12-25,60.12,15-12-25,60.15,15-12-25,60.20,15-12-25,60.32,15-12-25,60.40,15-12-25,60.47,15-12-25,60.56,15-12-25,60.73,15-12-25,60.85,15-12-25,61.19,15-12-25,61.10
12-12-25,61.17,12-12-25,60.88,12-12-25,60.69,12-12-25,60.60,12-12-25,60.61,12-12-25,60.63,12-12-25,60.64,12-12-25,60.63,12-12-25,60.63,12-12-25,60.65,12-12-25,60.70,12-12-25,60.72,12-12-25,60.95,12-12-25,60.75,12-12-25,60.84,12-12-25,61.06,12-12-25,61.21
11-12-25,61.55,11-12-25,61.31,11-12-25,61.15,11-12-25,61.08,11-12-25,61.09,11-12-25,61.11,11-12-25,61.10,11-12-25,61.09,11-12-25,61.08,11-12-25,61.09,11-12-25,61.18,11-12-25,61.19,11-12-25,61.59,11-12-25,61.29,11-12-25,61.38,11-12-25,61.50,11-12-25,61.63
10-12-25,62.53,10-12-25,62.17,10-12-25,61.94,10-12-25,61.85,10-12-25,61.81,10-12-25,61.81,10-12-25,61.78,10-12-25,61.75,10-12-25,61.71,10-12-25,61.72,10-12-25,61.73,10-12-25,61.73,10-12-25,61.88,10-12-25,61.94,10-12-25,62.01,10-12-25,62.12,10-12-25,62.05
09-12-25,62.12,09-12-25,61.84,09-12-25,61.65,09-12-25,61.56,09-12-25,61.52,09-12-25,61.51,09-12-25,61.49,09-12-25,61.46,09-12-25,61.44,09-12-25,61.44,09-12-25,61.48,09-12-25,61.49,09-12-25,61.50,09-12-25,61.56,09-12-25,61.65,09-12-25,61.89,09-12-25,61.85
08-12-25,62.52,08-12-25,62.19,08-12-25,61.97,08-12-25,61.86,08-12-25,61.81,08-12-25,61.77,08-12-25,61.73,08-12-25,61.68,08-12-25,61.65,08-12-25,61.64,08-12-25,61.66,08-12-25,61.66,08-12-25,61.85,08-12-25,61.74,08-12-25,61.81,08-12-25,61.85,08-12-25,61.98
05-12-25,63.82,05-12-25,63.46,05-12-25,63.21,05-12-25,63.06,05-12-25,62.97,05-12-25,62.90,05-12-25,62.82,05-12-25,62.75,05-12-25,62.68,05-12-25,62.64,05-12-25,62.67,05-12-25,62.65,05-12-25,62.55,05-12-25,62.95,05-12-25,62.64,05-12-25,62.73,05-12-25,62.85
04-12-25,63.38,04-12-25,62.99,04-12-25,62.73,04-12-25,62.60,04-12-25,62.53,04-12-25,62.47,04-12-25,62.43,04-12-25,62.36,04-12-25,62.31,04-12-25,62.29,04-12-25,62.29,04-12-25,62.29,04-12-25,62.20,04-12-25,62.62,04-12-25,62.31,04-12-25,62.39,04-12-25,62.54
03-12-25,62.75,03-12-25,62.35,03-12-25,62.12,03-12-25,62.02,03-12-25,61.99,03-12-25,61.96,03-12-25,61.93,03-12-25,61.89,03-12-25,61.85,03-12-25,61.84,03-12-25,61.86,03-12-25,61.86,03-12-25,62.34,03-12-25,62.44,03-12-25,62.05,03-12-25,62.13,03-12-25,62.19
02-12-25,62.36,02-12-25,61.95,02-12-25,61.73,02-12-25,61.63,02-12-25,61.62,02-12-25,61.61,02-12-25,61.60,02-12-25,61.57,02-12-25,61.55,02-12-25,61.55,02-12-25,61.59,02-12-25,61.60,02-12-25,61.66,02-12-25,62.15,02-12-25,61.86,02-12-25,61.92,02-12-25,62.01
01-12-25,63.34,01-12-25,62.92,01-12-25,62.68,01-12-25,62.58,01-12-25,62.57,01-12-25,62.55,01-12-25,62.52,01-12-25,62.52,01-12-25,62.49,01-12-25,62.49,01-12-25,62.51,01-12-25,62.50,01-12-25,62.45,01-12-25,62.93,01-12-25,62.74,01-12-25,62.67,01-12-25,62.86
28-11-25,63.20,28-11-25,62.26,28-11-25,61.86,28-11-25,61.63,28-11-25,61.54,28-11-25,61.54,28-11-25,61.53,28-11-25,61.53,28-11-25,61.51,28-11-25,61.50,28-11-25,61.51,28-11-25,61.53,28-11-25,62.28,28-11-25,62.37,28-11-25,62.72,28-11-25,62.54,28-11-25,62.64
27-11-25,63.41,27-11-25,62.92,27-11-25,62.53,27-11-25,62.31,27-11-25,62.24,27-11-25,62.26,27-11-25,62.26,27-11-25,62.26,27-11-25,62.25,27-11-25,62.25,27-11-25,62.27,27-11-25,62.31,27-11-25,62.36,27-11-25,62.37,27-11-25,62.44,27-11-25,62.54,27-11-25,62.64
26-11-25,63.08,26-11-25,62.48,26-11-25,62.12,26-11-25,61.94,26-11-25,61.89,26-11-25,61.93,26-11-25,61.96,26-11-25,61.96,26-11-25,61.96,26-11-25,61.96,26-11-25,61.97,26-11-25,62.02,26-11-25,61.98,26-11-25,62.05,26-11-25,62.45,26-11-25,62.20,26-11-25,62.33
25-11-25,62.60,25-11-25,61.92,25-11-25,61.59,25-11-25,61.45,25-11-25,61.44,25-11-25,61.49,25-11-25,61.53,25-11-25,61.53,25-11-25,61.53,25-11-25,61.53,25-11-25,61.56,25-11-25,61.60,25-11-25,61.55,25-11-25,61.62,25-11-25,61.72,25-11-25,61.83,25-11-25,61.91
24-11-25,63.38,24-11-25,62.74,24-11-25,62.38,24-11-25,62.18,24-11-25,62.11,24-11-25,62.11,24-11-25,62.10,24-11-25,62.09,24-11-25,62.06,24-11-25,62.04,24-11-25,62.04,24-11-25,62.06,24-11-25,62.12,24-11-25,62.14,24-11-25,62.19,24-11-25,62.26,24-11-25,62.35
21-11-25,62.42,21-11-25,61.81,21-11-25,61.45,21-11-25,61.28,21-11-25,61.23,21-11-25,61.26,21-11-25,61.28,21-11-25,61.25,21-11-25,61.25,21-11-25,61.21,21-11-25,61.25,21-11-25,61.31,21-11-25,61.38,21-11-25,61.25,21-11-25,61.67,21-11-25,61.44,21-11-25,61.72
20-11-25,63.10,20-11-25,62.55,20-11-25,62.19,20-11-25,61.97,20-11-25,61.90,20-11-25,61.97,20-11-25,61.95,20-11-25,61.92,20-11-25,61.75,20-11-25,61.72,20-11-25,61.71,20-11-25,61.73,20-11-25,61.79,20-11-25,61.78,20-11-25,61.88,20-11-25,61.96,20-11-25,62.01
19-11-25,63.68,19-11-25,63.17,19-11-25,62.83,19-11-25,62.63,19-11-25,62.55,19-11-25,62.51,19-11-25,62.47,19-11-25,62.41,19-11-25,62.34,19-11-25,62.29,19-11-25,62.25,19-11-25,62.24,19-11-25,62.13,19-11-25,62.12,19-11-25,62.17,19-11-25,62.25,19-11-25,62.34
18-11-25,64.78,18-11-25,64.33,18-11-25,64.00,18-11-25,63.77,18-11-25,63.67,18-11-25,63.63,18-11-25,63.58,18-11-25,63.51,18-11-25,63.43,18-11-25,63.37,18-11-25,63.32,18-11-25,63.30,18-11-25,63.26,18-11-25,63.23,18-11-25,63.26,18-11-25,63.31,18-11-25,63.35
17-11-25,64.01,17-11-25,63.59,17-11-25,63.30,17-11-25,63.13,17-11-25,63.07,17-11-25,63.06,17-11-25,63.02,17-11-25,62.98,17-11-25,62.92,17-11-25,62.87,17-11-25,62.84,17-11-25,62.84,17-11-25,62.93,17-11-25,62.72,17-11-25,62.95,17-11-25,63.02,17-11-25,63.04
14-11-25,64.27,14-11-25,63.78,14-11-25,63.51,14-11-25,63.34,14-11-25,63.28,14-11-25,63.26,14-11-25,63.23,14-11-25,63.16,14-11-25,63.10,14-11-25,62.98,14-11-25,62.95,14-11-25,62.94,14-11-25,62.97,14-11-25,62.92,14-11-25,62.97,14-11-25,63.02,14-11-25,63.06
13-11-25,63.13,13-11-25,62.74,13-11-25,62.50,13-11-25,62.41,13-11-25,62.40,13-11-25,62.41,13-11-25,62.41,13-11-25,62.39,13-11-25,62.37,13-11-25,62.36,13-11-25,62.34,13-11-25,62.35,13-11-25,62.19,13-11-25,62.18,13-11-25,63.02,13-11-25,62.31,13-11-25,62.34
12-11-25,62.69,12-11-25,62.42,12-11-25,62.27,12-11-25,62.22,12-11-25,62.23,12-11-25,62.24,12-11-25,62.26,12-11-25,62.24,12-11-25,62.23,12-11-25,62.22,12-11-25,62.22,12-11-25,62.22,12-11-25,62.27,12-11-25,62.24,12-11-25,63.05,12-11-25,62.39,12-11-25,62.42
11-11-25,65.11,11-11-25,64.83,11-11-25,64.67,11-11-25,64.59,11-11-25,64.53,11-11-25,64.51,11-11-25,64.43,11-11-25,64.37,11-11-25,64.33,11-11-25,64.26,11-11-25,64.20,11-11-25,64.20,11-11-25,64.14,11-11-25,64.12,11-11-25,63.64,11-11-25,60.60,11-11-25,63.75
10-11-25,63.98,10-11-25,63.74,10-11-25,63.61,10-11-25,63.56,10-11-25,63.56,10-11-25,63.56,10-11-25,63.55,10-11-25,63.52,10-11-25,63.49,10-11-25,63.47,10-11-25,63.46,10-11-25,63.48,10-11-25,63.52,10-11-25,63.50,10-11-25,63.54,10-11-25,63.60,10-11-25,63.65
07-11-25,63.70,07-11-25,63.44,07-11-25,63.28,07-11-25,63.23,07-11-25,63.23,07-11-25,63.27,07-11-25,63.27,07-11-25,63.27,07-11-25,63.26,07-11-25,63.26,07-11-25,63.30,07-11-25,63.33,07-11-25,63.30,07-11-25,63.33,07-11-25,63.36,07-11-25,63.44,07-11-25,63.56
06-11-25,63.57,06-11-25,63.25,06-11-25,63.05,06-11-25,62.99,06-11-25,63.00,06-11-25,63.03,06-11-25,63.05,06-11-25,63.05,06-11-25,63.05,06-11-25,63.06,06-11-25,63.09,06-11-25,63.13,06-11-25,63.13,06-11-25,63.00,06-11-25,63.20,06-11-25,63.29,06-11-25,63.38
05-11-25,63.55,05-11-25,63.27,05-11-25,63.12,05-11-25,63.06,05-11-25,63.08,05-11-25,63.11,05-11-25,63.13,05-11-25,63.12,05-11-25,63.13,05-11-25,63.14,05-11-25,63.17,05-11-25,63.21,05-11-25,63.15,05-11-25,63.14,05-11-25,63.20,05-11-25,63.45,05-11-25,63.49
04-11-25,64.32,04-11-25,63.95,04-11-25,63.73,04-11-25,63.65,04-11-25,63.64,04-11-25,63.62,04-11-25,63.64,04-11-25,63.64,04-11-25,63.62,04-11-25,63.62,04-11-25,63.64,04-11-25,63.68,04-11-25,63.68,04-11-25,63.85,04-11-25,63.74,04-11-25,63.81,04-11-25,63.91
03-11-25,64.86,03-11-25,64.39,03-11-25,64.12,03-11-25,63.98,03-11-25,63.93,03-11-25,63.92,03-11-25,63.91,03-11-25,63.89,03-11-25,63.87,03-11-25,63.85,03-11-25,63.86,03-11-25,63.91,03-11-25,63.91,03-11-25,63.92,03-11-25,63.97,03-11-25,64.04,03-11-25,64.08
31-10-25,65.06,31-10-25,64.74,31-10-25,64.17,31-10-25,63.82,31-10-25,63.67,31-10-25,63.63,31-10-25,63.64,31-10-25,63.64,31-10-25,63.63,31-10-25,63.63,31-10-25,63.62,31-10-25,63.65,31-10-25,63.69,31-10-25,63.66,31-10-25,63.73,31-10-25,63.80,31-10-25,63.95
30-10-25,64.74,30-10-25,64.03,30-10-25,63.55,30-10-25,63.31,30-10-25,63.22,30-10-25,63.25,30-10-25,63.30,30-10-25,63.33,30-10-25,63.34,30-10-25,63.35,30-10-25,63.36,30-10-25,63.40,30-10-25,63.46,30-10-25,63.51,30-10-25,63.53,30-10-25,63.72,30-10-25,63.68
29-10-25,64.86,29-10-25,64.28,29-10-25,63.80,29-10-25,63.58,29-10-25,63.50,29-10-25,63.51,29-10-25,63.55,29-10-25,63.56,29-10-25,63.56,29-10-25,63.56,29-10-25,63.55,29-10-25,63.58,29-10-25,63.63,29-10-25,63.65,29-10-25,63.67,29-10-25,63.73,29-10-25,63.82
28-10-25,64.44,28-10-25,63.83,28-10-25,63.44,28-10-25,63.26,28-10-25,63.19,28-10-25,63.21,28-10-25,63.25,28-10-25,63.28,28-10-25,63.29,28-10-25,63.28,28-10-25,63.27,28-10-25,63.29,28-10-25,63.34,28-10-25,63.28,28-10-25,63.34,28-10-25,63.37,28-10-25,63.48
27-10-25,65.74,27-10-25,65.03,27-10-25,64.43,27-10-25,64.09,27-10-25,63.92,27-10-25,63.86,27-10-25,63.82,27-10-25,63.81,27-10-25,63.76,27-10-25,63.72,27-10-25,63.68,27-10-25,63.68,27-10-25,63.72,27-10-25,63.75,27-10-25,63.78,27-10-25,62.97,27-10-25,63.88
26-10-25,66.49,26-10-25,65.74,26-10-25,65.05,26-10-25,64.62,26-10-25,64.38,26-10-25,64.26,26-10-25,64.18,26-10-25,64.10,26-10-25,64.02,26-10-25,63.94,26-10-25,63.87,26-10-25,63.84,26-10-25,63.87,26-10-25,63.59,26-10-25,63.56,26-10-25,62.92,26-10-25,63.70
24-10-25,65.66,24-10-25,64.88,24-10-25,64.25,24-10-25,63.85,24-10-25,63.64,24-10-25,63.54,24-10-25,63.48,24-10-25,63.40,24-10-25,63.34,24-10-25,63.28,24-10-25,63.24,24-10-25,63.23,24-10-25,63.26,24-10-25,63.59,24-10-25,63.56,24-10-25,62.92,24-10-25,63.70
23-10-25,65.95,23-10-25,65.25,23-10-25,64.61,23-10-25,64.19,23-10-25,63.98,23-10-25,63.88,23-10-25,63.81,23-10-25,63.72,23-10-25,63.67,23-10-25,63.59,23-10-25,63.54,23-10-25,63.53,23-10-25,63.53,23-10-25,63.35,23-10-25,63.33,23-10-25,63.38,23-10-25,63.44
22-10-25,64.37,22-10-25,63.91,22-10-25,63.55,22-10-25,63.38,22-10-25,63.34,22-10-25,63.39,22-10-25,63.44,22-10-25,63.47,22-10-25,63.48,22-10-25,63.50,22-10-25,63.51,22-10-25,63.55,22-10-25,63.60,22-10-25,63.10,22-10-25,63.11,22-10-25,63.22,22-10-25,63.31
21-10-25,61.66,21-10-25,61.37,21-10-25,61.27,21-10-25,61.28,21-10-25,61.39,21-10-25,61.53,21-10-25,61.67,21-10-25,61.77,21-10-25,61.85,21-10-25,61.91,21-10-25,61.96,21-10-25,62.03,21-10-25,62.12,21-10-25,62.08,21-10-25,62.17,21-10-25,62.23,21-10-25,62.38
20-10-25,60.93,20-10-25,60.79,20-10-25,60.77,20-10-25,60.84,20-10-25,60.99,20-10-25,61.17,20-10-25,61.33,20-10-25,61.46,20-10-25,61.58,20-10-25,61.68,20-10-25,61.76,20-10-25,61.86,20-10-25,61.95,20-10-25,62.00,20-10-25,62.05,20-10-25,62.18,20-10-25,62.31
19-10-25,61.06,19-10-25,60.92,19-10-25,60.87,19-10-25,60.92,19-10-25,61.06,19-10-25,61.23,19-10-25,61.39,19-10-25,61.51,19-10-25,61.62,19-10-25,61.71,19-10-25,61.79,19-10-25,61.89,19-10-25,62.00,19-10-25,62.21,19-10-25,61.58,19-10-25,62.17,19-10-25,62.51
17-10-25,61.34,17-10-25,61.16,17-10-25,61.09,17-10-25,61.13,17-10-25,61.25,17-10-25,61.41,17-10-25,61.58,17-10-25,61.69,17-10-25,61.80,17-10-25,61.89,17-10-25,61.96,17-10-25,62.05,17-10-25,62.18,17-10-25,62.21,17-10-25,61.58,17-10-25,62.17,17-10-25,62.51
16-10-25,61.02,16-10-25,60.75,16-10-25,60.63,16-10-25,60.64,16-10-25,60.74,16-10-25,60.89,16-10-25,61.01,16-10-25,61.10,16-10-25,61.18,16-10-25,61.25,16-10-25,61.31,16-10-25,61.40,16-10-25,61.48,16-10-25,61.41,16-10-25,61.50,16-10-25,61.78,16-10-25,61.90
15-10-25,62.46,15-10-25,62.12,15-10-25,61.96,15-10-25,61.94,15-10-25,62.03,15-10-25,62.13,15-10-25,62.23,15-10-25,62.29,15-10-25,62.35,15-10-25,62.41,15-10-25,62.46,15-10-25,62.53,15-10-25,62.62,15-10-25,62.62,15-10-25,62.70,15-10-25,62.76,15-10-25,62.88
14-10-25,62.29,14-10-25,61.95,14-10-25,61.79,14-10-25,61.80,14-10-25,61.88,14-10-25,62.00,14-10-25,62.09,14-10-25,62.16,14-10-25,62.23,14-10-25,62.29,14-10-25,62.36,14-10-25,62.44,14-10-25,62.53,14-10-25,62.53,14-10-25,62.62,14-10-25,62.67,14-10-25,62.79
13-10-25,63.41,13-10-25,63.01,13-10-25,62.81,13-10-25,62.76,13-10-25,62.80,13-10-25,62.88,13-10-25,62.96,13-10-25,63.01,13-10-25,63.06,13-10-25,63.11,13-10-25,63.15,13-10-25,63.22,13-10-25,63.29,13-10-25,63.35,13-10-25,63.41,13-10-25,63.48,13-10-25,63.58
12-10-25,63.44,12-10-25,62.95,12-10-25,62.70,12-10-25,62.59,12-10-25,62.59,12-10-25,62.64,12-10-25,62.68,12-10-25,62.69,12-10-25,62.72,12-10-25,62.75,12-10-25,62.77,12-10-25,62.85,12-10-25,62.91,12-10-25,62.39,12-10-25,62.27,12-10-25,62.52,12-10-25,62.63
10-10-25,62.08,10-10-25,61.64,10-10-25,61.44,10-10-25,61.39,10-10-25,61.42,10-10-25,61.48,10-10-25,61.55,10-10-25,61.61,10-10-25,61.67,10-10-25,61.74,10-10-25,61.78,10-10-25,61.87,10-10-25,61.96,10-10-25,62.39,10-10-25,62.27,10-10-25,62.52,10-10-25,62.63
09-10-25,65.20,09-10-25,64.72,09-10-25,64.45,09-10-25,64.34,09-10-25,64.31,09-10-25,64.33,09-10-25,64.34,09-10-25,64.34,09-10-25,64.32,09-10-25,64.31,09-10-25,64.30,09-10-25,64.31,09-10-25,64.34,09-10-25,64.24,09-10-25,64.26,09-10-25,64.28,09-10-25,64.34
08-10-25,66.07,08-10-25,65.49,08-10-25,65.14,08-10-25,64.99,08-10-25,64.94,08-10-25,64.92,08-10-25,64.91,08-10-25,64.86,08-10-25,64.83,08-10-25,64.79,08-10-25,64.76,08-10-25,64.76,08-10-25,64.77,08-10-25,64.91,08-10-25,64.87,08-10-25,64.92,08-10-25,64.95
07-10-25,65.75,07-10-25,65.21,07-10-25,64.88,07-10-25,64.73,07-10-25,64.69,07-10-25,64.69,07-10-25,64.69,07-10-25,64.68,07-10-25,64.66,07-10-25,64.65,07-10-25,64.62,07-10-25,64.65,07-10-25,64.67,07-10-25,64.61,07-10-25,64.65,07-10-25,64.65,07-10-25,64.72
06-10-25,65.51,06-10-25,65.10,06-10-25,64.86,06-10-25,64.73,06-10-25,64.72,06-10-25,64.72,06-10-25,64.74,06-10-25,64.73,06-10-25,64.71,06-10-25,64.70,06-10-25,64.68,06-10-25,64.69,06-10-25,64.72,06-10-25,64.64,06-10-25,64.66,06-10-25,64.69,06-10-25,64.75
05-10-25,65.29,05-10-25,64.91,05-10-25,64.65,05-10-25,64.53,05-10-25,64.49,05-10-25,64.48,05-10-25,64.47,05-10-25,64.45,05-10-25,64.43,05-10-25,64.41,05-10-25,64.37,05-10-25,64.39,05-10-25,64.42,05-10-25,63.91,05-10-25,63.90,05-10-25,63.97,05-10-25,64.03
03-10-25,64.38,03-10-25,64.04,03-10-25,63.83,03-10-25,63.70,03-10-25,63.69,03-10-25,63.71,03-10-25,63.74,03-10-25,63.74,03-10-25,63.74,03-10-25,63.73,03-10-25,63.73,03-10-25,63.75,03-10-25,63.78,03-10-25,63.91,03-10-25,63.90,03-10-25,63.97,03-10-25,64.03
02-10-25,64.33,02-10-25,64.01,02-10-25,63.82,02-10-25,63.74,02-10-25,63.74,02-10-25,63.75,02-10-25,63.79,02-10-25,63.79,02-10-25,63.79,02-10-25,63.79,02-10-25,63.78,02-10-25,63.81,02-10-25,63.85,02-10-25,63.81,02-10-25,63.85,02-10-25,63.86,02-10-25,63.94
01-10-25,65.44,01-10-25,65.12,01-10-25,64.87,01-10-25,64.75,01-10-25,64.70,01-10-25,64.69,01-10-25,64.67,01-10-25,64.65,01-10-25,64.59,01-10-25,64.59,01-10-25,64.54,01-10-25,87.20,01-10-25,64.58,01-10-25,64.59,01-10-25,64.41,01-10-25,64.60,01-10-25,64.66
30-09-25,67.04,30-09-25,66.04,30-09-25,65.63,30-09-25,65.32,30-09-25,65.15,30-09-25,65.06,30-09-25,65.02,30-09-25,64.99,30-09-25,64.94,30-09-25,64.89,30-09-25,64.84,30-09-25,64.81,30-09-25,64.84,30-09-25,64.83,30-09-25,64.29,30-09-25,62.71,30-09-25,65.00
29-09-25,67.63,29-09-25,66.77,29-09-25,66.37,29-09-25,66.06,29-09-25,65.88,29-09-25,65.79,29-09-25,65.73,29-09-25,65.67,29-09-25,65.57,29-09-25,65.53,29-09-25,65.48,29-09-25,65.42,29-09-25,94.97,29-09-25,65.40,29-09-25,65.49,29-09-25,65.37,29-09-25,65.34
28-09-25,69.56,28-09-25,68.70,28-09-25,68.16,28-09-25,67.76,28-09-25,67.52,28-09-25,67.38,28-09-25,67.27,28-09-25,67.18,28-09-25,67.07,28-09-25,66.94,28-09-25,66.86,28-09-25,66.77,28-09-25,95.42,28-09-25,66.68,28-09-25,66.73,28-09-25,66.54,28-09-25,66.47
26-09-25,69.76,26-09-25,68.82,26-09-25,68.27,26-09-25,67.86,26-09-25,67.60,26-09-25,67.45,26-09-25,67.36,26-09-25,67.26,26-09-25,67.15,26-09-25,67.03,26-09-25,66.93,26-09-25,66.84,26-09-25,95.42,26-09-25,66.72,26-09-25,66.73,26-09-25,66.54,26-09-25,66.47
25-09-25,69.66,25-09-25,68.82,25-09-25,68.26,25-09-25,67.84,25-09-25,67.57,25-09-25,67.41,25-09-25,67.31,25-09-25,67.20,25-09-25,67.07,25-09-25,66.94,25-09-25,66.82,25-09-25,66.72,25-09-25,95.37,25-09-25,66.59,25-09-25,66.45,25-09-25,66.36,25-09-25,66.49
24-09-25,69.06,24-09-25,68.25,24-09-25,67.72,24-09-25,67.31,24-09-25,67.06,24-09-25,66.92,24-09-25,66.81,24-09-25,66.70,24-09-25,66.57,24-09-25,66.44,24-09-25,66.34,24-09-25,66.25,24-09-25,95.24,24-09-25,66.12,24-09-25,66.08,24-09-25,65.99,24-09-25,65.80
23-09-25,67.84,23-09-25,67.17,23-09-25,66.69,23-09-25,66.38,23-09-25,66.22,23-09-25,66.14,23-09-25,66.08,23-09-25,66.01,23-09-25,65.95,23-09-25,65.86,23-09-25,65.80,23-09-25,65.76,23-09-25,95.11,23-09-25,65.72,23-09-25,65.75,23-09-25,65.67,23-09-25,65.70
22-09-25,66.60,22-09-25,66.01,22-09-25,65.60,22-09-25,65.36,22-09-25,65.25,22-09-25,65.20,22-09-25,65.18,22-09-25,65.14,22-09-25,65.11,22-09-25,65.05,22-09-25,65.01,22-09-25,64.99,22-09-25,94.84,22-09-25,64.99,22-09-25,65.09,22-09-25,64.93,22-09-25,65.13
21-09-25,66.84,21-09-25,66.21,21-09-25,65.76,21-09-25,65.49,21-09-25,65.35,21-09-25,65.29,21-09-25,65.26,21-09-25,65.21,21-09-25,65.16,21-09-25,65.11,21-09-25,65.06,21-09-25,65.03,21-09-25,94.81,21-09-25,65.04,21-09-25,64.86,21-09-25,64.87,21-09-25,64.88
19-09-25,66.64,19-09-25,66.00,19-09-25,65.57,19-09-25,65.30,19-09-25,65.16,19-09-25,65.10,19-09-25,65.06,19-09-25,65.04,19-09-25,64.98,19-09-25,64.94,19-09-25,64.88,19-09-25,64.85,19-09-25,94.81,19-09-25,64.85,19-09-25,64.86,19-09-25,64.87,19-09-25,64.88
18-09-25,67.50,18-09-25,66.98,18-09-25,66.58,18-09-25,66.31,18-09-25,66.16,18-09-25,66.08,18-09-25,66.03,18-09-25,65.97,18-09-25,65.91,18-09-25,65.85,18-09-25,65.80,18-09-25,65.77,18-09-25,65.33,18-09-25,65.74,18-09-25,65.70,18-09-25,65.66,18-09-25,65.68
17-09-25,67.92,17-09-25,67.43,17-09-25,67.04,17-09-25,66.76,17-09-25,66.60,17-09-25,66.50,17-09-25,66.45,17-09-25,66.38,17-09-25,66.31,17-09-25,66.24,17-09-25,66.18,17-09-25,66.11,17-09-25,65.75,17-09-25,66.08,17-09-25,65.87,17-09-25,65.97,17-09-25,66.00
16-09-25,68.50,16-09-25,68.05,16-09-25,67.66,16-09-25,67.38,16-09-25,67.21,16-09-25,67.12,16-09-25,67.05,16-09-25,66.99,16-09-25,66.92,16-09-25,66.85,16-09-25,66.80,16-09-25,66.75,16-09-25,95.42,16-09-25,66.72,16-09-25,66.51,16-09-25,66.62,16-09-25,66.62
15-09-25,67.46,15-09-25,67.03,15-09-25,66.67,15-09-25,66.43,15-09-25,66.31,15-09-25,66.23,15-09-25,66.19,15-09-25,66.14,15-09-25,66.09,15-09-25,66.03,15-09-25,65.99,15-09-25,65.97,15-09-25,95.16,15-09-25,65.97,15-09-25,66.13,15-09-25,65.93,15-09-25,66.10
14-09-25,66.91,14-09-25,66.47,14-09-25,66.11,14-09-25,65.90,14-09-25,65.80,14-09-25,65.74,14-09-25,65.71,14-09-25,65.68,14-09-25,65.64,14-09-25,65.60,14-09-25,65.57,14-09-25,65.54,14-09-25,95.03,14-09-25,65.57,14-09-25,65.25,14-09-25,65.37,14-09-25,65.56
12-09-25,66.92,12-09-25,66.49,12-09-25,66.14,12-09-25,65.93,12-09-25,65.83,12-09-25,65.78,12-09-25,65.75,12-09-25,65.71,12-09-25,65.67,12-09-25,65.64,12-09-25,65.62,12-09-25,65.59,12-09-25,65.69,12-09-25,65.62,12-09-25,65.25,12-09-25,65.37,12-09-25,65.56
11-09-25,66.30,11-09-25,65.94,11-09-25,65.66,11-09-25,65.47,11-09-25,65.38,11-09-25,65.33,11-09-25,65.31,11-09-25,65.28,11-09-25,65.25,11-09-25,65.22,11-09-25,65.19,11-09-25,65.18,11-09-25,94.91,11-09-25,65.22,11-09-25,65.20,11-09-25,65.22,11-09-25,65.25
10-09-25,67.57,10-09-25,67.25,10-09-25,66.95,10-09-25,66.73,10-09-25,66.61,10-09-25,66.53,10-09-25,66.48,10-09-25,66.42,10-09-25,66.35,10-09-25,66.30,10-09-25,66.26,10-09-25,66.20,10-09-25,95.26,10-09-25,66.26,10-09-25,66.23,10-09-25,66.19,10-09-25,66.24
09-09-25,66.55,09-09-25,66.24,09-09-25,65.98,09-09-25,65.80,09-09-25,65.71,09-09-25,65.65,09-09-25,65.61,09-09-25,65.60,09-09-25,65.56,09-09-25,65.54,09-09-25,65.53,09-09-25,65.52,09-09-25,94.98,09-09-25,65.54,09-09-25,65.45,09-09-25,65.27,09-09-25,65.63
08-09-25,66.22,08-09-25,65.87,08-09-25,65.59,08-09-25,65.40,08-09-25,65.34,08-09-25,65.32,08-09-25,65.31,08-09-25,65.31,08-09-25,65.29,08-09-25,65.28,08-09-25,65.27,08-09-25,65.28,08-09-25,94.93,08-09-25,65.34,08-09-25,65.48,08-09-25,65.28,08-09-25,65.32
07-09-25,65.91,07-09-25,65.48,07-09-25,65.18,07-09-25,64.99,07-09-25,64.90,07-09-25,64.88,07-09-25,64.88,07-09-25,64.88,07-09-25,64.86,07-09-25,64.84,07-09-25,64.84,07-09-25,64.85,07-09-25,94.74,07-09-25,64.92,07-09-25,64.54,07-09-25,64.69,07-09-25,64.75
05-09-25,65.64,05-09-25,65.25,05-09-25,64.95,05-09-25,64.77,05-09-25,64.67,05-09-25,64.64,05-09-25,64.64,05-09-25,64.64,05-09-25,64.62,05-09-25,64.62,05-09-25,64.63,05-09-25,64.64,05-09-25,94.74,05-09-25,64.72,05-09-25,64.54,05-09-25,64.69,05-09-25,64.75
04-09-25,66.84,04-09-25,66.38,04-09-25,66.06,04-09-25,65.84,04-09-25,65.73,04-09-25,65.67,04-09-25,65.64,04-09-25,65.62,04-09-25,65.58,04-09-25,65.55,04-09-25,65.52,04-09-25,65.52,04-09-25,95.02,04-09-25,65.57,04-09-25,65.36,04-09-25,65.52,04-09-25,65.54
03-09-25,67.38,03-09-25,66.94,03-09-25,66.61,03-09-25,66.39,03-09-25,66.29,03-09-25,66.23,03-09-25,66.21,03-09-25,66.17,03-09-25,66.14,03-09-25,66.12,03-09-25,66.09,03-09-25,66.09,03-09-25,95.22,03-09-25,66.12,03-09-25,66.19,03-09-25,66.17,03-09-25,66.19
02-09-25,69.13,02-09-25,68.58,02-09-25,68.16,02-09-25,67.86,02-09-25,67.72,02-09-25,67.62,02-09-25,67.56,02-09-25,67.50,02-09-25,67.43,02-09-25,67.34,02-09-25,67.28,02-09-25,67.25,02-09-25,95.58,02-09-25,67.25,02-09-25,66.86,02-09-25,67.12,02-09-25,67.12
01-09-25,68.16,01-09-25,67.53,01-09-25,67.09,01-09-25,66.83,01-09-25,66.69,01-09-25,66.62,01-09-25,66.56,01-09-25,66.50,01-09-25,66.44,01-09-25,66.38,01-09-25,66.34,01-09-25,66.27,01-09-25,95.33,01-09-25,66.33,01-09-25,66.25,01-09-25,66.45,01-09-25,66.44
31-08-25,67.42,31-08-25,66.85,31-08-25,66.46,31-08-25,66.25,31-08-25,66.15,31-08-25,66.10,31-08-25,66.05,31-08-25,66.00,31-08-25,65.94,31-08-25,65.88,31-08-25,65.84,31-08-25,65.80,31-08-25,95.13,31-08-25,65.82,31-08-25,65.78,31-08-25,65.59,31-08-25,65.60
29-08-25,68.15,29-08-25,67.46,29-08-25,66.88,29-08-25,66.49,29-08-25,66.25,29-08-25,66.15,29-08-25,66.09,29-08-25,66.03,29-08-25,65.98,29-08-25,65.91,29-08-25,65.85,29-08-25,65.80,29-08-25,65.80,29-08-25,65.94,29-08-25,65.78,29-08-25,65.59,29-08-25,65.60
28-08-25,68.27,28-08-25,67.65,28-08-25,67.10,28-08-25,66.74,28-08-25,66.52,28-08-25,66.43,28-08-25,66.37,28-08-25,66.31,28-08-25,66.27,28-08-25,66.19,28-08-25,66.13,28-08-25,66.08,28-08-25,65.89,28-08-25,95.19,28-08-25,66.06,28-08-25,66.02,28-08-25,65.97
27-08-25,67.78,27-08-25,67.19,27-08-25,66.65,27-08-25,66.31,27-08-25,66.10,27-08-25,66.05,27-08-25,66.00,27-08-25,65.95,27-08-25,65.90,27-08-25,65.85,27-08-25,65.80,27-08-25,65.75,27-08-25,65.68,27-08-25,95.07,27-08-25,65.70,27-08-25,65.68,27-08-25,65.50
26-08-25,67.26,26-08-25,66.69,26-08-25,66.25,26-08-25,65.97,26-08-25,65.82,26-08-25,65.75,26-08-25,65.71,26-08-25,65.70,26-08-25,65.65,26-08-25,65.60,26-08-25,65.55,26-08-25,65.52,26-08-25,65.59,26-08-25,95.04,26-08-25,65.56,26-08-25,65.59,26-08-25,65.55
25-08-25,68.77,25-08-25,68.19,25-08-25,67.70,25-08-25,67.41,25-08-25,67.23,25-08-25,67.15,25-08-25,67.06,25-08-25,66.99,25-08-25,66.93,25-08-25,66.83,25-08-25,66.77,25-08-25,66.70,25-08-25,66.68,25-08-25,95.39,25-08-25,66.64,25-08-25,66.57,25-08-25,66.53
24-08-25,67.79,24-08-25,67.26,24-08-25,66.81,24-08-25,66.54,24-08-25,66.40,24-08-25,66.34,24-08-25,66.30,24-08-25,66.26,24-08-25,66.21,24-08-25,66.16,24-08-25,66.10,24-08-25,66.06,24-08-25,65.82,24-08-25,95.19,24-08-25,66.05,24-08-25,65.72,24-08-25,65.96
22-08-25,67.83,22-08-25,67.30,22-08-25,66.83,22-08-25,66.56,22-08-25,66.41,22-08-25,66.35,22-08-25,66.31,22-08-25,66.27,22-08-25,66.23,22-08-25,66.17,22-08-25,66.09,22-08-25,66.09,22-08-25,65.82,22-08-25,95.19,22-08-25,66.03,22-08-25,65.72,22-08-25,65.96
21-08-25,67.59,21-08-25,67.04,21-08-25,66.64,21-08-25,66.38,21-08-25,66.23,21-08-25,66.18,21-08-25,66.15,21-08-25,66.12,21-08-25,66.08,21-08-25,66.04,21-08-25,66.00,21-08-25,65.95,21-08-25,65.88,21-08-25,95.14,21-08-25,65.93,21-08-25,65.86,21-08-25,65.85
20-08-25,67.02,20-08-25,66.48,20-08-25,66.06,20-08-25,65.82,20-08-25,65.70,20-08-25,65.65,20-08-25,65.62,20-08-25,65.59,20-08-25,65.56,20-08-25,65.53,20-08-25,65.50,20-08-25,65.44,20-08-25,65.38,20-08-25,95.00,20-08-25,65.44,20-08-25,65.41,20-08-25,65.39
19-08-25,65.95,19-08-25,65.46,19-08-25,65.06,19-08-25,64.84,19-08-25,64.74,19-08-25,64.70,19-08-25,64.69,19-08-25,64.69,19-08-25,64.70,19-08-25,64.69,19-08-25,64.68,19-08-25,64.67,19-08-25,64.63,19-08-25,94.75,19-08-25,64.75,19-08-25,64.77,19-08-25,64.75
18-08-25,66.46,18-08-25,65.90,18-08-25,65.47,18-08-25,65.22,18-08-25,65.10,18-08-25,65.06,18-08-25,65.04,18-08-25,65.04,18-08-25,65.05,18-08-25,65.04,18-08-25,65.03,18-08-25,65.01,18-08-25,65.09,18-08-25,94.88,18-08-25,65.08,18-08-25,65.29,18-08-25,65.10
17-08-25,65.54,17-08-25,64.97,17-08-25,64.58,17-08-25,64.39,17-08-25,64.30,17-08-25,64.27,17-08-25,64.27,17-08-25,64.29,17-08-25,64.32,17-08-25,64.32,17-08-25,64.33,17-08-25,64.33,17-08-25,64.67,17-08-25,86.62,17-08-25,64.43,17-08-25,64.98,17-08-25,64.77
15-08-25,66.09,15-08-25,65.51,15-08-25,65.11,15-08-25,64.90,15-08-25,64.80,15-08-25,64.75,15-08-25,64.71,15-08-25,64.72,15-08-25,64.73,15-08-25,64.74,15-08-25,64.74,15-08-25,64.73,15-08-25,64.67,15-08-25,86.62,15-08-25,64.81,15-08-25,64.98,15-08-25,64.77
14-08-25,66.87,14-08-25,66.20,14-08-25,65.73,14-08-25,65.47,14-08-25,65.33,14-08-25,65.24,14-08-25,65.20,14-08-25,65.18,14-08-25,65.16,14-08-25,65.13,14-08-25,65.10,14-08-25,65.07,14-08-25,64.96,14-08-25,100.91,14-08-25,65.08,14-08-25,65.03,14-08-25,64.98
13-08-25,65.72,13-08-25,65.24,13-08-25,64.89,13-08-25,64.72,13-08-25,64.65,13-08-25,64.63,13-08-25,64.62,13-08-25,64.64,13-08-25,64.65,13-08-25,64.64,13-08-25,64.63,13-08-25,64.62,13-08-25,64.66,13-08-25,94.73,13-08-25,64.66,13-08-25,64.48,13-08-25,64.60
12-08-25,66.09,12-08-25,65.56,12-08-25,65.21,12-08-25,65.03,12-08-25,64.94,12-08-25,64.90,12-08-25,64.87,12-08-25,64.87,12-08-25,64.84,12-08-25,64.81,12-08-25,64.78,12-08-25,64.75,12-08-25,64.75,12-08-25,94.76,12-08-25,64.78,12-08-25,64.92,12-08-25,64.72
11-08-25,66.67,11-08-25,66.09,11-08-25,65.69,11-08-25,65.51,11-08-25,65.39,11-08-25,65.34,11-08-25,65.29,11-08-25,65.25,11-08-25,65.24,11-08-25,65.14,11-08-25,65.12,11-08-25,65.06,11-08-25,65.00,11-08-25,94.86,11-08-25,65.02,11-08-25,64.98,11-08-25,64.96
10-08-25,66.22,10-08-25,65.58,10-08-25,65.19,10-08-25,64.98,10-08-25,64.89,10-08-25,64.84,10-08-25,64.80,10-08-25,64.76,10-08-25,64.73,10-08-25,64.67,10-08-25,64.62,10-08-25,64.58,10-08-25,64.53,10-08-25,87.19,10-08-25,64.58,10-08-25,64.49,10-08-25,64.47
08-08-25,66.22,08-08-25,65.57,08-08-25,65.18,08-08-25,64.94,08-08-25,64.84,08-08-25,64.79,08-08-25,64.75,08-08-25,64.72,08-08-25,64.68,08-08-25,64.65,08-08-25,64.60,08-08-25,64.56,08-08-25,64.53,08-08-25,87.19,08-08-25,64.56,08-08-25,64.49,08-08-25,64.47
07-08-25,66.44,07-08-25,65.89,07-08-25,65.52,07-08-25,65.31,07-08-25,65.21,07-08-25,65.16,07-08-25,65.11,07-08-25,65.06,07-08-25,65.02,07-08-25,64.96,07-08-25,64.92,07-08-25,64.87,07-08-25,64.77,07-08-25,94.77,07-08-25,64.87,07-08-25,64.86,07-08-25,64.70
06-08-25,66.94,06-08-25,66.32,06-08-25,65.88,06-08-25,65.60,06-08-25,65.45,06-08-25,65.36,06-08-25,65.30,06-08-25,65.23,06-08-25,65.16,06-08-25,65.09,06-08-25,65.02,06-08-25,64.94,06-08-25,64.66,06-08-25,100.85,06-08-25,64.91,06-08-25,64.54,06-08-25,64.66
05-08-25,67.69,05-08-25,67.02,05-08-25,66.53,05-08-25,66.22,05-08-25,66.02,05-08-25,65.91,05-08-25,65.83,05-08-25,65.75,05-08-25,65.65,05-08-25,65.57,05-08-25,65.48,05-08-25,65.41,05-08-25,65.26,05-08-25,94.97,05-08-25,65.34,05-08-25,65.32,05-08-25,65.27
04-08-25,68.65,04-08-25,67.89,04-08-25,67.34,04-08-25,66.99,04-08-25,66.77,04-08-25,66.62,04-08-25,66.51,04-08-25,66.41,04-08-25,66.29,04-08-25,66.17,04-08-25,66.07,04-08-25,65.98,04-08-25,65.89,04-08-25,95.13,04-08-25,65.84,04-08-25,65.82,04-08-25,65.71
03-08-25,69.29,03-08-25,68.40,03-08-25,67.70,03-08-25,67.25,03-08-25,66.96,03-08-25,66.76,03-08-25,66.62,03-08-25,66.49,03-08-25,66.39,03-08-25,66.26,03-08-25,66.16,03-08-25,66.09,03-08-25,66.15,03-08-25,95.20,03-08-25,65.98,03-08-25,65.97,03-08-25,65.92
01-08-25,69.44,01-08-25,68.48,01-08-25,67.75,01-08-25,67.34,01-08-25,66.98,01-08-25,66.88,01-08-25,66.70,01-08-25,66.58,01-08-25,66.47,01-08-25,66.36,01-08-25,66.24,01-08-25,61.37,01-08-25,66.15,01-08-25,95.20,01-08-25,65.94,01-08-25,65.97,01-08-25,65.92
31-07-25,72.55,31-07-25,71.74,31-07-25,70.83,31-07-25,70.12,31-07-25,69.65,31-07-25,69.31,31-07-25,69.07,31-07-25,68.88,31-07-25,68.72,31-07-25,68.55,31-07-25,68.38,31-07-25,68.21,31-07-25,68.10,31-07-25,67.95,31-07-25,67.96,31-07-25,67.81,31-07-25,67.55
30-07-25,73.56,30-07-25,72.77,30-07-25,71.87,30-07-25,71.13,30-07-25,70.62,30-07-25,70.26,30-07-25,69.99,30-07-25,69.78,30-07-25,69.59,30-07-25,69.41,30-07-25,69.22,30-07-25,69.05,30-07-25,65.91,30-07-25,68.69,30-07-25,96.06,30-07-25,68.61,30-07-25,68.47
29-07-25,72.68,29-07-25,71.79,29-07-25,71.02,29-07-25,70.44,29-07-25,70.05,29-07-25,69.78,29-07-25,69.53,29-07-25,69.33,29-07-25,69.16,29-07-25,68.99,29-07-25,68.82,29-07-25,68.67,29-07-25,66.28,29-07-25,68.41,29-07-25,95.95,29-07-25,68.32,29-07-25,68.16
28-07-25,70.34,28-07-25,69.59,28-07-25,68.94,28-07-25,68.45,28-07-25,68.17,28-07-25,67.97,28-07-25,67.83,28-07-25,67.73,28-07-25,67.66,28-07-25,67.59,28-07-25,67.51,28-07-25,67.44,28-07-25,65.86,28-07-25,67.27,28-07-25,95.62,28-07-25,67.32,28-07-25,67.23
27-07-25,68.60,27-07-25,67.79,27-07-25,67.16,27-07-25,66.75,27-07-25,66.53,27-07-25,66.39,27-07-25,66.31,27-07-25,66.27,27-07-25,66.26,27-07-25,66.22,27-07-25,66.19,27-07-25,66.13,27-07-25,65.40,27-07-25,65.91,27-07-25,95.14,27-07-25,66.13,27-07-25,65.81
25-07-25,68.42,25-07-25,67.61,25-07-25,66.98,25-07-25,66.56,25-07-25,66.34,25-07-25,66.20,25-07-25,66.12,25-07-25,66.08,25-07-25,66.06,25-07-25,66.02,25-07-25,65.97,25-07-25,65.93,25-07-25,65.40,25-07-25,65.91,25-07-25,95.14,25-07-25,65.94,25-07-25,65.81
24-07-25,69.33,24-07-25,68.51,24-07-25,67.91,24-07-25,67.49,24-07-25,67.24,24-07-25,67.08,24-07-25,66.98,24-07-25,66.91,24-07-25,66.86,24-07-25,66.82,24-07-25,66.75,24-07-25,66.70,24-07-25,65.66,24-07-25,66.63,24-07-25,95.38,24-07-25,66.64,24-07-25,66.59
23-07-25,68.65,23-07-25,67.96,23-07-25,67.46,23-07-25,67.11,23-07-25,66.90,23-07-25,66.77,23-07-25,66.69,23-07-25,66.62,23-07-25,66.57,23-07-25,66.52,23-07-25,66.47,23-07-25,66.42,23-07-25,65.59,23-07-25,66.40,23-07-25,95.31,23-07-25,66.41,23-07-25,66.54
22-07-25,68.68,22-07-25,67.87,22-07-25,67.27,22-07-25,66.89,22-07-25,66.66,22-07-25,66.52,22-07-25,66.43,22-07-25,66.37,22-07-25,66.34,22-07-25,66.30,22-07-25,66.27,22-07-25,66.24,22-07-25,65.43,22-07-25,66.20,22-07-25,95.27,22-07-25,66.26,22-07-25,66.44
21-07-25,69.08,21-07-25,68.27,21-07-25,67.71,21-07-25,67.33,21-07-25,67.09,21-07-25,66.94,21-07-25,66.83,21-07-25,66.76,21-07-25,66.71,21-07-25,66.67,21-07-25,66.62,21-07-25,66.58,21-07-25,65.52,21-07-25,66.48,21-07-25,95.35,21-07-25,66.60,21-07-25,66.63
20-07-25,69.37,20-07-25,68.51,20-07-25,67.91,20-07-25,67.46,20-07-25,67.19,20-07-25,67.01,20-07-25,66.89,20-07-25,66.84,20-07-25,66.81,20-07-25,66.77,20-07-25,66.72,20-07-25,66.71,20-07-25,65.55,20-07-25,66.54,20-07-25,108.29,20-07-25,66.74,20-07-25,66.53
18-07-25,69.28,18-07-25,68.42,18-07-25,67.79,18-07-25,67.33,18-07-25,67.06,18-07-25,66.88,18-07-25,66.78,18-07-25,66.71,18-07-25,66.69,18-07-25,66.66,18-07-25,66.62,18-07-25,66.58,18-07-25,65.55,18-07-25,66.54,18-07-25,108.29,18-07-25,66.65,18-07-25,66.53
17-07-25,69.59,17-07-25,68.61,17-07-25,67.93,17-07-25,67.43,17-07-25,67.13,17-07-25,66.92,17-07-25,66.79,17-07-25,66.70,17-07-25,66.66,17-07-25,66.62,17-07-25,66.57,17-07-25,66.53,17-07-25,66.40,17-07-25,66.56,17-07-25,108.29,17-07-25,66.60,17-07-25,66.42
16-07-25,68.75,16-07-25,67.71,16-07-25,67.05,16-07-25,66.65,16-07-25,66.41,16-07-25,66.27,16-07-25,66.15,16-07-25,66.11,16-07-25,66.11,16-07-25,66.06,16-07-25,66.03,16-07-25,66.01,16-07-25,65.20,16-07-25,65.97,16-07-25,108.29,16-07-25,66.09,16-07-25,65.89
15-07-25,68.83,15-07-25,67.89,15-07-25,67.24,15-07-25,66.82,15-07-25,66.58,15-07-25,66.44,15-07-25,66.35,15-07-25,66.29,15-07-25,66.26,15-07-25,66.23,15-07-25,66.19,15-07-25,66.16,15-07-25,65.54,15-07-25,66.17,15-07-25,101.15,15-07-25,66.26,15-07-25,66.43
14-07-25,69.12,14-07-25,68.12,14-07-25,67.43,14-07-25,66.99,14-07-25,66.76,14-07-25,66.62,14-07-25,66.55,14-07-25,66.50,14-07-25,66.48,14-07-25,66.45,14-07-25,66.43,14-07-25,66.42,14-07-25,66.49,14-07-25,66.53,14-07-25,95.35,14-07-25,66.48,14-07-25,66.66
13-07-25,70.51,13-07-25,69.31,13-07-25,68.42,13-07-25,67.83,13-07-25,67.50,13-07-25,67.30,13-07-25,67.19,13-07-25,67.10,13-07-25,67.05,13-07-25,67.01,13-07-25,66.97,13-07-25,66.95,13-07-25,65.70,13-07-25,66.97,13-07-25,95.53,13-07-25,67.01,13-07-25,66.11
11-07-25,70.67,11-07-25,69.47,11-07-25,68.58,11-07-25,67.98,11-07-25,67.64,11-07-25,67.45,11-07-25,67.33,11-07-25,67.26,11-07-25,67.16,11-07-25,67.13,11-07-25,67.10,11-07-25,67.07,11-07-25,65.70,11-07-25,66.97,11-07-25,95.53,11-07-25,67.09,11-07-25,66.11
10-07-25,68.87,10-07-25,67.72,10-07-25,66.89,10-07-25,66.35,10-07-25,66.08,10-07-25,65.95,10-07-25,65.88,10-07-25,65.84,10-07-25,65.83,10-07-25,65.82,10-07-25,65.81,10-07-25,65.80,10-07-25,64.80,10-07-25,65.82,10-07-25,95.13,10-07-25,65.89,10-07-25,66.11
09-07-25,70.15,09-07-25,68.94,09-07-25,68.03,09-07-25,67.42,09-07-25,67.05,09-07-25,66.85,09-07-25,66.73,09-07-25,66.65,09-07-25,66.60,09-07-25,66.57,09-07-25,66.54,09-07-25,66.52,09-07-25,66.77,09-07-25,66.52,09-07-25,95.35,09-07-25,66.60,09-07-25,66.71
08-07-25,70.00,08-07-25,68.88,08-07-25,68.05,08-07-25,67.50,08-07-25,67.17,08-07-25,67.00,08-07-25,66.87,08-07-25,66.81,08-07-25,66.75,08-07-25,66.72,08-07-25,66.69,08-07-25,66.67,08-07-25,65.68,08-07-25,66.75,08-07-25,95.42,08-07-25,66.77,08-07-25,66.91
07-07-25,69.59,07-07-25,68.42,07-07-25,67.57,07-07-25,66.99,07-07-25,66.66,07-07-25,66.47,07-07-25,66.35,07-07-25,66.28,07-07-25,66.23,07-07-25,66.22,07-07-25,66.18,07-07-25,66.17,07-07-25,64.94,07-07-25,66.24,07-07-25,95.26,07-07-25,66.34,07-07-25,66.45
06-07-25,67.72,06-07-25,66.66,06-07-25,65.92,06-07-25,65.46,06-07-25,65.25,06-07-25,65.14,06-07-25,65.09,06-07-25,65.07,06-07-25,65.07,06-07-25,65.06,06-07-25,65.03,06-07-25,65.06,06-07-25,64.70,06-07-25,65.50,06-07-25,95.04,06-07-25,65.21,06-07-25,65.77
04-07-25,68.50,04-07-25,67.40,04-07-25,66.63,04-07-25,66.14,04-07-25,65.89,04-07-25,65.74,04-07-25,65.66,04-07-25,65.61,04-07-25,65.58,04-07-25,65.56,04-07-25,65.52,04-07-25,65.51,04-07-25,64.70,04-07-25,65.50,04-07-25,95.04,04-07-25,65.65,04-07-25,65.77
03-07-25,68.87,03-07-25,67.74,03-07-25,66.93,03-07-25,66.40,03-07-25,66.11,03-07-25,65.94,03-07-25,65.82,03-07-25,65.74,03-07-25,65.67,03-07-25,65.63,03-07-25,65.57,03-07-25,65.54,03-07-25,64.99,03-07-25,65.50,03-07-25,95.04,03-07-25,65.60,03-07-25,65.77
02-07-25,69.15,02-07-25,67.94,02-07-25,67.08,02-07-25,66.55,02-07-25,66.27,02-07-25,66.08,02-07-25,65.95,02-07-25,65.85,02-07-25,65.78,02-07-25,65.73,02-07-25,65.66,02-07-25,65.63,02-07-25,65.05,02-07-25,65.58,02-07-25,95.05,02-07-25,65.69,02-07-25,65.63
01-07-25,67.26,01-07-25,66.36,01-07-25,65.73,01-07-25,65.35,01-07-25,65.18,01-07-25,65.09,01-07-25,65.06,01-07-25,65.04,01-07-25,65.05,01-07-25,65.07,01-07-25,65.06,01-07-25,61.97,01-07-25,65.14,01-07-25,65.10,01-07-25,94.90,01-07-25,65.25,01-07-25,65.39
30-06-25,67.61,30-06-25,66.73,30-06-25,65.85,30-06-25,65.24,30-06-25,64.90,30-06-25,64.75,30-06-25,64.70,30-06-25,64.69,30-06-25,64.70,30-06-25,64.72,30-06-25,64.73,30-06-25,64.73,30-06-25,62.13,30-06-25,64.69,30-06-25,64.81,30-06-25,64.61,30-06-25,64.92
29-06-25,67.16,29-06-25,66.19,29-06-25,65.31,29-06-25,64.74,29-06-25,64.42,29-06-25,64.31,29-06-25,64.28,29-06-25,64.28,29-06-25,64.32,29-06-25,64.35,29-06-25,64.37,29-06-25,64.39,29-06-25,62.05,29-06-25,64.60,29-06-25,64.74,29-06-25,94.76,29-06-25,64.68
27-06-25,67.36,27-06-25,66.36,27-06-25,65.49,27-06-25,64.89,27-06-25,64.57,27-06-25,64.45,27-06-25,64.40,27-06-25,64.38,27-06-25,64.39,27-06-25,64.41,27-06-25,64.44,27-06-25,64.43,27-06-25,62.05,27-06-25,64.60,27-06-25,64.74,27-06-25,94.76,27-06-25,64.72
26-06-25,67.78,26-06-25,66.70,26-06-25,65.78,26-06-25,65.21,26-06-25,64.91,26-06-25,64.82,26-06-25,64.83,26-06-25,64.83,26-06-25,64.85,26-06-25,64.88,26-06-25,64.92,26-06-25,64.92,26-06-25,62.21,26-06-25,64.73,26-06-25,65.15,26-06-25,94.94,26-06-25,65.25
25-06-25,67.68,25-06-25,66.49,25-06-25,65.53,25-06-25,64.94,25-06-25,64.65,25-06-25,64.53,25-06-25,64.51,25-06-25,64.53,25-06-25,64.54,25-06-25,64.61,25-06-25,64.63,25-06-25,64.67,25-06-25,62.13,25-06-25,64.88,25-06-25,64.94,25-06-25,94.86,25-06-25,64.94
24-06-25,67.82,24-06-25,66.83,24-06-25,65.99,24-06-25,65.52,24-06-25,65.32,24-06-25,65.29,24-06-25,65.31,24-06-25,65.35,24-06-25,65.41,24-06-25,65.47,24-06-25,65.52,24-06-25,65.55,24-06-25,62.39,24-06-25,65.68,24-06-25,65.61,24-06-25,101.05,24-06-25,65.80
23-06-25,70.68,23-06-25,69.71,23-06-25,68.86,23-06-25,68.34,23-06-25,68.01,23-06-25,67.84,23-06-25,67.74,23-06-25,67.69,23-06-25,67.63,23-06-25,67.59,23-06-25,67.53,23-06-25,67.45,23-06-25,62.88,23-06-25,67.06,23-06-25,67.02,23-06-25,95.49,23-06-25,67.25
22-06-25,78.98,22-06-25,77.34,22-06-25,75.70,22-06-25,74.47,22-06-25,73.63,22-06-25,73.07,22-06-25,72.64,22-06-25,72.27,22-06-25,71.94,22-06-25,71.67,22-06-25,71.42,22-06-25,71.16,22-06-25,70.96,22-06-25,70.75,22-06-25,70.76,22-06-25,70.57,22-06-25,70.44
20-06-25,77.28,20-06-25,75.72,20-06-25,74.22,20-06-25,73.17,20-06-25,72.44,20-06-25,71.95,20-06-25,71.59,20-06-25,71.29,20-06-25,71.06,20-06-25,70.85,20-06-25,70.65,20-06-25,70.46,20-06-25,63.92,20-06-25,70.27,20-06-25,69.67,20-06-25,89.78,20-06-25,69.88
19-06-25,78.74,19-06-25,76.98,19-06-25,75.47,19-06-25,74.39,19-06-25,73.59,19-06-25,73.00,19-06-25,72.52,19-06-25,72.10,19-06-25,71.76,19-06-25,71.45,19-06-25,71.17,19-06-25,70.91,19-06-25,62.65,19-06-25,70.43,19-06-25,70.21,19-06-25,96.61,19-06-25,70.13
18-06-25,76.08,18-06-25,74.60,18-06-25,73.39,18-06-25,72.53,18-06-25,71.84,18-06-25,71.36,18-06-25,70.95,18-06-25,70.62,18-06-25,70.30,18-06-25,70.06,18-06-25,69.83,18-06-25,69.59,18-06-25,69.09,18-06-25,69.79,18-06-25,69.30,18-06-25,96.23,18-06-25,69.03
17-06-25,77.18,17-06-25,75.39,17-06-25,74.00,17-06-25,73.01,17-06-25,72.23,17-06-25,71.66,17-06-25,71.20,17-06-25,70.80,17-06-25,70.48,17-06-25,70.24,17-06-25,70.02,17-06-25,69.82,17-06-25,61.89,17-06-25,69.66,17-06-25,69.04,17-06-25,96.20,17-06-25,69.26
16-06-25,72.53,16-06-25,71.31,16-06-25,70.38,16-06-25,69.75,16-06-25,69.31,16-06-25,69.03,16-06-25,68.81,16-06-25,68.65,16-06-25,68.51,16-06-25,68.40,16-06-25,68.27,16-06-25,68.15,16-06-25,63.25,16-06-25,69.51,16-06-25,68.06,16-06-25,101.51,16-06-25,67.83
15-06-25,75.60,15-06-25,74.19,15-06-25,72.96,15-06-25,72.01,15-06-25,71.27,15-06-25,70.70,15-06-25,70.25,15-06-25,69.92,15-06-25,69.60,15-06-25,69.35,15-06-25,69.13,15-06-25,68.91,15-06-25,65.03,15-06-25,68.47,15-06-25,68.00,15-06-25,95.82,15-06-25,68.41
13-06-25,75.18,13-06-25,73.67,13-06-25,72.45,13-06-25,71.56,13-06-25,70.87,13-06-25,70.34,13-06-25,69.93,13-06-25,69.64,13-06-25,69.37,13-06-25,69.13,13-06-25,68.94,13-06-25,68.73,13-06-25,61.59,13-06-25,68.42,13-06-25,68.00,13-06-25,95.82,13-06-25,68.23
12-06-25,70.33,12-06-25,69.33,12-06-25,68.50,12-06-25,67.91,12-06-25,67.55,12-06-25,67.35,12-06-25,67.26,12-06-25,67.19,12-06-25,67.11,12-06-25,67.06,12-06-25,67.04,12-06-25,66.98,12-06-25,62.63,12-06-25,66.31,12-06-25,66.30,12-06-25,95.31,12-06-25,66.85
11-06-25,70.80,11-06-25,69.85,11-06-25,68.94,11-06-25,68.25,11-06-25,67.79,11-06-25,67.55,11-06-25,67.43,11-06-25,67.34,11-06-25,67.26,11-06-25,67.19,11-06-25,67.13,11-06-25,67.07,11-06-25,62.63,11-06-25,65.94,11-06-25,65.96,11-06-25,95.20,11-06-25,66.95
10-06-25,66.63,10-06-25,65.88,10-06-25,65.24,10-06-25,64.82,10-06-25,64.61,10-06-25,64.56,10-06-25,64.58,10-06-25,64.62,10-06-25,64.66,10-06-25,64.71,10-06-25,64.75,10-06-25,64.77,10-06-25,62.12,10-06-25,64.62,10-06-25,64.82,10-06-25,94.80,10-06-25,64.97
09-06-25,67.15,09-06-25,66.36,09-06-25,65.71,09-06-25,65.28,09-06-25,65.06,09-06-25,65.00,09-06-25,65.00,09-06-25,65.03,09-06-25,65.07,09-06-25,65.11,09-06-25,65.14,09-06-25,65.14,09-06-25,62.20,09-06-25,65.13,09-06-25,65.16,09-06-25,94.91,09-06-25,65.33
08-06-25,66.51,08-06-25,65.77,08-06-25,65.20,08-06-25,64.83,08-06-25,64.64,08-06-25,64.60,08-06-25,64.62,08-06-25,64.67,08-06-25,64.70,08-06-25,64.76,08-06-25,64.81,08-06-25,64.83,08-06-25,62.14,08-06-25,64.88,08-06-25,64.94,08-06-25,100.92,08-06-25,65.07
06-06-25,66.61,06-06-25,65.88,06-06-25,65.30,06-06-25,64.92,06-06-25,64.74,06-06-25,64.69,06-06-25,64.70,06-06-25,64.75,06-06-25,64.80,06-06-25,64.85,06-06-25,64.90,06-06-25,64.91,06-06-25,62.14,06-06-25,64.88,06-06-25,64.94,06-06-25,100.92,06-06-25,65.15
05-06-25,65.25,05-06-25,64.66,05-06-25,64.16,05-06-25,63.87,05-06-25,63.76,05-06-25,63.76,05-06-25,63.80,05-06-25,63.87,05-06-25,63.93,05-06-25,63.99,05-06-25,64.06,05-06-25,64.09,05-06-25,61.91,05-06-25,64.24,05-06-25,64.30,05-06-25,94.61,05-06-25,64.37
04-06-25,64.91,04-06-25,64.28,04-06-25,63.78,04-06-25,63.52,04-06-25,63.42,04-06-25,63.45,04-06-25,63.51,04-06-25,63.58,04-06-25,63.66,04-06-25,63.73,04-06-25,63.79,04-06-25,63.84,04-06-25,61.81,04-06-25,63.81,04-06-25,63.98,04-06-25,94.53,04-06-25,64.13
03-06-25,65.62,03-06-25,64.94,03-06-25,64.43,03-06-25,64.16,03-06-25,64.06,03-06-25,64.07,03-06-25,64.12,03-06-25,64.19,03-06-25,64.24,03-06-25,64.31,03-06-25,64.37,03-06-25,64.40,03-06-25,62.00,03-06-25,64.47,03-06-25,64.53,03-06-25,94.71,03-06-25,64.72
02-06-25,65.12,02-06-25,64.36,02-06-25,63.81,02-06-25,63.52,02-06-25,63.41,02-06-25,63.43,02-06-25,63.50,02-06-25,63.58,02-06-25,63.66,02-06-25,63.74,02-06-25,63.81,02-06-25,63.86,02-06-25,61.83,02-06-25,63.98,02-06-25,64.05,02-06-25,94.57,02-06-25,64.23
01-06-25,63.93,01-06-25,63.16,01-06-25,62.66,01-06-25,62.47,01-06-25,62.45,01-06-25,62.53,01-06-25,62.63,01-06-25,62.73,01-06-25,62.84,01-06-25,62.93,01-06-25,63.02,01-06-25,62.11,01-06-25,60.98,01-06-25,62.21,01-06-25,62.29,01-06-25,94.05,01-06-25,63.54
30-05-25,63.90,30-05-25,62.76,30-05-25,62.02,30-05-25,61.55,30-05-25,61.38,30-05-25,61.40,30-05-25,61.49,30-05-25,61.62,30-05-25,61.76,30-05-25,61.86,30-05-25,62.00,30-05-25,62.11,30-05-25,62.44,30-05-25,62.21,30-05-25,62.29,30-05-25,62.40,30-05-25,62.49
29-05-25,64.15,29-05-25,63.37,29-05-25,62.72,29-05-25,62.29,29-05-25,62.09,29-05-25,62.08,29-05-25,62.16,29-05-25,62.25,29-05-25,62.36,29-05-25,62.45,29-05-25,62.56,29-05-25,62.65,29-05-25,62.70,29-05-25,61.45,29-05-25,62.84,29-05-25,62.93,29-05-25,94.19
28-05-25,64.86,28-05-25,64.26,28-05-25,63.63,28-05-25,63.20,28-05-25,63.01,28-05-25,63.01,28-05-25,63.08,28-05-25,63.16,28-05-25,63.26,28-05-25,63.34,28-05-25,63.44,28-05-25,63.52,28-05-25,63.52,28-05-25,61.70,28-05-25,63.68,28-05-25,63.77,28-05-25,94.45
27-05-25,64.26,27-05-25,63.73,27-05-25,63.19,27-05-25,62.81,27-05-25,62.68,27-05-25,62.73,27-05-25,62.85,27-05-25,62.97,27-05-25,63.09,27-05-25,63.19,27-05-25,63.28,27-05-25,63.37,27-05-25,63.42,27-05-25,61.69,27-05-25,63.57,27-05-25,63.67,27-05-25,94.46
26-05-25,64.80,26-05-25,64.18,26-05-25,63.60,26-05-25,63.20,26-05-25,63.06,26-05-25,63.08,26-05-25,63.17,26-05-25,63.27,26-05-25,63.39,26-05-25,63.47,26-05-25,63.56,26-05-25,63.65,26-05-25,63.96,26-05-25,61.81,26-05-25,63.97,26-05-25,64.07,26-05-25,94.58
25-05-25,65.18,25-05-25,64.58,25-05-25,64.04,25-05-25,63.64,25-05-25,63.49,25-05-25,63.51,25-05-25,63.59,25-05-25,63.69,25-05-25,63.80,25-05-25,63.89,25-05-25,63.97,25-05-25,64.04,25-05-25,63.96,25-05-25,61.81,25-05-25,63.97,25-05-25,64.07,25-05-25,94.58
23-05-25,64.98,23-05-25,64.38,23-05-25,63.86,23-05-25,63.47,23-05-25,63.29,23-05-25,63.31,23-05-25,63.38,23-05-25,63.47,23-05-25,63.57,23-05-25,63.65,23-05-25,63.75,23-05-25,63.85,23-05-25,63.96,23-05-25,61.81,23-05-25,63.97,23-05-25,64.07,23-05-25,94.58
22-05-25,64.01,22-05-25,63.48,22-05-25,62.99,22-05-25,62.65,22-05-25,62.50,22-05-25,62.51,22-05-25,62.58,22-05-25,62.67,22-05-25,62.80,22-05-25,62.88,22-05-25,63.00,22-05-25,63.10,22-05-25,63.64,22-05-25,61.69,22-05-25,63.66,22-05-25,63.64,22-05-25,94.46
21-05-25,64.63,21-05-25,64.10,21-05-25,63.62,21-05-25,63.28,21-05-25,63.15,21-05-25,63.14,21-05-25,63.21,21-05-25,63.29,21-05-25,63.40,21-05-25,63.49,21-05-25,63.59,21-05-25,63.69,21-05-25,63.97,21-05-25,61.81,21-05-25,63.99,21-05-25,64.10,21-05-25,94.57
20-05-25,65.58,20-05-25,64.91,20-05-25,64.37,20-05-25,63.99,20-05-25,63.81,20-05-25,63.74,20-05-25,63.76,20-05-25,63.81,20-05-25,63.87,20-05-25,63.94,20-05-25,64.06,20-05-25,64.12,20-05-25,64.31,20-05-25,61.94,20-05-25,64.37,20-05-25,64.47,20-05-25,94.71
19-05-25,65.48,19-05-25,64.76,19-05-25,64.22,19-05-25,63.84,19-05-25,63.62,19-05-25,63.54,19-05-25,63.56,19-05-25,63.57,19-05-25,63.64,19-05-25,63.70,19-05-25,63.79,19-05-25,63.87,19-05-25,63.76,19-05-25,61.32,19-05-25,63.78,19-05-25,63.88,19-05-25,94.59
18-05-25,65.52,18-05-25,64.88,18-05-25,64.40,18-05-25,64.05,18-05-25,63.89,18-05-25,63.84,18-05-25,63.84,18-05-25,63.89,18-05-25,63.96,18-05-25,64.06,18-05-25,64.15,18-05-25,64.27,18-05-25,63.93,18-05-25,61.22,18-05-25,64.04,18-05-25,64.31,18-05-25,94.64
16-05-25,65.38,16-05-25,64.74,16-05-25,64.20,16-05-25,63.86,16-05-25,63.68,16-05-25,63.60,16-05-25,63.60,16-05-25,63.65,16-05-25,63.73,16-05-25,63.81,16-05-25,63.96,16-05-25,64.07,16-05-25,63.93,16-05-25,61.22,16-05-25,64.04,16-05-25,64.31,16-05-25,94.64
15-05-25,64.58,15-05-25,64.10,15-05-25,63.69,15-05-25,63.44,15-05-25,63.33,15-05-25,63.32,15-05-25,63.34,15-05-25,63.42,15-05-25,63.52,15-05-25,63.63,15-05-25,63.80,15-05-25,63.91,15-05-25,64.12,15-05-25,61.89,15-05-25,64.17,15-05-25,64.21,15-05-25,94.66
14-05-25,65.85,14-05-25,65.37,14-05-25,64.95,14-05-25,64.66,14-05-25,64.50,14-05-25,64.43,14-05-25,64.42,14-05-25,64.45,14-05-25,64.51,14-05-25,64.59,14-05-25,64.69,14-05-25,64.78,14-05-25,63.59,14-05-25,64.82,14-05-25,64.92,14-05-25,64.99,14-05-25,94.86
13-05-25,66.53,13-05-25,66.00,13-05-25,65.55,13-05-25,65.22,13-05-25,65.05,13-05-25,64.93,13-05-25,64.91,13-05-25,64.90,13-05-25,64.95,13-05-25,65.02,13-05-25,65.11,13-05-25,65.21,13-05-25,63.99,13-05-25,65.33,13-05-25,65.46,13-05-25,65.53,13-05-25,95.03
12-05-25,64.99,12-05-25,64.53,12-05-25,64.13,12-05-25,63.86,12-05-25,63.75,12-05-25,63.68,12-05-25,63.67,12-05-25,63.71,12-05-25,63.80,12-05-25,63.89,12-05-25,64.02,12-05-25,64.15,12-05-25,62.15,12-05-25,64.21,12-05-25,64.29,12-05-25,64.55,12-05-25,94.75
11-05-25,64.21,11-05-25,63.74,11-05-25,63.34,11-05-25,63.09,11-05-25,62.98,11-05-25,62.94,11-05-25,62.94,11-05-25,62.99,11-05-25,63.07,11-05-25,63.19,11-05-25,63.33,11-05-25,63.46,11-05-25,61.85,11-05-25,63.18,11-05-25,63.31,11-05-25,63.55,11-05-25,94.41
09-05-25,64.04,09-05-25,63.52,09-05-25,63.12,09-05-25,62.92,09-05-25,62.83,09-05-25,62.78,09-05-25,62.76,09-05-25,62.81,09-05-25,62.89,09-05-25,62.99,09-05-25,63.12,09-05-25,63.25,09-05-25,61.85,09-05-25,63.18,09-05-25,63.31,09-05-25,63.55,09-05-25,94.41
08-05-25,63.20,08-05-25,62.80,08-05-25,62.48,08-05-25,62.29,08-05-25,62.23,08-05-25,62.24,08-05-25,62.29,08-05-25,62.37,08-05-25,62.48,08-05-25,62.61,08-05-25,62.77,08-05-25,62.92,08-05-25,63.02,08-05-25,63.02,08-05-25,63.09,08-05-25,63.22,08-05-25,94.32
07-05-25,60.98,07-05-25,60.65,07-05-25,60.38,07-05-25,60.27,07-05-25,60.28,07-05-25,60.35,07-05-25,60.47,07-05-25,60.60,07-05-25,60.77,07-05-25,60.94,07-05-25,61.12,07-05-25,61.30,07-05-25,61.48,07-05-25,61.58,07-05-25,61.76,07-05-25,61.91,07-05-25,93.85
06-05-25,62.05,06-05-25,61.65,06-05-25,61.38,06-05-25,61.26,06-05-25,61.28,06-05-25,61.35,06-05-25,61.47,06-05-25,61.59,06-05-25,61.75,06-05-25,61.90,06-05-25,62.06,06-05-25,62.21,06-05-25,62.30,06-05-25,62.41,06-05-25,62.38,06-05-25,62.52,06-05-25,94.11
05-05-25,60.34,05-05-25,60.00,05-05-25,59.82,05-05-25,59.78,05-05-25,59.86,05-05-25,59.98,05-05-25,60.14,05-05-25,60.31,05-05-25,60.48,05-05-25,60.66,05-05-25,60.83,05-05-25,60.99,05-05-25,61.06,05-05-25,61.19,05-05-25,61.28,05-05-25,61.42,05-05-25,93.73
04-05-25,58.96,04-05-25,58.67,04-05-25,58.56,04-05-25,58.59,04-05-25,58.73,04-05-25,58.90,04-05-25,59.09,04-05-25,59.28,04-05-25,59.48,04-05-25,59.67,04-05-25,59.88,04-05-25,60.08,04-05-25,61.84,04-05-25,61.98,04-05-25,61.94,04-05-25,62.22,04-05-25,93.97
02-05-25,61.28,02-05-25,60.91,02-05-25,60.67,02-05-25,60.56,02-05-25,60.59,02-05-25,60.66,02-05-25,60.76,02-05-25,60.89,02-05-25,61.11,02-05-25,61.27,02-05-25,61.42,02-05-25,61.54,02-05-25,61.84,02-05-25,61.98,02-05-25,61.94,02-05-25,62.22,02-05-25,93.97
01-05-25,61.87,01-05-25,61.48,01-05-25,61.19,01-05-25,61.04,01-05-25,61.00,01-05-25,60.99,01-05-25,61.04,01-05-25,61.11,01-05-25,61.21,01-05-25,61.32,01-05-25,61.45,01-05-25,61.59,01-05-25,61.84,01-05-25,60.25,01-05-25,61.98,01-05-25,60.54,01-05-25,105.38
30-04-25,63.12,30-04-25,61.05,30-04-25,60.65,30-04-25,60.41,30-04-25,60.30,30-04-25,60.29,30-04-25,60.30,30-04-25,60.36,30-04-25,60.45,30-04-25,60.57,30-04-25,60.70,30-04-25,60.87,30-04-25,61.01,30-04-25,61.31,30-04-25,61.34,30-04-25,61.83,30-04-25,61.66
29-04-25,64.02,29-04-25,63.07,29-04-25,62.69,29-04-25,62.47,29-04-25,62.37,29-04-25,62.34,29-04-25,62.30,29-04-25,62.39,29-04-25,62.45,29-04-25,62.57,29-04-25,62.70,29-04-25,62.84,29-04-25,62.98,29-04-25,63.06,29-04-25,63.16,29-04-25,63.27,29-04-25,63.41
28-04-25,65.61,28-04-25,64.56,28-04-25,64.08,28-04-25,63.78,28-04-25,63.62,28-04-25,63.55,28-04-25,63.50,28-04-25,63.48,28-04-25,63.50,28-04-25,63.57,28-04-25,63.66,28-04-25,63.77,28-04-25,63.84,28-04-25,64.05,28-04-25,64.13,28-04-25,64.10,28-04-25,64.31
27-04-25,66.97,27-04-25,65.89,27-04-25,65.31,27-04-25,64.94,27-04-25,64.71,27-04-25,64.56,27-04-25,64.46,27-04-25,64.39,27-04-25,64.37,27-04-25,64.39,27-04-25,64.46,27-04-25,64.55,27-04-25,64.67,27-04-25,64.96,27-04-25,65.03,27-04-25,64.94,27-04-25,65.03
25-04-25,66.91,25-04-25,65.86,25-04-25,65.31,25-04-25,64.94,25-04-25,64.69,25-04-25,64.53,25-04-25,64.41,25-04-25,64.36,25-04-25,64.32,25-04-25,64.35,25-04-25,64.41,25-04-25,64.50,25-04-25,64.57,25-04-25,64.96,25-04-25,65.03,25-04-25,64.94,25-04-25,65.03
24-04-25,66.51,24-04-25,65.61,24-04-25,65.05,24-04-25,64.66,24-04-25,64.39,24-04-25,64.22,24-04-25,64.10,24-04-25,64.02,24-04-25,63.99,24-04-25,64.02,24-04-25,64.08,24-04-25,64.17,24-04-25,64.28,24-04-25,64.36,24-04-25,63.63,24-04-25,64.50,24-04-25,64.62
23-04-25,66.16,23-04-25,65.16,23-04-25,64.57,23-04-25,64.12,23-04-25,63.85,23-04-25,63.69,23-04-25,63.58,23-04-25,63.52,23-04-25,63.48,23-04-25,63.53,23-04-25,63.60,23-04-25,63.70,23-04-25,63.80,23-04-25,63.84,23-04-25,63.95,23-04-25,64.00,23-04-25,64.09
22-04-25,67.82,22-04-25,66.84,22-04-25,66.14,22-04-25,65.64,22-04-25,65.31,22-04-25,65.07,22-04-25,64.91,22-04-25,64.78,22-04-25,64.70,22-04-25,64.68,22-04-25,64.69,22-04-25,64.74,22-04-25,64.79,22-04-25,64.42,22-04-25,64.43,22-04-25,64.52,22-04-25,64.58
21-04-25,66.50,21-04-25,65.54,21-04-25,64.86,21-04-25,64.39,21-04-25,64.08,21-04-25,63.86,21-04-25,63.71,21-04-25,63.59,21-04-25,63.54,21-04-25,63.54,21-04-25,63.56,21-04-25,63.62,21-04-25,63.70,21-04-25,63.85,21-04-25,63.90,21-04-25,63.95,21-04-25,64.02
20-04-25,67.05,20-04-25,66.14,20-04-25,65.50,20-04-25,65.03,20-04-25,64.72,20-04-25,64.51,20-04-25,64.36,20-04-25,64.24,20-04-25,64.18,20-04-25,64.16,20-04-25,64.19,20-04-25,64.23,20-04-25,64.30,20-04-25,64.78,20-04-25,64.76,20-04-25,64.83,20-04-25,64.88
17-04-25,67.75,17-04-25,66.78,17-04-25,66.13,17-04-25,65.67,17-04-25,65.35,17-04-25,65.14,17-04-25,64.97,17-04-25,64.85,17-04-25,64.77,17-04-25,64.74,17-04-25,64.74,17-04-25,64.78,17-04-25,64.82,17-04-25,64.78,17-04-25,64.76,17-04-25,64.83,17-04-25,64.88
16-04-25,65.96,16-04-25,65.07,16-04-25,64.43,16-04-25,63.97,16-04-25,63.65,16-04-25,63.44,16-04-25,63.30,16-04-25,63.21,16-04-25,63.15,16-04-25,63.16,16-04-25,63.18,16-04-25,63.24,16-04-25,63.30,16-04-25,63.43,16-04-25,63.66,16-04-25,63.53,16-04-25,63.59
15-04-25,64.85,15-04-25,64.06,15-04-25,63.50,15-04-25,63.10,15-04-25,62.86,15-04-25,62.72,15-04-25,62.62,15-04-25,62.57,15-04-25,62.55,15-04-25,62.59,15-04-25,62.64,15-04-25,62.71,15-04-25,62.80,15-04-25,62.85,15-04-25,63.69,15-04-25,63.14,15-04-25,63.23
14-04-25,64.86,14-04-25,64.20,14-04-25,63.64,14-04-25,63.32,14-04-25,63.05,14-04-25,62.96,14-04-25,62.85,14-04-25,62.80,14-04-25,62.79,14-04-25,62.82,14-04-25,62.86,14-04-25,62.93,14-04-25,63.01,14-04-25,63.12,14-04-25,63.58,14-04-25,63.23,14-04-25,63.32
13-04-25,64.56,13-04-25,63.85,13-04-25,63.31,13-04-25,62.95,13-04-25,62.73,13-04-25,62.58,13-04-25,62.50,13-04-25,62.46,13-04-25,62.45,13-04-25,62.49,13-04-25,62.52,13-04-25,62.60,13-04-25,62.66,13-04-25,62.70,13-04-25,63.42,13-04-25,62.80,13-04-25,62.88
11-04-25,64.63,11-04-25,63.89,11-04-25,63.29,11-04-25,62.91,11-04-25,62.70,11-04-25,62.51,11-04-25,62.43,11-04-25,62.37,11-04-25,62.33,11-04-25,62.50,11-04-25,62.54,11-04-25,62.55,11-04-25,62.66,11-04-25,62.70,11-04-25,63.42,11-04-25,62.80,11-04-25,62.88
10-04-25,63.42,10-04-25,62.87,10-04-25,62.44,10-04-25,62.14,10-04-25,61.97,10-04-25,61.89,10-04-25,61.84,10-04-25,61.82,10-04-25,61.83,10-04-25,61.88,10-04-25,61.94,10-04-25,62.02,10-04-25,62.12,10-04-25,62.26,10-04-25,63.28,10-04-25,62.43,10-04-25,62.53
09-04-25,65.70,09-04-25,65.12,09-04-25,64.64,09-04-25,64.25,09-04-25,63.97,09-04-25,63.76,09-04-25,63.59,09-04-25,63.47,09-04-25,63.38,09-04-25,63.35,09-04-25,63.34,09-04-25,63.38,09-04-25,63.42,09-04-25,63.60,09-04-25,63.80,09-04-25,63.66,09-04-25,63.72
08-04-25,61.61,08-04-25,61.19,08-04-25,60.87,08-04-25,60.65,08-04-25,60.55,08-04-25,60.53,08-04-25,60.54,08-04-25,60.55,08-04-25,60.58,08-04-25,60.62,08-04-25,60.67,08-04-25,60.73,08-04-25,60.82,08-04-25,60.89,08-04-25,60.92,08-04-25,61.03,08-04-25,61.12
07-04-25,64.31,07-04-25,63.91,07-04-25,63.62,07-04-25,63.37,07-04-25,63.24,07-04-25,63.17,07-04-25,63.12,07-04-25,63.08,07-04-25,63.05,07-04-25,63.04,07-04-25,63.03,07-04-25,63.04,07-04-25,63.07,07-04-25,63.27,07-04-25,63.26,07-04-25,63.30,07-04-25,63.34
06-04-25,63.35,06-04-25,62.83,06-04-25,62.46,06-04-25,62.16,06-04-25,61.98,06-04-25,61.86,06-04-25,61.79,06-04-25,61.71,06-04-25,61.64,06-04-25,61.60,06-04-25,61.57,06-04-25,61.58,06-04-25,61.60,06-04-25,63.69,06-04-25,63.51,06-04-25,63.58,06-04-25,63.72
04-04-25,66.04,04-04-25,65.41,04-04-25,64.97,04-04-25,64.61,04-04-25,64.35,04-04-25,64.18,04-04-25,64.05,04-04-25,63.95,04-04-25,63.84,04-04-25,63.77,04-04-25,63.71,04-04-25,63.69,04-04-25,63.69,04-04-25,63.69,04-04-25,63.51,04-04-25,63.58,04-04-25,63.72
03-04-25,69.88,03-04-25,69.15,03-04-25,68.46,03-04-25,68.02,03-04-25,67.63,03-04-25,67.32,03-04-25,67.04,03-04-25,66.81,03-04-25,66.60,03-04-25,66.46,03-04-25,66.30,03-04-25,66.23,03-04-25,66.16,03-04-25,66.14,03-04-25,66.04,03-04-25,66.00,03-04-25,65.88
02-04-25,73.37,02-04-25,72.61,02-04-25,71.95,02-04-25,71.34,02-04-25,70.88,02-04-25,70.48,02-04-25,70.13,02-04-25,69.82,02-04-25,69.55,02-04-25,69.32,02-04-25,69.12,02-04-25,68.96,02-04-25,68.81,02-04-25,68.94,02-04-25,68.78,02-04-25,68.69,02-04-25,68.59
01-04-25,74.48,01-04-25,73.73,01-04-25,73.06,01-04-25,72.46,01-04-25,71.96,01-04-25,71.53,01-04-25,71.14,01-04-25,70.81,01-04-25,70.49,01-04-25,70.22,01-04-25,70.00,01-04-25,69.87,01-04-25,69.66,01-04-25,69.45,01-04-25,69.28,01-04-25,69.16,01-04-25,69.06
31-03-25,74.75,31-03-25,74.78,31-03-25,73.98,31-03-25,73.27,31-03-25,72.63,31-03-25,72.06,31-03-25,71.58,31-03-25,71.16,31-03-25,70.78,31-03-25,70.46,31-03-25,70.19,31-03-25,69.95,31-03-25,69.52,31-03-25,69.59,31-03-25,69.28,31-03-25,69.28,31-03-25,69.18
30-03-25,73.78,30-03-25,72.87,30-03-25,72.13,30-03-25,71.49,30-03-25,70.92,30-03-25,70.45,30-03-25,70.05,30-03-25,69.73,30-03-25,69.42,30-03-25,69.13,30-03-25,68.92,30-03-25,68.73,30-03-25,68.40,30-03-25,68.47,30-03-25,68.14,30-03-25,68.03,30-03-25,67.76
28-03-25,73.40,28-03-25,72.51,28-03-25,71.80,28-03-25,71.17,28-03-25,70.62,28-03-25,70.15,28-03-25,69.77,28-03-25,69.45,28-03-25,69.12,28-03-25,68.85,28-03-25,68.63,28-03-25,68.45,28-03-25,68.40,28-03-25,68.19,28-03-25,68.14,28-03-25,68.03,28-03-25,67.76
27-03-25,74.02,27-03-25,73.33,27-03-25,72.66,27-03-25,72.07,27-03-25,71.54,27-03-25,71.07,27-03-25,70.68,27-03-25,70.36,27-03-25,70.06,27-03-25,69.80,27-03-25,69.57,27-03-25,69.39,27-03-25,69.23,27-03-25,69.11,27-03-25,68.97,27-03-25,68.84,27-03-25,68.75
26-03-25,74.00,26-03-25,73.28,26-03-25,72.65,26-03-25,72.08,26-03-25,71.55,26-03-25,71.07,26-03-25,70.67,26-03-25,70.33,26-03-25,70.02,26-03-25,69.74,26-03-25,69.52,26-03-25,69.33,26-03-25,69.06,26-03-25,69.06,26-03-25,68.83,26-03-25,68.68,26-03-25,68.75
25-03-25,73.17,25-03-25,72.54,25-03-25,71.96,25-03-25,71.42,25-03-25,70.87,25-03-25,70.43,25-03-25,70.00,25-03-25,69.69,25-03-25,69.39,25-03-25,69.13,25-03-25,68.92,25-03-25,68.73,25-03-25,68.64,25-03-25,68.48,25-03-25,68.25,25-03-25,68.27,25-03-25,68.18
24-03-25,73.07,24-03-25,72.44,24-03-25,71.89,24-03-25,71.32,24-03-25,70.84,24-03-25,70.32,24-03-25,69.94,24-03-25,69.67,24-03-25,69.37,24-03-25,69.09,24-03-25,68.91,24-03-25,68.70,24-03-25,68.59,24-03-25,68.39,24-03-25,68.14,24-03-25,68.21,24-03-25,68.09
23-03-25,72.19,23-03-25,71.66,23-03-25,71.16,23-03-25,70.66,23-03-25,70.19,23-03-25,69.79,23-03-25,69.42,23-03-25,69.13,23-03-25,68.86,23-03-25,68.61,23-03-25,68.42,23-03-25,68.26,23-03-25,68.04,23-03-25,68.02,23-03-25,67.84,23-03-25,67.91,23-03-25,67.61
21-03-25,72.16,21-03-25,71.62,21-03-25,71.08,21-03-25,70.57,21-03-25,70.10,21-03-25,69.69,21-03-25,69.34,21-03-25,69.03,21-03-25,68.77,21-03-25,68.53,21-03-25,68.33,21-03-25,68.16,21-03-25,68.04,21-03-25,67.94,21-03-25,67.84,21-03-25,67.91,21-03-25,67.61
20-03-25,72.29,20-03-25,71.73,20-03-25,71.20,20-03-25,70.70,20-03-25,70.23,20-03-25,69.84,20-03-25,69.51,20-03-25,69.23,20-03-25,68.98,20-03-25,68.75,20-03-25,68.57,20-03-25,68.42,20-03-25,68.20,20-03-25,68.23,20-03-25,68.03,20-03-25,67.89,20-03-25,67.97
19-03-25,70.87,19-03-25,70.42,19-03-25,69.97,19-03-25,69.54,19-03-25,69.13,19-03-25,68.77,19-03-25,68.48,19-03-25,68.25,19-03-25,68.03,19-03-25,67.84,19-03-25,67.68,19-03-25,67.55,19-03-25,67.44,19-03-25,67.38,19-03-25,67.39,19-03-25,67.19,19-03-25,67.12
18-03-25,70.43,18-03-25,70.01,18-03-25,69.60,18-03-25,69.18,18-03-25,68.78,18-03-25,68.44,18-03-25,68.15,18-03-25,67.92,18-03-25,67.70,18-03-25,67.51,18-03-25,67.36,18-03-25,67.23,18-03-25,66.92,18-03-25,67.07,18-03-25,67.06,18-03-25,67.01,18-03-25,66.78
17-03-25,70.92,17-03-25,70.44,17-03-25,69.98,17-03-25,69.55,17-03-25,69.14,17-03-25,68.79,17-03-25,68.50,17-03-25,68.25,17-03-25,68.01,17-03-25,67.81,17-03-25,67.64,17-03-25,67.50,17-03-25,67.47,17-03-25,67.30,17-03-25,67.39,17-03-25,67.16,17-03-25,67.09
16-03-25,70.99,16-03-25,70.47,16-03-25,69.95,16-03-25,69.49,16-03-25,69.07,16-03-25,68.71,16-03-25,68.42,16-03-25,68.16,16-03-25,67.92,16-03-25,67.73,16-03-25,67.56,16-03-25,67.43,16-03-25,66.97,16-03-25,67.25,16-03-25,66.74,16-03-25,66.73,16-03-25,66.84
14-03-25,70.54,14-03-25,70.06,14-03-25,69.56,14-03-25,69.10,14-03-25,68.74,14-03-25,68.36,14-03-25,68.02,14-03-25,67.86,14-03-25,67.64,14-03-25,67.39,14-03-25,67.27,14-03-25,67.15,14-03-25,66.97,14-03-25,66.90,14-03-25,66.74,14-03-25,66.73,14-03-25,66.84
13-03-25,70.16,13-03-25,69.67,13-03-25,69.18,13-03-25,68.74,13-03-25,68.35,13-03-25,68.01,13-03-25,67.73,13-03-25,67.50,13-03-25,67.29,13-03-25,67.10,13-03-25,66.95,13-03-25,66.83,13-03-25,66.72,13-03-25,66.64,13-03-25,66.65,13-03-25,66.34,13-03-25,66.29
12-03-25,70.89,12-03-25,70.38,12-03-25,69.90,12-03-25,69.45,12-03-25,69.04,12-03-25,68.68,12-03-25,68.37,12-03-25,68.14,12-03-25,67.90,12-03-25,67.70,12-03-25,67.53,12-03-25,67.39,12-03-25,67.34,12-03-25,67.20,12-03-25,67.26,12-03-25,67.03,12-03-25,66.94
11-03-25,69.92,11-03-25,69.40,11-03-25,68.91,11-03-25,68.46,11-03-25,68.06,11-03-25,67.72,11-03-25,67.43,11-03-25,67.19,11-03-25,66.97,11-03-25,66.79,11-03-25,66.62,11-03-25,66.50,11-03-25,66.36,11-03-25,66.31,11-03-25,66.45,11-03-25,66.10,11-03-25,66.04
10-03-25,69.23,10-03-25,68.72,10-03-25,68.27,10-03-25,67.84,10-03-25,67.48,10-03-25,67.15,10-03-25,66.87,10-03-25,66.64,10-03-25,66.44,10-03-25,66.27,10-03-25,66.12,10-03-25,66.01,10-03-25,65.94,10-03-25,65.85,10-03-25,66.05,10-03-25,65.70,10-03-25,65.45
09-03-25,70.08,09-03-25,69.61,09-03-25,69.18,09-03-25,68.80,09-03-25,68.44,09-03-25,68.14,09-03-25,67.89,09-03-25,67.67,09-03-25,67.48,09-03-25,67.31,09-03-25,67.17,09-03-25,67.05,09-03-25,66.98,09-03-25,66.85,09-03-25,66.93,09-03-25,66.80,09-03-25,67.35
07-03-25,70.43,07-03-25,69.95,07-03-25,69.51,07-03-25,69.10,07-03-25,68.73,07-03-25,68.42,07-03-25,68.15,07-03-25,67.93,07-03-25,67.73,07-03-25,67.55,07-03-25,67.40,07-03-25,67.27,07-03-25,66.98,07-03-25,67.08,07-03-25,66.93,07-03-25,66.80,07-03-25,67.35
06-03-25,69.49,06-03-25,69.02,06-03-25,68.62,06-03-25,68.25,06-03-25,67.90,06-03-25,67.61,06-03-25,67.36,06-03-25,67.15,06-03-25,66.95,06-03-25,66.79,06-03-25,66.64,06-03-25,66.53,06-03-25,66.38,06-03-25,66.33,06-03-25,66.05,06-03-25,66.11,06-03-25,66.06
05-03-25,69.34,05-03-25,68.94,05-03-25,68.60,05-03-25,68.24,05-03-25,67.91,05-03-25,67.63,05-03-25,67.40,05-03-25,67.19,05-03-25,67.00,05-03-25,66.84,05-03-25,66.70,05-03-25,66.59,05-03-25,66.83,05-03-25,66.42,05-03-25,66.44,05-03-25,66.38,05-03-25,66.32
04-03-25,71.10,04-03-25,70.69,04-03-25,70.32,04-03-25,69.92,04-03-25,69.61,04-03-25,69.30,04-03-25,69.04,04-03-25,68.80,04-03-25,68.59,04-03-25,68.41,04-03-25,68.26,04-03-25,68.13,04-03-25,67.91,04-03-25,67.91,04-03-25,67.65,04-03-25,67.70,04-03-25,67.62
03-03-25,71.47,03-03-25,71.00,03-03-25,70.61,03-03-25,70.23,03-03-25,69.87,03-03-25,69.52,03-03-25,69.21,03-03-25,68.92,03-03-25,68.69,03-03-25,68.47,03-03-25,68.29,03-03-25,68.08,03-03-25,67.98,03-03-25,67.89,03-03-25,67.91,03-03-25,67.63,03-03-25,67.53
28-02-25,73.11,28-02-25,72.60,28-02-25,72.11,28-02-25,71.63,28-02-25,71.17,28-02-25,70.75,28-02-25,70.38,28-02-25,70.05,28-02-25,69.76,28-02-25,69.50,28-02-25,69.28,28-02-25,68.92,28-02-25,68.58,28-02-25,68.77,28-02-25,68.43,28-02-25,68.00,28-02-25,68.29
27-02-25,73.90,27-02-25,73.42,27-02-25,72.91,27-02-25,72.43,27-02-25,71.94,27-02-25,71.48,27-02-25,71.05,27-02-25,70.66,27-02-25,70.31,27-02-25,70.03,27-02-25,69.74,27-02-25,69.52,27-02-25,68.48,27-02-25,69.12,27-02-25,69.02,27-02-25,68.85,27-02-25,68.70
26-02-25,72.79,26-02-25,72.31,26-02-25,71.84,26-02-25,71.40,26-02-25,70.98,26-02-25,70.57,26-02-25,70.19,26-02-25,69.86,26-02-25,69.55,26-02-25,69.29,26-02-25,69.06,26-02-25,68.87,26-02-25,68.26,26-02-25,68.53,26-02-25,68.44,26-02-25,68.47,26-02-25,68.18
25-02-25,73.11,25-02-25,72.59,25-02-25,72.19,25-02-25,71.79,25-02-25,71.40,25-02-25,71.01,25-02-25,70.65,25-02-25,70.32,25-02-25,70.02,25-02-25,69.75,25-02-25,69.51,25-02-25,69.31,25-02-25,68.13,25-02-25,68.84,25-02-25,68.87,25-02-25,68.53,25-02-25,68.65
24-02-25,74.91,24-02-25,74.44,24-02-25,74.01,24-02-25,73.59,24-02-25,73.18,24-02-25,72.75,24-02-25,72.36,24-02-25,71.99,24-02-25,71.65,24-02-25,71.34,24-02-25,71.05,24-02-25,70.81,24-02-25,68.86,24-02-25,70.38,24-02-25,70.25,24-02-25,70.07,24-02-25,69.89
21-02-25,74.25,21-02-25,73.84,21-02-25,73.48,21-02-25,73.11,21-02-25,72.72,21-02-25,72.33,21-02-25,71.97,21-02-25,71.62,21-02-25,71.31,21-02-25,71.02,21-02-25,70.75,21-02-25,70.52,21-02-25,68.83,21-02-25,70.15,21-02-25,70.01,21-02-25,69.83,21-02-25,69.72
20-02-25,76.62,20-02-25,76.18,20-02-25,75.73,20-02-25,75.29,20-02-25,74.85,20-02-25,74.40,20-02-25,73.97,20-02-25,73.57,20-02-25,73.24,20-02-25,72.89,20-02-25,72.57,20-02-25,72.29,20-02-25,69.36,20-02-25,71.72,20-02-25,71.63,20-02-25,71.34,20-02-25,71.34
19-02-25,76.09,19-02-25,75.72,19-02-25,75.29,19-02-25,74.86,19-02-25,74.42,19-02-25,73.97,19-02-25,73.53,19-02-25,73.19,19-02-25,72.83,19-02-25,72.50,19-02-25,72.18,19-02-25,71.92,19-02-25,69.25,19-02-25,71.40,19-02-25,71.26,19-02-25,71.23,19-02-25,70.88
18-02-25,75.76,18-02-25,75.33,18-02-25,74.90,18-02-25,74.46,18-02-25,74.02,18-02-25,73.56,18-02-25,73.13,18-02-25,72.76,18-02-25,72.41,18-02-25,72.07,18-02-25,71.77,18-02-25,71.52,18-02-25,71.33,18-02-25,71.15,18-02-25,70.90,18-02-25,70.79,18-02-25,70.62
17-02-25,75.35,17-02-25,75.04,17-02-25,74.65,17-02-25,74.25,17-02-25,73.84,17-02-25,73.39,17-02-25,72.98,17-02-25,72.61,17-02-25,72.27,17-02-25,71.95,17-02-25,71.65,17-02-25,71.42,17-02-25,69.06,17-02-25,71.11,17-02-25,70.90,17-02-25,70.64,17-02-25,70.46
14-02-25,74.63,14-02-25,74.33,14-02-25,73.96,14-02-25,73.57,14-02-25,73.16,14-02-25,72.76,14-02-25,72.38,14-02-25,72.03,14-02-25,71.71,14-02-25,71.41,14-02-25,71.12,14-02-25,70.88,14-02-25,68.94,14-02-25,70.47,14-02-25,70.33,14-02-25,69.96,14-02-25,69.98
13-02-25,75.28,13-02-25,74.90,13-02-25,74.46,13-02-25,74.05,13-02-25,73.60,13-02-25,73.17,13-02-25,72.77,13-02-25,72.40,13-02-25,72.05,13-02-25,71.73,13-02-25,71.43,13-02-25,71.18,13-02-25,68.96,13-02-25,70.65,13-02-25,70.59,13-02-25,70.16,13-02-25,70.13
12-02-25,74.95,12-02-25,74.64,12-02-25,74.27,12-02-25,73.87,12-02-25,73.44,12-02-25,73.03,12-02-25,72.63,12-02-25,72.27,12-02-25,71.94,12-02-25,71.62,12-02-25,71.33,12-02-25,71.09,12-02-25,69.02,12-02-25,70.72,12-02-25,70.53,12-02-25,70.57,12-02-25,70.09
11-02-25,76.81,11-02-25,76.43,11-02-25,75.97,11-02-25,75.47,11-02-25,74.99,11-02-25,74.50,11-02-25,74.05,11-02-25,73.63,11-02-25,73.26,11-02-25,72.90,11-02-25,72.58,11-02-25,72.30,11-02-25,69.41,11-02-25,71.73,11-02-25,71.65,11-02-25,71.48,11-02-25,71.31
10-02-25,76.12,10-02-25,75.65,10-02-25,75.16,10-02-25,74.67,10-02-25,74.17,10-02-25,73.69,10-02-25,73.24,10-02-25,72.82,10-02-25,72.45,10-02-25,72.09,10-02-25,71.77,10-02-25,71.50,10-02-25,69.08,10-02-25,70.98,10-02-25,70.85,10-02-25,70.64,10-02-25,70.44
07-02-25,74.76,07-02-25,74.34,07-02-25,73.92,07-02-25,73.51,07-02-25,73.09,07-02-25,72.68,07-02-25,72.24,07-02-25,71.88,07-02-25,71.55,07-02-25,71.23,07-02-25,70.94,07-02-25,70.72,07-02-25,68.85,07-02-25,70.31,07-02-25,70.14,07-02-25,69.85,07-02-25,69.82
06-02-25,74.28,06-02-25,73.85,06-02-25,73.41,06-02-25,72.97,06-02-25,72.53,06-02-25,72.12,06-02-25,71.75,06-02-25,71.41,06-02-25,71.09,06-02-25,70.79,06-02-25,70.52,06-02-25,70.29,06-02-25,68.72,06-02-25,69.91,06-02-25,69.79,06-02-25,69.79,06-02-25,69.50
05-02-25,74.70,05-02-25,74.17,05-02-25,73.61,05-02-25,73.08,05-02-25,72.61,05-02-25,72.16,05-02-25,71.75,05-02-25,71.39,05-02-25,71.05,05-02-25,70.72,05-02-25,70.44,05-02-25,70.21,05-02-25,68.71,05-02-25,69.82,05-02-25,69.66,05-02-25,69.50,05-02-25,69.36
04-02-25,76.08,04-02-25,75.42,04-02-25,74.77,04-02-25,74.18,04-02-25,73.66,04-02-25,73.17,04-02-25,72.73,04-02-25,72.30,04-02-25,71.92,04-02-25,71.55,04-02-25,71.24,04-02-25,70.98,04-02-25,68.32,04-02-25,70.29,04-02-25,70.35,04-02-25,70.16,04-02-25,70.00
03-02-25,75.46,03-02-25,74.76,03-02-25,74.12,03-02-25,73.55,03-02-25,73.10,03-02-25,72.60,03-02-25,72.16,03-02-25,71.75,03-02-25,71.39,03-02-25,71.05,03-02-25,70.75,03-02-25,68.00,03-02-25,68.78,03-02-25,70.05,03-02-25,69.90,03-02-25,69.61,03-02-25,69.59
31-01-25,76.75,31-01-25,75.63,31-01-25,74.88,31-01-25,74.21,31-01-25,73.63,31-01-25,73.13,31-01-25,72.66,31-01-25,72.22,31-01-25,71.81,31-01-25,71.43,31-01-25,71.08,31-01-25,70.78,31-01-25,70.66,31-01-25,70.39,31-01-25,70.12,31-01-25,69.92,31-01-25,69.60
30-01-25,77.07,30-01-25,76.09,30-01-25,75.31,30-01-25,74.63,30-01-25,74.07,30-01-25,73.57,30-01-25,73.12,30-01-25,72.66,30-01-25,72.25,30-01-25,71.86,30-01-25,71.51,30-01-25,71.20,30-01-25,67.13,30-01-25,70.68,30-01-25,70.47,30-01-25,70.27,30-01-25,69.93
29-01-25,76.91,29-01-25,75.92,29-01-25,75.10,29-01-25,74.39,29-01-25,73.81,29-01-25,73.31,29-01-25,72.85,29-01-25,72.41,29-01-25,72.01,29-01-25,71.64,29-01-25,71.31,29-01-25,71.01,29-01-25,71.00,29-01-25,70.35,29-01-25,70.22,29-01-25,70.15,29-01-25,69.91
28-01-25,77.62,28-01-25,76.59,28-01-25,75.67,28-01-25,74.88,28-01-25,74.23,28-01-25,73.69,28-01-25,73.20,28-01-25,72.74,28-01-25,72.33,28-01-25,71.95,28-01-25,71.60,28-01-25,71.29,28-01-25,70.92,28-01-25,70.74,28-01-25,70.48,28-01-25,70.39,28-01-25,70.11
27-01-25,77.08,27-01-25,76.21,27-01-25,75.48,27-01-25,74.82,27-01-25,74.27,27-01-25,73.80,27-01-25,73.35,27-01-25,72.94,27-01-25,72.55,27-01-25,72.20,27-01-25,71.87,27-01-25,71.56,27-01-25,67.23,27-01-25,70.98,27-01-25,70.78,27-01-25,70.68,27-01-25,70.44
24-01-25,78.43,24-01-25,77.44,24-01-25,76.66,24-01-25,75.94,24-01-25,75.37,24-01-25,74.85,24-01-25,74.36,24-01-25,73.96,24-01-25,73.53,24-01-25,73.13,24-01-25,72.77,24-01-25,72.44,24-01-25,67.55,24-01-25,72.00,24-01-25,71.72,24-01-25,71.52,24-01-25,71.14
23-01-25,77.89,23-01-25,77.20,23-01-25,76.59,23-01-25,76.01,23-01-25,75.49,23-01-25,75.02,23-01-25,74.57,23-01-25,74.15,23-01-25,73.75,23-01-25,73.38,23-01-25,73.03,23-01-25,72.70,23-01-25,67.62,23-01-25,72.23,23-01-25,71.97,23-01-25,71.78,23-01-25,71.58
22-01-25,79.00,22-01-25,78.16,22-01-25,77.38,22-01-25,76.67,22-01-25,76.05,22-01-25,75.50,22-01-25,74.97,22-01-25,74.48,22-01-25,74.02,22-01-25,73.61,22-01-25,73.23,22-01-25,72.87,22-01-25,67.70,22-01-25,72.37,22-01-25,71.98,22-01-25,71.84,22-01-25,71.57
21-01-25,79.40,21-01-25,78.48,21-01-25,77.68,21-01-25,76.96,21-01-25,76.31,21-01-25,75.70,21-01-25,75.20,21-01-25,74.67,21-01-25,74.21,21-01-25,73.79,21-01-25,73.41,21-01-25,73.06,21-01-25,67.72,21-01-25,72.52,21-01-25,72.31,21-01-25,72.09,21-01-25,71.89
20-01-25,79.81,20-01-25,78.81,20-01-25,77.85,20-01-25,77.03,20-01-25,76.32,20-01-25,75.70,20-01-25,75.13,20-01-25,74.62,20-01-25,74.13,20-01-25,73.71,20-01-25,73.32,20-01-25,72.97,20-01-25,72.60,20-01-25,72.67,20-01-25,72.45,20-01-25,72.03,20-01-25,72.10
17-01-25,80.70,17-01-25,79.49,17-01-25,78.34,17-01-25,77.34,17-01-25,76.57,17-01-25,75.88,17-01-25,75.25,17-01-25,74.69,17-01-25,74.16,17-01-25,73.70,17-01-25,73.27,17-01-25,72.90,17-01-25,72.66,17-01-25,72.37,17-01-25,72.14,17-01-25,71.88,17-01-25,71.91
16-01-25,81.29,16-01-25,79.90,16-01-25,78.75,16-01-25,77.77,16-01-25,76.94,16-01-25,76.23,16-01-25,75.59,16-01-25,75.01,16-01-25,74.48,16-01-25,74.01,16-01-25,73.59,16-01-25,73.20,16-01-25,72.88,16-01-25,72.59,16-01-25,72.30,16-01-25,72.12,16-01-25,71.86
15-01-25,82.47,15-01-25,81.06,15-01-25,79.83,15-01-25,78.79,15-01-25,77.92,15-01-25,77.18,15-01-25,76.46,15-01-25,75.86,15-01-25,75.30,15-01-25,74.80,15-01-25,74.34,15-01-25,73.93,15-01-25,73.64,15-01-25,73.31,15-01-25,72.97,15-01-25,72.68,15-01-25,72.44
14-01-25,80.30,14-01-25,79.21,14-01-25,78.16,14-01-25,77.39,14-01-25,76.69,14-01-25,76.05,14-01-25,75.53,14-01-25,75.02,14-01-25,74.55,14-01-25,74.13,14-01-25,73.74,14-01-25,73.39,14-01-25,72.91,14-01-25,72.77,14-01-25,72.41,14-01-25,72.34,14-01-25,72.12
13-01-25,80.92,13-01-25,79.58,13-01-25,78.44,13-01-25,77.53,13-01-25,76.76,13-01-25,76.07,13-01-25,75.44,13-01-25,74.87,13-01-25,74.34,13-01-25,73.87,13-01-25,73.44,13-01-25,73.05,13-01-25,72.64,13-01-25,72.33,13-01-25,72.09,13-01-25,71.90,13-01-25,71.62
10-01-25,79.72,10-01-25,78.76,10-01-25,77.97,10-01-25,77.28,10-01-25,76.65,10-01-25,76.06,10-01-25,75.52,10-01-25,75.01,10-01-25,74.54,10-01-25,74.11,10-01-25,73.72,10-01-25,73.35,10-01-25,73.07,10-01-25,72.77,10-01-25,72.45,10-01-25,72.22,10-01-25,71.97
09-01-25,77.16,09-01-25,76.47,09-01-25,75.91,09-01-25,75.44,09-01-25,75.00,09-01-25,74.61,09-01-25,74.20,09-01-25,73.83,09-01-25,73.47,09-01-25,73.14,09-01-25,72.80,09-01-25,72.49,09-01-25,72.25,09-01-25,71.84,09-01-25,71.62,09-01-25,71.57,09-01-25,71.21
08-01-25,76.20,08-01-25,75.59,08-01-25,75.12,08-01-25,74.72,08-01-25,74.36,08-01-25,74.03,08-01-25,73.64,08-01-25,73.31,08-01-25,72.96,08-01-25,72.66,08-01-25,72.37,08-01-25,72.09,08-01-25,71.91,08-01-25,71.69,08-01-25,71.48,08-01-25,71.29,08-01-25,70.93
07-01-25,77.25,07-01-25,76.58,07-01-25,76.05,07-01-25,75.63,07-01-25,75.23,07-01-25,74.83,07-01-25,74.45,07-01-25,74.08,07-01-25,73.73,07-01-25,73.41,07-01-25,73.09,07-01-25,72.79,07-01-25,72.35,07-01-25,72.23,07-01-25,72.03,07-01-25,71.93,07-01-25,71.50
06-01-25,76.28,06-01-25,75.69,06-01-25,75.22,06-01-25,74.85,06-01-25,74.49,06-01-25,74.15,06-01-25,73.81,06-01-25,73.49,06-01-25,73.18,06-01-25,72.87,06-01-25,72.58,06-01-25,72.32,06-01-25,72.05,06-01-25,71.83,06-01-25,71.61,06-01-25,71.53,06-01-25,71.27
03-01-25,76.68,03-01-25,76.09,03-01-25,75.63,03-01-25,75.24,03-01-25,74.86,03-01-25,74.49,03-01-25,74.13,03-01-25,73.79,03-01-25,73.45,03-01-25,73.13,03-01-25,72.82,03-01-25,72.52,03-01-25,72.13,03-01-25,71.91,03-01-25,71.72,03-01-25,71.65,03-01-25,71.53
02-01-25,75.94,02-01-25,75.44,02-01-25,75.02,02-01-25,74.64,02-01-25,74.27,02-01-25,73.90,02-01-25,73.55,02-01-25,73.22,02-01-25,72.91,02-01-25,72.61,02-01-25,72.31,02-01-25,72.04,02-01-25,71.82,02-01-25,71.62,02-01-25,71.38,02-01-25,71.27,02-01-25,71.05
31-12-24,74.83,31-12-24,74.42,31-12-24,74.05,31-12-24,73.73,31-12-24,73.41,31-12-24,73.10,31-12-24,72.78,31-12-24,72.49,31-12-24,72.21,31-12-24,71.96,31-12-24,71.67,31-12-24,71.36,31-12-24,71.14,31-12-24,70.96,31-12-24,70.86,31-12-24,70.77,31-12-24,70.77
30-12-24,74.14,30-12-24,73.72,30-12-24,73.38,30-12-24,73.07,30-12-24,72.77,30-12-24,72.47,30-12-24,72.18,30-12-24,71.90,30-12-24,71.63,30-12-24,71.38,30-12-24,71.13,30-12-24,71.00,30-12-24,70.46,30-12-24,70.51,30-12-24,70.34,30-12-24,70.26,30-12-24,70.15
27-12-24,73.94,27-12-24,73.56,27-12-24,73.08,27-12-24,72.73,27-12-24,72.45,27-12-24,72.12,27-12-24,71.86,27-12-24,71.57,27-12-24,71.30,27-12-24,71.04,27-12-24,70.81,27-12-24,70.56,27-12-24,69.73,27-12-24,70.13,27-12-24,69.98,27-12-24,69.70,27-12-24,69.75
26-12-24,73.28,26-12-24,72.86,26-12-24,72.45,26-12-24,72.11,26-12-24,71.82,26-12-24,71.56,26-12-24,71.29,26-12-24,71.03,26-12-24,70.79,26-12-24,70.56,26-12-24,70.34,26-12-24,70.12,26-12-24,69.48,26-12-24,69.72,26-12-24,69.58,26-12-24,69.42,26-12-24,69.39
24-12-24,73.64,24-12-24,73.23,24-12-24,72.83,24-12-24,72.50,24-12-24,72.22,24-12-24,71.95,24-12-24,71.69,24-12-24,71.44,24-12-24,71.20,24-12-24,70.97,24-12-24,70.75,24-12-24,70.52,24-12-24,69.90,24-12-24,70.10,24-12-24,69.95,24-12-24,69.90,24-12-24,69.80
23-12-24,72.95,23-12-24,72.64,23-12-24,72.28,23-12-24,71.99,23-12-24,71.72,23-12-24,71.47,23-12-24,71.22,23-12-24,70.98,23-12-24,70.75,23-12-24,70.53,23-12-24,70.33,23-12-24,70.11,23-12-24,69.53,23-12-24,69.85,23-12-24,69.74,23-12-24,69.56,23-12-24,69.42
20-12-24,72.99,20-12-24,72.61,20-12-24,72.23,20-12-24,71.91,20-12-24,71.64,20-12-24,71.38,20-12-24,71.12,20-12-24,70.86,20-12-24,70.63,20-12-24,70.41,20-12-24,70.19,20-12-24,69.97,20-12-24,69.42,20-12-24,69.62,20-12-24,69.47,20-12-24,69.38,20-12-24,69.27
19-12-24,72.66,19-12-24,72.26,19-12-24,71.92,19-12-24,71.62,19-12-24,71.36,19-12-24,71.11,19-12-24,70.86,19-12-24,70.61,19-12-24,70.36,19-12-24,70.13,19-12-24,69.93,19-12-24,69.72,19-12-24,66.93,19-12-24,69.37,19-12-24,69.23,19-12-24,69.06,19-12-24,68.97
18-12-24,72.99,18-12-24,72.61,18-12-24,72.30,18-12-24,72.03,18-12-24,71.78,18-12-24,71.53,18-12-24,71.30,18-12-24,71.07,18-12-24,70.82,18-12-24,70.60,18-12-24,70.43,18-12-24,70.22,18-12-24,66.93,18-12-24,69.75,18-12-24,69.59,18-12-24,69.41,18-12-24,69.41
17-12-24,73.33,17-12-24,72.98,17-12-24,72.68,17-12-24,72.44,17-12-24,72.20,17-12-24,71.96,17-12-24,71.73,17-12-24,71.50,17-12-24,71.28,17-12-24,71.06,17-12-24,70.89,17-12-24,70.68,17-12-24,66.93,17-12-24,70.14,17-12-24,70.01,17-12-24,69.96,17-12-24,69.89
16-12-24,73.88,16-12-24,73.50,16-12-24,73.19,16-12-24,72.93,16-12-24,72.69,16-12-24,72.47,16-12-24,72.24,16-12-24,72.01,16-12-24,71.79,16-12-24,71.57,16-12-24,71.39,16-12-24,71.19,16-12-24,70.53,16-12-24,70.81,16-12-24,70.65,16-12-24,70.48,16-12-24,70.43
13-12-24,74.39,13-12-24,74.00,13-12-24,73.66,13-12-24,73.40,13-12-24,73.16,13-12-24,72.92,13-12-24,72.65,13-12-24,72.40,13-12-24,72.16,13-12-24,71.95,13-12-24,71.76,13-12-24,71.54,13-12-24,70.92,13-12-24,71.20,13-12-24,71.03,13-12-24,70.66,13-12-24,70.62
12-12-24,73.37,12-12-24,73.02,12-12-24,72.72,12-12-24,72.50,12-12-24,72.31,12-12-24,72.12,12-12-24,71.92,12-12-24,71.71,12-12-24,71.52,12-12-24,71.33,12-12-24,71.16,12-12-24,70.97,12-12-24,70.53,12-12-24,70.71,12-12-24,70.57,12-12-24,70.39,12-12-24,70.25
11-12-24,73.63,11-12-24,73.22,11-12-24,72.88,11-12-24,72.62,11-12-24,72.40,11-12-24,72.18,11-12-24,71.96,11-12-24,71.72,11-12-24,71.49,11-12-24,71.31,11-12-24,71.13,11-12-24,70.92,11-12-24,70.36,11-12-24,70.09,11-12-24,70.42,11-12-24,70.22,11-12-24,70.14
10-12-24,72.09,10-12-24,71.77,10-12-24,71.50,10-12-24,71.38,10-12-24,71.24,10-12-24,71.11,10-12-24,70.94,10-12-24,70.77,10-12-24,70.59,10-12-24,70.44,10-12-24,70.30,10-12-24,70.13,10-12-24,69.60,10-12-24,69.67,10-12-24,69.70,10-12-24,69.54,10-12-24,69.53
09-12-24,71.93,09-12-24,71.62,09-12-24,71.39,09-12-24,71.23,09-12-24,71.10,09-12-24,70.94,09-12-24,70.78,09-12-24,70.62,09-12-24,70.45,09-12-24,70.35,09-12-24,70.22,09-12-24,70.07,09-12-24,69.81,09-12-24,69.78,09-12-24,69.77,09-12-24,69.61,09-12-24,69.49
06-12-24,71.05,06-12-24,70.73,06-12-24,70.49,06-12-24,70.34,06-12-24,70.23,06-12-24,70.09,06-12-24,69.96,06-12-24,69.81,06-12-24,69.66,06-12-24,69.53,06-12-24,69.41,06-12-24,69.27,06-12-24,68.89,06-12-24,69.12,06-12-24,69.02,06-12-24,68.88,06-12-24,68.75
05-12-24,72.19,05-12-24,71.78,05-12-24,71.49,05-12-24,71.30,05-12-24,71.14,05-12-24,70.98,05-12-24,70.80,05-12-24,70.61,05-12-24,70.44,05-12-24,70.28,05-12-24,70.14,05-12-24,69.97,05-12-24,69.48,05-12-24,69.69,05-12-24,69.58,05-12-24,69.44,05-12-24,69.34
04-12-24,72.50,04-12-24,72.12,04-12-24,71.84,04-12-24,71.62,04-12-24,71.44,04-12-24,71.26,04-12-24,71.08,04-12-24,70.88,04-12-24,70.70,04-12-24,70.52,04-12-24,70.37,04-12-24,70.20,04-12-24,69.63,04-12-24,69.88,04-12-24,69.76,04-12-24,69.66,04-12-24,69.53
03-12-24,73.68,03-12-24,73.25,03-12-24,72.95,03-12-24,72.72,03-12-24,72.53,03-12-24,72.35,03-12-24,72.15,03-12-24,71.97,03-12-24,71.77,03-12-24,71.59,03-12-24,71.43,03-12-24,71.23,03-12-24,70.55,03-12-24,70.82,03-12-24,70.52,03-12-24,70.38,03-12-24,70.56
02-12-24,71.92,02-12-24,71.63,02-12-24,71.42,02-12-24,71.25,02-12-24,71.09,02-12-24,70.94,02-12-24,70.78,02-12-24,70.60,02-12-24,70.43,02-12-24,70.28,02-12-24,70.14,02-12-24,69.58,02-12-24,69.51,02-12-24,69.54,02-12-24,69.47,02-12-24,69.43,02-12-24,69.40
29-11-24,72.94,29-11-24,71.85,29-11-24,71.50,29-11-24,71.26,29-11-24,71.08,29-11-24,70.93,29-11-24,70.77,29-11-24,70.59,29-11-24,70.42,29-11-24,70.24,29-11-24,70.09,29-11-24,69.95,29-11-24,69.91,29-11-24,69.67,29-11-24,69.83,29-11-24,69.34,29-11-24,69.18
28-11-24,73.15,28-11-24,72.68,28-11-24,72.31,28-11-24,72.07,28-11-24,71.88,28-11-24,71.72,28-11-24,71.57,28-11-24,71.39,28-11-24,71.20,28-11-24,71.02,28-11-24,70.85,28-11-24,70.70,28-11-24,69.84,28-11-24,69.67,28-11-24,69.93,28-11-24,69.77,28-11-24,69.68
27-11-24,72.94,27-11-24,72.39,27-11-24,72.03,27-11-24,71.77,27-11-24,71.56,27-11-24,71.41,27-11-24,71.24,27-11-24,71.05,27-11-24,70.85,27-11-24,70.67,27-11-24,70.48,27-11-24,70.35,27-11-24,69.84,27-11-24,69.67,27-11-24,69.93,27-11-24,69.77,27-11-24,69.68
26-11-24,72.94,26-11-24,72.41,26-11-24,72.11,26-11-24,71.88,26-11-24,71.71,26-11-24,71.56,26-11-24,71.40,26-11-24,71.22,26-11-24,71.05,26-11-24,70.86,26-11-24,70.70,26-11-24,70.56,26-11-24,70.14,26-11-24,69.84,26-11-24,69.78,26-11-24,70.11,26-11-24,69.88
25-11-24,73.12,25-11-24,72.56,25-11-24,72.23,25-11-24,72.01,25-11-24,71.84,25-11-24,71.68,25-11-24,71.51,25-11-24,71.32,25-11-24,71.12,25-11-24,70.94,25-11-24,70.76,25-11-24,70.60,25-11-24,70.08,25-11-24,69.87,25-11-24,69.78,25-11-24,69.92,25-11-24,69.85
22-11-24,75.22,22-11-24,74.68,22-11-24,74.31,22-11-24,74.04,22-11-24,73.83,22-11-24,73.64,22-11-24,73.45,22-11-24,73.23,22-11-24,73.00,22-11-24,72.81,22-11-24,72.61,22-11-24,72.41,22-11-24,71.66,22-11-24,71.43,22-11-24,71.61,22-11-24,71.47,22-11-24,71.35
21-11-24,74.36,21-11-24,73.87,21-11-24,73.55,21-11-24,73.28,21-11-24,73.09,21-11-24,72.91,21-11-24,72.73,21-11-24,72.53,21-11-24,72.35,21-11-24,72.15,21-11-24,71.94,21-11-24,71.72,21-11-24,71.47,21-11-24,71.31,21-11-24,71.10,21-11-24,70.98,21-11-24,70.84
20-11-24,73.09,20-11-24,72.75,20-11-24,72.51,20-11-24,72.33,20-11-24,72.19,20-11-24,72.06,20-11-24,71.91,20-11-24,71.76,20-11-24,71.58,20-11-24,71.43,20-11-24,71.26,20-11-24,71.08,20-11-24,70.92,20-11-24,70.77,20-11-24,70.62,20-11-24,70.53,20-11-24,70.42
19-11-24,73.31,19-11-24,72.99,19-11-24,72.75,19-11-24,72.59,19-11-24,72.47,19-11-24,72.33,19-11-24,72.18,19-11-24,72.05,19-11-24,71.89,19-11-24,71.71,19-11-24,71.55,19-11-24,71.39,19-11-24,71.14,19-11-24,71.10,19-11-24,70.94,19-11-24,70.85,19-11-24,70.73
18-11-24,73.13,18-11-24,72.84,18-11-24,72.60,18-11-24,72.45,18-11-24,72.30,18-11-24,72.13,18-11-24,71.99,18-11-24,71.83,18-11-24,71.65,18-11-24,71.47,18-11-24,71.28,18-11-24,71.14,18-11-24,71.11,18-11-24,70.97,18-11-24,70.78,18-11-24,70.67,18-11-24,70.55
15-11-24,71.03,15-11-24,70.76,15-11-24,70.56,15-11-24,70.41,15-11-24,70.31,15-11-24,70.19,15-11-24,70.06,15-11-24,69.92,15-11-24,69.78,15-11-24,69.62,15-11-24,69.48,15-11-24,69.36,15-11-24,69.22,15-11-24,69.11,15-11-24,68.94,15-11-24,68.87,15-11-24,68.83
14-11-24,72.38,14-11-24,72.05,14-11-24,71.80,14-11-24,71.61,14-11-24,71.48,14-11-24,71.36,14-11-24,71.22,14-11-24,71.06,14-11-24,70.90,14-11-24,70.72,14-11-24,70.57,14-11-24,70.42,14-11-24,70.33,14-11-24,70.15,14-11-24,70.00,14-11-24,69.90,14-11-24,69.77
13-11-24,72.02,13-11-24,71.71,13-11-24,71.47,13-11-24,71.31,13-11-24,71.18,13-11-24,71.06,13-11-24,70.93,13-11-24,70.78,13-11-24,70.62,13-11-24,70.46,13-11-24,70.31,13-11-24,70.16,13-11-24,69.96,13-11-24,69.78,13-11-24,69.67,13-11-24,69.59,13-11-24,69.45
12-11-24,71.73,12-11-24,71.50,12-11-24,71.31,12-11-24,71.17,12-11-24,71.08,12-11-24,70.98,12-11-24,70.87,12-11-24,70.74,12-11-24,70.61,12-11-24,70.46,12-11-24,70.31,12-11-24,70.20,12-11-24,70.12,12-11-24,69.95,12-11-24,69.84,12-11-24,69.76,12-11-24,69.60
11-11-24,71.91,11-11-24,71.72,11-11-24,71.56,11-11-24,71.44,11-11-24,71.36,11-11-24,71.28,11-11-24,71.19,11-11-24,71.09,11-11-24,70.96,11-11-24,70.82,11-11-24,70.69,11-11-24,70.56,11-11-24,70.42,11-11-24,70.31,11-11-24,70.15,11-11-24,70.08,11-11-24,70.00
08-11-24,73.90,08-11-24,73.64,08-11-24,73.42,08-11-24,73.23,08-11-24,73.11,08-11-24,72.99,08-11-24,72.81,08-11-24,72.66,08-11-24,72.49,08-11-24,72.29,08-11-24,72.12,08-11-24,71.94,08-11-24,71.80,08-11-24,71.65,08-11-24,71.44,08-11-24,71.33,08-11-24,71.23
07-11-24,75.57,07-11-24,75.22,07-11-24,74.93,07-11-24,74.70,07-11-24,74.53,07-11-24,74.35,07-11-24,74.16,07-11-24,73.96,07-11-24,73.74,07-11-24,73.52,07-11-24,73.30,07-11-24,73.10,07-11-24,72.80,07-11-24,72.61,07-11-24,72.40,07-11-24,72.25,07-11-24,72.13
06-11-24,75.16,06-11-24,74.79,06-11-24,74.49,06-11-24,74.25,06-11-24,74.07,06-11-24,73.90,06-11-24,73.72,06-11-24,73.52,06-11-24,73.30,06-11-24,73.08,06-11-24,72.86,06-11-24,72.65,06-11-24,72.45,06-11-24,72.27,06-11-24,72.03,06-11-24,71.90,06-11-24,71.73
05-11-24,75.53,05-11-24,75.13,05-11-24,74.82,05-11-24,74.57,05-11-24,74.33,05-11-24,74.14,05-11-24,73.91,05-11-24,73.62,05-11-24,73.38,05-11-24,73.12,05-11-24,72.83,05-11-24,72.61,05-11-24,72.48,05-11-24,72.22,05-11-24,72.20,05-11-24,71.89,05-11-24,71.72
04-11-24,75.20,04-11-24,74.75,04-11-24,74.43,04-11-24,74.18,04-11-24,73.97,04-11-24,73.75,04-11-24,73.54,04-11-24,73.32,04-11-24,73.09,04-11-24,72.86,04-11-24,72.65,04-11-24,72.46,04-11-24,72.28,04-11-24,72.06,04-11-24,71.85,04-11-24,71.71,04-11-24,71.39
01-11-24,72.95,01-11-24,72.57,01-11-24,72.33,01-11-24,72.17,01-11-24,72.03,01-11-24,71.90,01-11-24,71.76,01-11-24,71.61,01-11-24,71.49,01-11-24,71.30,01-11-24,71.16,01-11-24,71.01,01-11-24,71.00,01-11-24,70.81,01-11-24,70.69,01-11-24,70.60,01-11-24,70.59
31-10-24,73.16,31-10-24,72.83,31-10-24,72.47,31-10-24,72.22,31-10-24,72.06,31-10-24,71.93,31-10-24,71.81,31-10-24,71.69,31-10-24,71.55,31-10-24,71.41,31-10-24,71.25,31-10-24,71.09,31-10-24,70.96,31-10-24,70.57,31-10-24,70.59,31-10-24,70.45,31-10-24,70.44
30-10-24,73.03,30-10-24,72.65,30-10-24,72.27,30-10-24,72.01,30-10-24,71.86,30-10-24,71.76,30-10-24,71.67,30-10-24,71.57,30-10-24,71.46,30-10-24,71.34,30-10-24,71.19,30-10-24,71.08,30-10-24,70.95,30-10-24,70.62,30-10-24,70.52,30-10-24,70.39,30-10-24,70.30
29-10-24,71.39,29-10-24,71.00,29-10-24,70.65,29-10-24,70.45,29-10-24,70.34,29-10-24,70.29,29-10-24,70.23,29-10-24,70.17,29-10-24,70.08,29-10-24,69.99,29-10-24,69.87,29-10-24,69.79,29-10-24,69.72,29-10-24,69.62,29-10-24,69.30,29-10-24,69.24,29-10-24,69.18
28-10-24,72.06,28-10-24,71.62,28-10-24,71.25,28-10-24,71.01,28-10-24,70.87,28-10-24,70.77,28-10-24,70.72,28-10-24,70.63,28-10-24,70.54,28-10-24,70.40,28-10-24,70.30,28-10-24,70.12,28-10-24,70.02,28-10-24,70.01,28-10-24,69.88,28-10-24,69.77,28-10-24,69.68
27-10-24,72.78,27-10-24,72.41,27-10-24,72.06,27-10-24,71.83,27-10-24,71.67,27-10-24,71.57,27-10-24,71.49,27-10-24,71.38,27-10-24,71.27,27-10-24,71.15,27-10-24,71.02,27-10-24,70.91,27-10-24,70.80,27-10-24,72.97,27-10-24,72.83,27-10-24,72.65,27-10-24,72.50
25-10-24,75.89,25-10-24,75.47,25-10-24,75.06,25-10-24,74.75,25-10-24,74.51,25-10-24,74.32,25-10-24,74.16,25-10-24,73.98,25-10-24,73.80,25-10-24,73.61,25-10-24,73.42,25-10-24,73.23,25-10-24,73.05,25-10-24,72.97,25-10-24,72.83,25-10-24,72.65,25-10-24,72.50
24-10-24,74.54,24-10-24,74.18,24-10-24,73.82,24-10-24,73.54,24-10-24,73.34,24-10-24,73.18,24-10-24,73.03,24-10-24,72.88,24-10-24,72.72,24-10-24,72.56,24-10-24,72.38,24-10-24,72.24,24-10-24,72.06,24-10-24,72.03,24-10-24,71.86,24-10-24,71.75,24-10-24,71.62
23-10-24,75.22,23-10-24,74.83,23-10-24,74.42,23-10-24,74.13,23-10-24,73.92,23-10-24,73.73,23-10-24,73.54,23-10-24,73.40,23-10-24,73.22,23-10-24,73.00,23-10-24,72.87,23-10-24,72.70,23-10-24,72.51,23-10-24,72.31,23-10-24,72.14,23-10-24,72.00,23-10-24,71.88
22-10-24,75.62,22-10-24,75.20,22-10-24,74.78,22-10-24,74.44,22-10-24,74.20,22-10-24,73.98,22-10-24,73.80,22-10-24,73.60,22-10-24,73.42,22-10-24,73.23,22-10-24,73.05,22-10-24,72.87,22-10-24,72.70,22-10-24,72.52,22-10-24,72.51,22-10-24,72.37,22-10-24,72.23
21-10-24,74.08,21-10-24,73.72,21-10-24,73.33,21-10-24,73.05,21-10-24,72.83,21-10-24,72.65,21-10-24,72.51,21-10-24,72.37,21-10-24,72.22,21-10-24,72.07,21-10-24,71.91,21-10-24,71.78,21-10-24,71.66,21-10-24,71.75,21-10-24,71.60,21-10-24,71.61,21-10-24,71.38
20-10-24,73.17,20-10-24,72.80,20-10-24,72.46,20-10-24,72.23,20-10-24,72.05,20-10-24,71.92,20-10-24,71.80,20-10-24,71.67,20-10-24,71.56,20-10-24,71.42,20-10-24,71.29,20-10-24,71.19,20-10-24,71.09,20-10-24,70.94,20-10-24,70.81,20-10-24,70.80,20-10-24,70.65
18-10-24,73.18,18-10-24,72.80,18-10-24,72.47,18-10-24,72.26,18-10-24,72.09,18-10-24,71.94,18-10-24,71.82,18-10-24,71.71,18-10-24,71.59,18-10-24,71.42,18-10-24,71.33,18-10-24,71.16,18-10-24,71.05,18-10-24,70.94,18-10-24,70.81,18-10-24,70.80,18-10-24,70.65
17-10-24,74.46,17-10-24,73.97,17-10-24,73.56,17-10-24,73.26,17-10-24,73.05,17-10-24,72.87,17-10-24,72.71,17-10-24,72.56,17-10-24,72.41,17-10-24,72.26,17-10-24,72.09,17-10-24,71.99,17-10-24,71.85,17-10-24,71.80,17-10-24,71.62,17-10-24,71.51,17-10-24,71.60
16-10-24,74.48,16-10-24,74.05,16-10-24,73.67,16-10-24,73.39,16-10-24,73.17,16-10-24,72.97,16-10-24,72.79,16-10-24,72.62,16-10-24,72.45,16-10-24,72.28,16-10-24,72.11,16-10-24,71.95,16-10-24,71.81,16-10-24,71.55,16-10-24,71.41,16-10-24,71.30,16-10-24,71.19
15-10-24,74.65,15-10-24,74.25,15-10-24,73.91,15-10-24,73.63,15-10-24,73.41,15-10-24,73.20,15-10-24,73.02,15-10-24,72.86,15-10-24,72.70,15-10-24,72.54,15-10-24,72.42,15-10-24,72.29,15-10-24,72.17,15-10-24,72.00,15-10-24,71.88,15-10-24,71.76,15-10-24,71.66
14-10-24,75.03,14-10-24,74.70,14-10-24,74.40,14-10-24,74.16,14-10-24,73.97,14-10-24,73.81,14-10-24,73.68,14-10-24,73.53,14-10-24,73.38,14-10-24,73.22,14-10-24,73.07,14-10-24,72.95,14-10-24,72.84,14-10-24,73.13,14-10-24,73.68,14-10-24,73.60,14-10-24,73.43
13-10-24,77.64,13-10-24,77.24,13-10-24,76.81,13-10-24,76.49,13-10-24,76.20,13-10-24,75.94,13-10-24,75.69,13-10-24,75.46,13-10-24,75.25,13-10-24,75.02,13-10-24,74.81,13-10-24,74.61,13-10-24,74.42,13-10-24,75.20,13-10-24,75.13,13-10-24,75.20,13-10-24,74.76
11-10-24,78.92,11-10-24,78.54,11-10-24,78.09,11-10-24,77.72,11-10-24,77.41,11-10-24,77.12,11-10-24,76.78,11-10-24,76.53,11-10-24,76.28,11-10-24,76.03,11-10-24,75.80,11-10-24,75.57,11-10-24,75.37,11-10-24,75.20,11-10-24,75.13,11-10-24,75.20,11-10-24,74.76
10-10-24,79.28,10-10-24,78.74,10-10-24,78.23,10-10-24,77.82,10-10-24,77.47,10-10-24,77.15,10-10-24,76.86,10-10-24,76.56,10-10-24,76.28,10-10-24,76.05,10-10-24,75.77,10-10-24,75.53,10-10-24,75.35,10-10-24,74.94,10-10-24,74.69,10-10-24,74.62,10-10-24,74.31
09-10-24,76.77,09-10-24,76.33,09-10-24,75.94,09-10-24,75.63,09-10-24,75.38,09-10-24,75.16,09-10-24,74.97,09-10-24,74.78,09-10-24,74.59,09-10-24,74.40,09-10-24,74.23,09-10-24,74.06,09-10-24,73.91,09-10-24,73.66,09-10-24,73.49,09-10-24,73.37,09-10-24,73.24
08-10-24,77.48,08-10-24,77.08,08-10-24,76.71,08-10-24,76.44,08-10-24,76.21,08-10-24,76.02,08-10-24,75.84,08-10-24,75.65,08-10-24,75.46,08-10-24,75.26,08-10-24,75.09,08-10-24,74.88,08-10-24,74.71,08-10-24,74.61,08-10-24,74.44,08-10-24,288.69,08-10-24,74.15
07-10-24,81.12,07-10-24,80.52,07-10-24,79.96,07-10-24,79.48,07-10-24,79.08,07-10-24,78.72,07-10-24,78.39,07-10-24,78.08,07-10-24,77.78,07-10-24,77.48,07-10-24,77.22,07-10-24,76.95,07-10-24,76.70,07-10-24,76.30,07-10-24,76.01,07-10-24,288.76,07-10-24,75.57
06-10-24,77.51,06-10-24,76.93,06-10-24,76.43,06-10-24,76.03,06-10-24,75.73,06-10-24,75.47,06-10-24,75.24,06-10-24,75.02,06-10-24,74.82,06-10-24,74.62,06-10-24,74.44,06-10-24,74.28,06-10-24,74.11,06-10-24,74.06,06-10-24,73.89,06-10-24,293.34,06-10-24,73.63
04-10-24,78.27,04-10-24,77.66,04-10-24,77.06,04-10-24,76.56,04-10-24,76.20,04-10-24,75.91,04-10-24,75.70,04-10-24,75.39,04-10-24,75.16,04-10-24,74.93,04-10-24,74.72,04-10-24,74.50,04-10-24,74.31,04-10-24,74.08,04-10-24,73.89,04-10-24,293.34,04-10-24,73.55
03-10-24,77.90,03-10-24,77.35,03-10-24,76.90,03-10-24,76.54,03-10-24,76.24,03-10-24,76.00,03-10-24,75.79,03-10-24,75.60,03-10-24,75.40,03-10-24,75.20,03-10-24,75.02,03-10-24,74.85,03-10-24,74.69,03-10-24,74.59,03-10-24,74.43,03-10-24,293.34,03-10-24,74.14
02-10-24,74.66,02-10-24,74.25,02-10-24,73.94,02-10-24,73.72,02-10-24,73.55,02-10-24,73.41,02-10-24,73.28,02-10-24,73.16,02-10-24,73.05,02-10-24,72.94,02-10-24,72.83,02-10-24,72.72,02-10-24,72.61,02-10-24,72.55,02-10-24,72.44,02-10-24,288.59,02-10-24,72.28
01-10-24,74.47,01-10-24,74.09,01-10-24,73.82,01-10-24,73.63,01-10-24,73.47,01-10-24,73.38,01-10-24,73.30,01-10-24,73.22,01-10-24,73.13,01-10-24,73.02,01-10-24,72.92,01-10-24,69.33,01-10-24,72.75,01-10-24,72.58,01-10-24,72.48,01-10-24,288.59,01-10-24,72.34
30-09-24,71.80,30-09-24,71.70,30-09-24,71.45,30-09-24,71.28,30-09-24,71.18,30-09-24,71.13,30-09-24,71.09,30-09-24,71.05,30-09-24,71.00,30-09-24,70.94,30-09-24,70.89,30-09-24,70.82,30-09-24,70.77,30-09-24,70.71,30-09-24,70.66,30-09-24,70.76,30-09-24,70.70
29-09-24,72.14,29-09-24,71.68,29-09-24,71.35,29-09-24,71.14,29-09-24,71.01,29-09-24,70.95,29-09-24,70.88,29-09-24,70.82,29-09-24,70.76,29-09-24,70.70,29-09-24,70.63,29-09-24,70.59,29-09-24,70.79,29-09-24,70.46,29-09-24,70.21,29-09-24,70.16,29-09-24,223.49
27-09-24,72.41,27-09-24,71.97,27-09-24,71.64,27-09-24,71.43,27-09-24,71.30,27-09-24,71.22,27-09-24,71.15,27-09-24,71.08,27-09-24,71.02,27-09-24,70.96,27-09-24,70.89,27-09-24,70.82,27-09-24,70.79,27-09-24,70.69,27-09-24,70.78,27-09-24,70.72,27-09-24,223.49
26-09-24,71.44,26-09-24,70.91,26-09-24,70.61,26-09-24,70.45,26-09-24,70.39,26-09-24,70.36,26-09-24,70.34,26-09-24,70.33,26-09-24,70.30,26-09-24,70.27,26-09-24,70.22,26-09-24,70.17,26-09-24,70.13,26-09-24,70.11,26-09-24,69.99,26-09-24,70.12,26-09-24,184.85
25-09-24,73.69,25-09-24,73.14,25-09-24,72.80,25-09-24,72.57,25-09-24,72.44,25-09-24,72.35,25-09-24,72.29,25-09-24,72.22,25-09-24,72.13,25-09-24,72.03,25-09-24,71.94,25-09-24,71.81,25-09-24,71.34,25-09-24,71.62,25-09-24,71.55,25-09-24,71.46,25-09-24,71.38
24-09-24,75.14,24-09-24,74.45,24-09-24,74.04,24-09-24,73.79,24-09-24,73.57,24-09-24,73.49,24-09-24,73.32,24-09-24,73.23,24-09-24,73.12,24-09-24,73.00,24-09-24,72.94,24-09-24,72.79,24-09-24,72.38,24-09-24,72.52,24-09-24,72.46,24-09-24,72.34,24-09-24,288.58
23-09-24,74.31,23-09-24,73.61,23-09-24,73.17,23-09-24,72.89,23-09-24,72.72,23-09-24,72.62,23-09-24,72.54,23-09-24,72.46,23-09-24,72.36,23-09-24,72.25,23-09-24,72.14,23-09-24,72.02,23-09-24,71.91,23-09-24,71.80,23-09-24,70.72,23-09-24,71.39,23-09-24,223.57
22-09-24,74.52,22-09-24,73.73,22-09-24,73.22,22-09-24,72.91,22-09-24,72.73,22-09-24,72.61,22-09-24,72.51,22-09-24,72.42,22-09-24,72.30,22-09-24,72.19,22-09-24,72.08,22-09-24,71.93,22-09-24,71.95,22-09-24,71.70,22-09-24,71.60,22-09-24,71.49,22-09-24,293.26
20-09-24,74.70,20-09-24,73.90,20-09-24,73.38,20-09-24,73.07,20-09-24,72.88,20-09-24,72.75,20-09-24,72.65,20-09-24,72.55,20-09-24,72.43,20-09-24,72.31,20-09-24,72.19,20-09-24,72.06,20-09-24,71.95,20-09-24,71.84,20-09-24,71.72,20-09-24,71.60,20-09-24,293.26
19-09-24,74.92,19-09-24,74.05,19-09-24,73.51,19-09-24,73.19,19-09-24,73.00,19-09-24,72.88,19-09-24,72.75,19-09-24,72.64,19-09-24,72.53,19-09-24,72.39,19-09-24,72.26,19-09-24,72.14,19-09-24,72.00,19-09-24,71.87,19-09-24,71.65,19-09-24,71.54,19-09-24,242.82
18-09-24,72.84,18-09-24,72.12,18-09-24,71.69,18-09-24,71.52,18-09-24,71.40,18-09-24,71.25,18-09-24,71.18,18-09-24,71.16,18-09-24,71.04,18-09-24,70.97,18-09-24,70.90,18-09-24,70.78,18-09-24,70.76,18-09-24,70.53,18-09-24,70.51,18-09-24,70.42,18-09-24,70.48
17-09-24,73.75,17-09-24,73.09,17-09-24,72.67,17-09-24,72.42,17-09-24,72.28,17-09-24,72.18,17-09-24,72.09,17-09-24,72.01,17-09-24,71.92,17-09-24,71.82,17-09-24,71.70,17-09-24,71.60,17-09-24,71.30,17-09-24,71.35,17-09-24,71.36,17-09-24,71.24,17-09-24,288.53
16-09-24,73.00,16-09-24,72.38,16-09-24,71.97,16-09-24,71.72,16-09-24,71.59,16-09-24,71.51,16-09-24,71.44,16-09-24,71.36,16-09-24,71.30,16-09-24,71.21,16-09-24,71.09,16-09-24,71.00,16-09-24,70.91,16-09-24,70.77,16-09-24,70.64,16-09-24,70.55,16-09-24,288.50
15-09-24,71.71,15-09-24,71.13,15-09-24,70.71,15-09-24,70.49,15-09-24,70.38,15-09-24,70.32,15-09-24,70.28,15-09-24,70.22,15-09-24,70.17,15-09-24,70.11,15-09-24,70.02,15-09-24,69.95,15-09-24,70.30,15-09-24,69.79,15-09-24,69.80,15-09-24,69.72,15-09-24,242.40
13-09-24,72.10,13-09-24,71.49,13-09-24,71.07,13-09-24,70.84,13-09-24,70.72,13-09-24,70.64,13-09-24,70.58,13-09-24,70.53,13-09-24,70.48,13-09-24,70.41,13-09-24,70.31,13-09-24,70.22,13-09-24,70.30,13-09-24,70.03,13-09-24,70.00,13-09-24,69.90,13-09-24,293.22
12-09-24,72.22,12-09-24,71.66,12-09-24,71.26,12-09-24,71.05,12-09-24,70.97,12-09-24,70.89,12-09-24,70.84,12-09-24,70.82,12-09-24,70.78,12-09-24,70.70,12-09-24,70.62,12-09-24,70.53,12-09-24,70.36,12-09-24,70.35,12-09-24,70.11,12-09-24,70.03,12-09-24,288.48
11-09-24,70.71,11-09-24,70.26,11-09-24,69.92,11-09-24,69.74,11-09-24,69.66,11-09-24,69.58,11-09-24,69.53,11-09-24,69.48,11-09-24,69.44,11-09-24,69.37,11-09-24,69.29,11-09-24,69.23,11-09-24,69.13,11-09-24,69.08,11-09-24,68.97,11-09-24,68.92,11-09-24,293.19
10-09-24,69.69,10-09-24,69.30,10-09-24,69.01,10-09-24,68.86,10-09-24,68.79,10-09-24,68.76,10-09-24,68.70,10-09-24,68.67,10-09-24,68.62,10-09-24,68.57,10-09-24,68.53,10-09-24,68.47,10-09-24,68.55,10-09-24,68.40,10-09-24,68.38,10-09-24,68.27,10-09-24,184.10
09-09-24,71.90,09-09-24,71.40,09-09-24,71.02,09-09-24,70.81,09-09-24,70.70,09-09-24,70.61,09-09-24,70.54,09-09-24,70.48,09-09-24,70.41,09-09-24,70.32,09-09-24,70.24,09-09-24,70.16,09-09-24,69.54,09-09-24,70.01,09-09-24,69.52,09-09-24,69.51,09-09-24,288.47
08-09-24,71.68,08-09-24,71.31,08-09-24,71.03,08-09-24,70.87,08-09-24,70.79,08-09-24,70.76,08-09-24,70.72,08-09-24,70.68,08-09-24,70.64,08-09-24,70.58,08-09-24,70.49,08-09-24,70.42,08-09-24,70.10,08-09-24,70.26,08-09-24,70.17,08-09-24,70.11,08-09-24,288.47
06-09-24,71.69,06-09-24,71.29,06-09-24,70.99,06-09-24,70.81,06-09-24,70.74,06-09-24,70.71,06-09-24,70.64,06-09-24,70.61,06-09-24,70.56,06-09-24,70.54,06-09-24,70.45,06-09-24,70.40,06-09-24,70.10,06-09-24,70.23,06-09-24,69.95,06-09-24,69.89,06-09-24,288.47
05-09-24,72.84,05-09-24,72.50,05-09-24,72.23,05-09-24,72.02,05-09-24,71.89,05-09-24,71.78,05-09-24,71.68,05-09-24,71.59,05-09-24,71.50,05-09-24,71.39,05-09-24,71.30,05-09-24,71.20,05-09-24,70.80,05-09-24,71.06,05-09-24,70.83,05-09-24,70.74,05-09-24,242.63
04-09-24,72.76,04-09-24,72.28,04-09-24,71.90,04-09-24,71.61,04-09-24,71.44,04-09-24,71.30,04-09-24,71.17,04-09-24,71.06,04-09-24,70.95,04-09-24,70.85,04-09-24,70.73,04-09-24,70.63,04-09-24,70.22,04-09-24,70.39,04-09-24,70.26,04-09-24,70.18,04-09-24,288.48
03-09-24,73.71,03-09-24,73.28,03-09-24,72.88,03-09-24,72.58,03-09-24,72.37,03-09-24,72.18,03-09-24,72.00,03-09-24,71.84,03-09-24,71.68,03-09-24,71.53,03-09-24,71.38,03-09-24,71.25,03-09-24,70.77,03-09-24,70.97,03-09-24,70.71,03-09-24,70.66,03-09-24,288.51
02-09-24,77.29,02-09-24,76.52,02-09-24,75.96,02-09-24,75.58,02-09-24,75.32,02-09-24,75.07,02-09-24,74.83,02-09-24,74.60,02-09-24,74.38,02-09-24,74.17,02-09-24,73.93,02-09-24,73.51,02-09-24,73.19,02-09-24,73.30,02-09-24,73.22,02-09-24,73.03,02-09-24,243.14
01-09-24,76.30,01-09-24,75.65,01-09-24,75.15,01-09-24,74.82,01-09-24,74.58,01-09-24,74.35,01-09-24,74.13,01-09-24,73.93,01-09-24,73.72,01-09-24,73.52,01-09-24,73.30,01-09-24,73.51,01-09-24,72.93,01-09-24,72.68,01-09-24,72.63,01-09-24,72.45,01-09-24,285.77
30-08-24,78.76,30-08-24,76.94,30-08-24,76.26,30-08-24,75.74,30-08-24,75.40,30-08-24,75.15,30-08-24,74.92,30-08-24,74.68,30-08-24,74.45,30-08-24,74.24,30-08-24,74.03,30-08-24,73.80,30-08-24,73.53,30-08-24,73.14,30-08-24,73.17,30-08-24,72.97,30-08-24,72.78
29-08-24,79.91,29-08-24,78.78,29-08-24,77.92,29-08-24,77.32,29-08-24,76.90,29-08-24,76.63,29-08-24,76.32,29-08-24,76.06,29-08-24,75.80,29-08-24,75.55,29-08-24,75.29,29-08-24,75.03,29-08-24,73.93,29-08-24,73.13,29-08-24,74.33,29-08-24,74.18,29-08-24,73.99
28-08-24,78.47,28-08-24,77.41,28-08-24,76.61,28-08-24,76.06,28-08-24,75.66,28-08-24,75.39,28-08-24,75.14,28-08-24,74.89,28-08-24,74.65,28-08-24,74.41,28-08-24,74.18,28-08-24,73.94,28-08-24,73.28,28-08-24,72.69,28-08-24,73.28,28-08-24,73.11,28-08-24,72.90
27-08-24,79.84,27-08-24,78.95,27-08-24,78.19,27-08-24,77.60,27-08-24,77.21,27-08-24,76.90,27-08-24,76.61,27-08-24,76.35,27-08-24,76.09,27-08-24,75.83,27-08-24,75.58,27-08-24,75.31,27-08-24,73.97,27-08-24,73.04,27-08-24,74.52,27-08-24,74.25,27-08-24,74.04
26-08-24,81.26,26-08-24,80.18,26-08-24,79.31,26-08-24,78.68,26-08-24,78.20,26-08-24,77.83,26-08-24,77.52,26-08-24,77.22,26-08-24,76.95,26-08-24,76.66,26-08-24,76.38,26-08-24,76.09,26-08-24,72.93,26-08-24,73.34,26-08-24,75.25,26-08-24,74.96,26-08-24,74.71
25-08-24,79.60,25-08-24,78.68,25-08-24,78.03,25-08-24,77.54,25-08-24,77.15,25-08-24,76.86,25-08-24,76.58,25-08-24,76.32,25-08-24,76.06,25-08-24,75.81,25-08-24,75.58,25-08-24,75.29,25-08-24,74.19,25-08-24,74.01,25-08-24,74.55,25-08-24,74.26,25-08-24,74.03
23-08-24,79.01,23-08-24,78.19,23-08-24,77.59,23-08-24,77.11,23-08-24,76.74,23-08-24,76.46,23-08-24,76.20,23-08-24,75.94,23-08-24,75.68,23-08-24,75.43,23-08-24,75.18,23-08-24,74.92,23-08-24,73.18,23-08-24,71.07,23-08-24,74.19,23-08-24,73.98,23-08-24,73.94
22-08-24,77.12,22-08-24,76.46,22-08-24,75.93,22-08-24,75.49,22-08-24,75.17,22-08-24,74.90,22-08-24,74.66,22-08-24,74.43,22-08-24,74.21,22-08-24,73.99,22-08-24,73.77,22-08-24,73.53,22-08-24,72.90,22-08-24,70.97,22-08-24,72.87,22-08-24,72.62,22-08-24,72.43
21-08-24,76.13,21-08-24,75.58,21-08-24,75.16,21-08-24,74.81,21-08-24,74.50,21-08-24,74.27,21-08-24,74.05,21-08-24,73.84,21-08-24,73.61,21-08-24,73.43,21-08-24,73.23,21-08-24,72.98,21-08-24,72.48,21-08-24,70.93,21-08-24,72.36,21-08-24,72.17,21-08-24,71.99
20-08-24,77.19,20-08-24,76.62,20-08-24,76.09,20-08-24,75.70,20-08-24,75.40,20-08-24,75.11,20-08-24,74.86,20-08-24,74.62,20-08-24,74.40,20-08-24,74.17,20-08-24,73.95,20-08-24,73.72,20-08-24,73.57,20-08-24,70.66,20-08-24,73.09,20-08-24,72.95,20-08-24,72.74
19-08-24,77.74,19-08-24,77.22,19-08-24,76.82,19-08-24,76.46,19-08-24,76.16,19-08-24,75.90,19-08-24,75.66,19-08-24,75.42,19-08-24,75.19,19-08-24,74.98,19-08-24,74.75,19-08-24,74.50,19-08-24,74.24,19-08-24,70.72,19-08-24,73.84,19-08-24,73.57,19-08-24,73.37
18-08-24,79.38,18-08-24,78.58,18-08-24,78.00,18-08-24,77.56,18-08-24,77.21,18-08-24,76.92,18-08-24,76.63,18-08-24,76.36,18-08-24,76.09,18-08-24,75.85,18-08-24,75.59,18-08-24,75.33,18-08-24,75.06,18-08-24,73.06,18-08-24,74.60,18-08-24,74.34,18-08-24,73.83
16-08-24,79.63,16-08-24,78.83,16-08-24,78.26,16-08-24,77.82,16-08-24,77.47,16-08-24,77.15,16-08-24,76.85,16-08-24,76.57,16-08-24,76.34,16-08-24,76.05,16-08-24,75.78,16-08-24,75.50,16-08-24,75.30,16-08-24,73.06,16-08-24,74.76,16-08-24,75.13,16-08-24,73.87
15-08-24,80.97,15-08-24,80.09,15-08-24,79.53,15-08-24,79.07,15-08-24,78.69,15-08-24,78.36,15-08-24,78.04,15-08-24,77.73,15-08-24,77.41,15-08-24,77.11,15-08-24,76.81,15-08-24,76.53,15-08-24,76.23,15-08-24,71.09,15-08-24,75.71,15-08-24,75.44,15-08-24,75.18
14-08-24,80.03,14-08-24,79.28,14-08-24,78.74,14-08-24,78.33,14-08-24,77.97,14-08-24,77.66,14-08-24,77.35,14-08-24,77.06,14-08-24,76.78,14-08-24,76.51,14-08-24,76.24,14-08-24,75.95,14-08-24,75.48,14-08-24,71.67,14-08-24,75.18,14-08-24,75.66,14-08-24,75.41
13-08-24,80.99,13-08-24,80.19,13-08-24,79.58,13-08-24,79.10,13-08-24,78.70,13-08-24,78.36,13-08-24,78.03,13-08-24,77.72,13-08-24,77.41,13-08-24,77.11,13-08-24,76.82,13-08-24,76.51,13-08-24,76.26,13-08-24,71.09,13-08-24,75.67,13-08-24,75.44,13-08-24,75.19
12-08-24,82.04,12-08-24,81.11,12-08-24,80.43,12-08-24,79.90,12-08-24,79.44,12-08-24,79.08,12-08-24,78.73,12-08-24,78.38,12-08-24,78.08,12-08-24,77.77,12-08-24,77.46,12-08-24,77.13,12-08-24,76.82,12-08-24,71.13,12-08-24,76.25,12-08-24,75.99,12-08-24,75.72
11-08-24,79.51,11-08-24,78.80,11-08-24,78.25,11-08-24,77.81,11-08-24,77.43,11-08-24,77.12,11-08-24,76.82,11-08-24,76.55,11-08-24,76.26,11-08-24,75.99,11-08-24,75.75,11-08-24,75.47,11-08-24,74.62,11-08-24,71.02,11-08-24,74.70,11-08-24,74.52,11-08-24,74.29
09-08-24,79.60,09-08-24,78.77,09-08-24,78.21,09-08-24,77.74,09-08-24,77.38,09-08-24,77.06,09-08-24,76.75,09-08-24,76.47,09-08-24,76.19,09-08-24,75.91,09-08-24,75.64,09-08-24,75.37,09-08-24,74.44,09-08-24,74.63,09-08-24,74.57,09-08-24,74.47,09-08-24,74.23
08-08-24,78.97,08-08-24,78.28,08-08-24,77.74,08-08-24,77.31,08-08-24,76.94,08-08-24,76.63,08-08-24,76.35,08-08-24,76.09,08-08-24,75.79,08-08-24,75.53,08-08-24,75.28,08-08-24,75.00,08-08-24,74.83,08-08-24,70.99,08-08-24,74.27,08-08-24,74.12,08-08-24,73.90
07-08-24,78.58,07-08-24,77.91,07-08-24,77.38,07-08-24,76.93,07-08-24,76.54,07-08-24,76.23,07-08-24,75.93,07-08-24,75.65,07-08-24,75.40,07-08-24,75.10,07-08-24,74.85,07-08-24,74.59,07-08-24,74.23,07-08-24,71.17,07-08-24,73.80,07-08-24,73.50,07-08-24,73.29
06-08-24,76.12,06-08-24,75.70,06-08-24,75.33,06-08-24,74.96,06-08-24,74.62,06-08-24,74.37,06-08-24,74.13,06-08-24,73.93,06-08-24,73.71,06-08-24,73.50,06-08-24,73.30,06-08-24,73.08,06-08-24,72.91,06-08-24,71.36,06-08-24,72.48,06-08-24,72.28,06-08-24,72.10
05-08-24,77.26,05-08-24,76.88,05-08-24,76.52,05-08-24,76.15,05-08-24,75.86,05-08-24,75.59,05-08-24,75.33,05-08-24,75.02,05-08-24,74.78,05-08-24,74.53,05-08-24,74.30,05-08-24,74.04,05-08-24,74.02,05-08-24,73.58,05-08-24,73.41,05-08-24,73.37,05-08-24,73.24
04-08-24,77.30,04-08-24,76.73,04-08-24,76.26,04-08-24,75.86,04-08-24,75.54,04-08-24,75.27,04-08-24,75.01,04-08-24,74.76,04-08-24,74.52,04-08-24,74.28,04-08-24,74.05,04-08-24,73.80,04-08-24,73.48,04-08-24,73.11,04-08-24,73.15,04-08-24,72.85,04-08-24,72.64
02-08-24,77.52,02-08-24,76.92,02-08-24,76.47,02-08-24,76.08,02-08-24,75.73,02-08-24,75.44,02-08-24,75.17,02-08-24,74.91,02-08-24,74.69,02-08-24,74.44,02-08-24,74.19,02-08-24,73.94,02-08-24,73.53,02-08-24,73.11,02-08-24,73.26,02-08-24,72.90,02-08-24,72.53
01-08-24,80.00,01-08-24,79.39,01-08-24,78.89,01-08-24,78.47,01-08-24,78.16,01-08-24,77.82,01-08-24,77.53,01-08-24,77.23,01-08-24,76.94,01-08-24,76.64,01-08-24,76.35,01-08-24,75.91,01-08-24,75.84,01-08-24,75.58,01-08-24,75.25,01-08-24,74.97,01-08-24,74.73
31-07-24,80.76,31-07-24,80.84,31-07-24,80.24,31-07-24,79.71,31-07-24,79.28,31-07-24,78.90,31-07-24,78.55,31-07-24,78.22,31-07-24,77.90,31-07-24,77.58,31-07-24,77.28,31-07-24,76.97,31-07-24,76.64,31-07-24,76.38,31-07-24,76.08,31-07-24,75.77,31-07-24,75.48
30-07-24,79.15,30-07-24,78.57,30-07-24,78.03,30-07-24,77.59,30-07-24,77.22,30-07-24,76.93,30-07-24,76.66,30-07-24,76.39,30-07-24,76.13,30-07-24,75.88,30-07-24,75.64,30-07-24,75.39,30-07-24,74.99,30-07-24,75.06,30-07-24,74.62,30-07-24,74.44,30-07-24,74.17
29-07-24,79.85,29-07-24,79.13,29-07-24,78.47,29-07-24,77.98,29-07-24,77.58,29-07-24,77.25,29-07-24,76.97,29-07-24,76.70,29-07-24,76.44,29-07-24,76.18,29-07-24,75.92,29-07-24,75.66,29-07-24,74.79,29-07-24,75.02,29-07-24,74.85,29-07-24,74.67,29-07-24,74.39
28-07-24,81.36,28-07-24,80.52,28-07-24,79.82,28-07-24,79.23,28-07-24,78.78,28-07-24,78.42,28-07-24,78.10,28-07-24,77.81,28-07-24,77.50,28-07-24,77.21,28-07-24,76.92,28-07-24,76.64,28-07-24,71.81,28-07-24,75.15,28-07-24,75.75,28-07-24,75.52,28-07-24,74.86
26-07-24,80.59,26-07-24,79.80,26-07-24,79.11,26-07-24,78.55,26-07-24,78.11,26-07-24,77.69,26-07-24,77.46,26-07-24,77.17,26-07-24,76.89,26-07-24,76.60,26-07-24,76.33,26-07-24,76.06,26-07-24,71.81,26-07-24,75.15,26-07-24,75.19,26-07-24,74.94,26-07-24,74.86
25-07-24,82.42,25-07-24,81.42,25-07-24,80.63,25-07-24,80.00,25-07-24,79.48,25-07-24,79.06,25-07-24,78.71,25-07-24,78.36,25-07-24,78.03,25-07-24,77.72,25-07-24,77.41,25-07-24,77.11,25-07-24,71.94,25-07-24,76.62,25-07-24,76.04,25-07-24,75.86,25-07-24,75.59
24-07-24,81.50,24-07-24,80.60,24-07-24,79.87,24-07-24,79.29,24-07-24,78.86,24-07-24,78.45,24-07-24,78.10,24-07-24,77.77,24-07-24,77.45,24-07-24,77.07,24-07-24,76.77,24-07-24,76.54,24-07-24,75.57,24-07-24,76.03,24-07-24,75.55,24-07-24,75.23,24-07-24,74.99
23-07-24,81.55,23-07-24,80.60,23-07-24,79.81,23-07-24,79.21,23-07-24,78.72,23-07-24,78.32,23-07-24,77.96,23-07-24,77.61,23-07-24,77.29,23-07-24,76.94,23-07-24,76.64,23-07-24,76.33,23-07-24,75.64,23-07-24,75.67,23-07-24,75.43,23-07-24,75.17,23-07-24,74.78
22-07-24,82.28,22-07-24,81.31,22-07-24,80.58,22-07-24,80.01,22-07-24,79.53,22-07-24,79.12,22-07-24,78.75,22-07-24,78.41,22-07-24,78.09,22-07-24,77.76,22-07-24,77.45,22-07-24,77.13,22-07-24,73.54,22-07-24,76.45,22-07-24,76.35,22-07-24,75.94,22-07-24,75.58
21-07-24,83.04,21-07-24,82.00,21-07-24,81.16,21-07-24,80.53,21-07-24,80.00,21-07-24,79.55,21-07-24,79.14,21-07-24,78.75,21-07-24,78.38,21-07-24,78.03,21-07-24,77.70,21-07-24,77.36,21-07-24,76.31,21-07-24,76.13,21-07-24,76.29,21-07-24,76.06,21-07-24,75.56
19-07-24,82.60,19-07-24,81.53,19-07-24,80.72,19-07-24,80.10,19-07-24,79.57,19-07-24,79.12,19-07-24,78.72,19-07-24,78.34,19-07-24,77.97,19-07-24,77.61,19-07-24,77.28,19-07-24,76.94,19-07-24,76.31,19-07-24,76.13,19-07-24,76.29,19-07-24,75.66,19-07-24,75.56
18-07-24,84.83,18-07-24,83.68,18-07-24,82.83,18-07-24,82.14,18-07-24,81.56,18-07-24,81.08,18-07-24,80.64,18-07-24,80.21,18-07-24,79.81,18-07-24,79.43,18-07-24,79.06,18-07-24,78.71,18-07-24,77.81,18-07-24,76.87,18-07-24,77.23,18-07-24,77.29,18-07-24,75.86
17-07-24,85.19,17-07-24,84.07,17-07-24,83.18,17-07-24,82.46,17-07-24,81.86,17-07-24,81.35,17-07-24,80.88,17-07-24,80.43,17-07-24,80.00,17-07-24,79.59,17-07-24,79.21,17-07-24,78.84,17-07-24,76.44,17-07-24,76.88,17-07-24,77.75,17-07-24,77.41,17-07-24,77.17
16-07-24,83.85,16-07-24,82.95,16-07-24,82.18,16-07-24,81.56,16-07-24,81.06,16-07-24,80.60,16-07-24,80.17,16-07-24,79.77,16-07-24,79.38,16-07-24,79.00,16-07-24,78.66,16-07-24,78.31,16-07-24,71.69,16-07-24,76.24,16-07-24,77.36,16-07-24,76.92,16-07-24,76.56
15-07-24,84.88,15-07-24,83.93,15-07-24,83.13,15-07-24,82.45,15-07-24,81.88,15-07-24,81.40,15-07-24,80.96,15-07-24,80.54,15-07-24,80.15,15-07-24,79.73,15-07-24,79.36,15-07-24,78.97,15-07-24,72.22,15-07-24,76.31,15-07-24,77.97,15-07-24,77.54,15-07-24,77.22
14-07-24,85.08,14-07-24,84.14,14-07-24,83.34,14-07-24,82.66,14-07-24,82.09,14-07-24,81.58,14-07-24,81.12,14-07-24,80.69,14-07-24,80.28,14-07-24,79.88,14-07-24,79.49,14-07-24,79.11,14-07-24,72.26,14-07-24,76.34,14-07-24,78.17,14-07-24,77.68,14-07-24,77.47
12-07-24,85.23,12-07-24,84.30,12-07-24,83.54,12-07-24,82.87,12-07-24,82.31,12-07-24,81.83,12-07-24,81.38,12-07-24,80.98,12-07-24,80.56,12-07-24,80.15,12-07-24,79.78,12-07-24,79.41,12-07-24,72.26,12-07-24,76.34,12-07-24,78.17,12-07-24,77.87,12-07-24,77.47
11-07-24,85.58,11-07-24,84.54,11-07-24,83.68,11-07-24,82.98,11-07-24,82.38,11-07-24,81.82,11-07-24,81.35,11-07-24,80.91,11-07-24,80.48,11-07-24,80.10,11-07-24,79.71,11-07-24,79.34,11-07-24,72.28,11-07-24,76.35,11-07-24,78.25,11-07-24,77.85,11-07-24,77.56
10-07-24,85.42,10-07-24,84.51,10-07-24,83.70,10-07-24,83.01,10-07-24,82.41,10-07-24,81.91,10-07-24,81.46,10-07-24,81.02,10-07-24,80.64,10-07-24,80.23,10-07-24,79.85,10-07-24,79.47,10-07-24,72.28,10-07-24,76.36,10-07-24,78.53,10-07-24,78.05,10-07-24,77.67
09-07-24,84.99,09-07-24,84.19,09-07-24,83.48,09-07-24,82.88,09-07-24,82.34,09-07-24,81.86,09-07-24,81.42,09-07-24,81.02,09-07-24,80.63,09-07-24,80.24,09-07-24,79.87,09-07-24,79.49,09-07-24,72.29,09-07-24,76.36,09-07-24,78.36,09-07-24,78.09,09-07-24,77.86
08-07-24,85.68,08-07-24,84.92,08-07-24,84.24,08-07-24,83.65,08-07-24,83.13,08-07-24,82.64,08-07-24,82.19,08-07-24,81.75,08-07-24,81.36,08-07-24,80.95,08-07-24,80.57,08-07-24,80.19,08-07-24,76.32,08-07-24,77.20,08-07-24,79.01,08-07-24,78.74,08-07-24,78.42
07-07-24,86.79,07-07-24,85.90,07-07-24,85.14,07-07-24,84.48,07-07-24,83.88,07-07-24,83.34,07-07-24,82.81,07-07-24,82.33,07-07-24,81.88,07-07-24,81.44,07-07-24,81.02,07-07-24,80.61,07-07-24,72.49,07-07-24,76.49,07-07-24,79.67,07-07-24,79.08,07-07-24,78.99
05-07-24,86.89,05-07-24,86.04,05-07-24,85.30,05-07-24,84.66,05-07-24,84.08,05-07-24,83.54,05-07-24,83.04,05-07-24,82.57,05-07-24,82.12,05-07-24,81.69,05-07-24,81.28,05-07-24,80.87,05-07-24,72.49,05-07-24,76.49,05-07-24,79.67,05-07-24,79.25,05-07-24,78.96
04-07-24,87.55,04-07-24,86.66,04-07-24,85.89,04-07-24,85.21,04-07-24,84.59,04-07-24,84.04,04-07-24,83.53,04-07-24,83.04,04-07-24,82.57,04-07-24,82.13,04-07-24,81.70,04-07-24,81.27,04-07-24,76.98,04-07-24,77.55,04-07-24,80.11,04-07-24,79.67,04-07-24,79.37
03-07-24,87.08,03-07-24,86.26,03-07-24,85.54,03-07-24,84.91,03-07-24,84.33,03-07-24,83.80,03-07-24,83.29,03-07-24,82.81,03-07-24,82.35,03-07-24,81.90,03-07-24,81.48,03-07-24,81.06,03-07-24,79.04,03-07-24,76.28,03-07-24,79.88,03-07-24,79.45,03-07-24,79.11
02-07-24,86.60,02-07-24,85.76,02-07-24,85.03,02-07-24,84.38,02-07-24,83.81,02-07-24,83.28,02-07-24,82.79,02-07-24,82.33,02-07-24,81.89,02-07-24,81.47,02-07-24,81.07,02-07-24,80.66,02-07-24,76.41,02-07-24,76.89,02-07-24,74.96,02-07-24,79.12,02-07-24,78.65
01-07-24,86.66,01-07-24,85.77,01-07-24,84.99,01-07-24,84.30,01-07-24,83.69,01-07-24,83.15,01-07-24,82.64,01-07-24,82.14,01-07-24,81.68,01-07-24,81.27,01-07-24,80.84,01-07-24,75.45,01-07-24,77.83,01-07-24,77.32,01-07-24,73.19,01-07-24,78.86,01-07-24,78.55
30-06-24,85.17,30-06-24,84.37,30-06-24,83.68,30-06-24,83.07,30-06-24,82.51,30-06-24,82.01,30-06-24,81.54,30-06-24,81.10,30-06-24,80.68,30-06-24,80.29,30-06-24,79.92,30-06-24,73.94,30-06-24,75.12,30-06-24,76.23,30-06-24,76.10,30-06-24,78.07,30-06-24,77.93
28-06-24,86.41,28-06-24,84.98,28-06-24,84.18,28-06-24,83.50,28-06-24,82.89,28-06-24,82.34,28-06-24,81.83,28-06-24,81.38,28-06-24,80.95,28-06-24,80.53,28-06-24,80.14,28-06-24,79.76,28-06-24,79.39,28-06-24,79.23,28-06-24,78.83,28-06-24,78.27,28-06-24,77.93
27-06-24,86.51,27-06-24,85.44,27-06-24,84.62,27-06-24,83.94,27-06-24,83.35,27-06-24,82.80,27-06-24,82.28,27-06-24,81.82,27-06-24,81.37,27-06-24,80.95,27-06-24,80.55,27-06-24,80.16,27-06-24,75.20,27-06-24,74.29,27-06-24,76.38,27-06-24,76.15,27-06-24,78.26
26-06-24,85.22,26-06-24,84.46,26-06-24,83.83,26-06-24,83.27,26-06-24,82.71,26-06-24,82.21,26-06-24,81.76,26-06-24,81.35,26-06-24,80.93,26-06-24,80.54,26-06-24,80.21,26-06-24,79.86,26-06-24,75.14,26-06-24,74.26,26-06-24,76.36,26-06-24,78.21,26-06-24,78.03
25-06-24,84.95,25-06-24,84.15,25-06-24,83.52,25-06-24,82.94,25-06-24,82.41,25-06-24,81.91,25-06-24,81.45,25-06-24,81.00,25-06-24,80.60,25-06-24,80.19,25-06-24,79.83,25-06-24,79.47,25-06-24,75.04,25-06-24,73.76,25-06-24,76.33,25-06-24,72.77,25-06-24,77.66
24-06-24,86.08,24-06-24,85.21,24-06-24,84.46,24-06-24,83.81,24-06-24,83.21,24-06-24,82.65,24-06-24,82.12,24-06-24,81.62,24-06-24,81.15,24-06-24,80.71,24-06-24,80.31,24-06-24,79.93,24-06-24,75.17,24-06-24,74.27,24-06-24,76.37,24-06-24,76.09,24-06-24,78.11
23-06-24,84.73,23-06-24,83.90,23-06-24,83.17,23-06-24,82.56,23-06-24,82.00,23-06-24,81.47,23-06-24,80.96,23-06-24,80.50,23-06-24,80.06,23-06-24,79.65,23-06-24,79.28,23-06-24,78.92,23-06-24,74.95,23-06-24,73.73,23-06-24,76.30,23-06-24,75.93,23-06-24,77.15
21-06-24,85.08,21-06-24,84.23,21-06-24,83.50,21-06-24,82.85,21-06-24,82.30,21-06-24,81.77,21-06-24,81.27,21-06-24,80.82,21-06-24,80.35,21-06-24,79.98,21-06-24,79.58,21-06-24,79.22,21-06-24,74.95,21-06-24,73.73,21-06-24,76.30,21-06-24,75.93,21-06-24,77.43
20-06-24,85.71,20-06-24,84.82,20-06-24,84.03,20-06-24,83.36,20-06-24,82.78,20-06-24,82.20,20-06-24,81.67,20-06-24,81.17,20-06-24,80.71,20-06-24,80.28,20-06-24,79.87,20-06-24,79.50,20-06-24,74.10,20-06-24,74.18,20-06-24,76.18,20-06-24,72.11,20-06-24,77.67
19-06-24,85.26,19-06-24,84.49,19-06-24,83.79,19-06-24,83.18,19-06-24,82.62,19-06-24,82.08,19-06-24,81.57,19-06-24,81.09,19-06-24,80.64,19-06-24,80.22,19-06-24,79.82,19-06-24,79.45,19-06-24,75.40,19-06-24,76.21,19-06-24,76.60,19-06-24,75.57,19-06-24,77.66
18-06-24,85.35,18-06-24,84.57,18-06-24,83.84,18-06-24,83.21,18-06-24,82.63,18-06-24,82.06,18-06-24,81.53,18-06-24,81.04,18-06-24,80.58,18-06-24,80.16,18-06-24,79.74,18-06-24,79.37,18-06-24,77.09,18-06-24,76.84,18-06-24,76.83,18-06-24,72.84,18-06-24,77.60
17-06-24,84.41,17-06-24,83.66,17-06-24,82.92,17-06-24,82.26,17-06-24,81.67,17-06-24,81.10,17-06-24,80.57,17-06-24,80.06,17-06-24,79.59,17-06-24,79.15,17-06-24,78.74,17-06-24,78.35,17-06-24,74.72,17-06-24,73.64,17-06-24,76.22,17-06-24,74.59,17-06-24,76.60
16-06-24,82.46,16-06-24,81.90,16-06-24,81.31,16-06-24,80.78,16-06-24,80.29,16-06-24,79.84,16-06-24,79.41,16-06-24,79.02,16-06-24,78.66,16-06-24,78.30,16-06-24,77.99,16-06-24,77.69,16-06-24,77.32,16-06-24,73.86,16-06-24,76.67,16-06-24,76.38,16-06-24,76.19
14-06-24,82.62,14-06-24,82.05,14-06-24,81.44,14-06-24,80.91,14-06-24,80.41,14-06-24,79.94,14-06-24,79.51,14-06-24,79.08,14-06-24,78.70,14-06-24,78.34,14-06-24,78.01,14-06-24,77.70,14-06-24,77.32,14-06-24,73.86,14-06-24,76.67,14-06-24,76.38,14-06-24,76.19
13-06-24,82.17,13-06-24,81.78,13-06-24,81.34,13-06-24,80.88,13-06-24,80.44,13-06-24,80.03,13-06-24,79.64,13-06-24,79.27,13-06-24,78.90,13-06-24,78.57,13-06-24,78.26,13-06-24,77.95,13-06-24,74.87,13-06-24,75.49,13-06-24,76.30,13-06-24,71.93,13-06-24,76.49
12-06-24,82.52,12-06-24,82.05,12-06-24,81.55,12-06-24,81.06,12-06-24,80.59,12-06-24,80.15,12-06-24,79.76,12-06-24,79.37,12-06-24,79.01,12-06-24,78.67,12-06-24,78.35,12-06-24,78.05,12-06-24,74.59,12-06-24,73.93,12-06-24,76.19,12-06-24,72.57,12-06-24,76.54
11-06-24,82.19,11-06-24,81.79,11-06-24,81.31,11-06-24,80.84,11-06-24,80.39,11-06-24,79.96,11-06-24,79.57,11-06-24,79.19,11-06-24,78.85,11-06-24,78.52,11-06-24,78.21,11-06-24,77.94,11-06-24,74.86,11-06-24,75.49,11-06-24,76.30,11-06-24,74.37,11-06-24,76.51
10-06-24,81.95,10-06-24,81.52,10-06-24,81.02,10-06-24,80.52,10-06-24,80.05,10-06-24,79.63,10-06-24,79.24,10-06-24,78.87,10-06-24,78.52,10-06-24,78.17,10-06-24,77.86,10-06-24,77.57,10-06-24,74.49,10-06-24,73.87,10-06-24,72.93,10-06-24,72.49,10-06-24,76.08
09-06-24,79.46,09-06-24,79.19,09-06-24,78.82,09-06-24,78.41,09-06-24,78.04,09-06-24,77.69,09-06-24,77.38,09-06-24,77.06,09-06-24,76.77,09-06-24,76.49,09-06-24,76.21,09-06-24,75.95,09-06-24,73.95,09-06-24,73.34,09-06-24,72.40,09-06-24,73.32,09-06-24,74.61
07-06-24,79.48,07-06-24,79.21,07-06-24,78.83,07-06-24,78.40,07-06-24,78.01,07-06-24,77.65,07-06-24,77.33,07-06-24,77.03,07-06-24,76.73,07-06-24,76.45,07-06-24,76.22,07-06-24,75.97,07-06-24,73.95,07-06-24,73.34,07-06-24,72.40,07-06-24,72.07,07-06-24,74.62
06-06-24,80.01,06-06-24,79.62,06-06-24,79.18,06-06-24,78.72,06-06-24,78.29,06-06-24,77.91,06-06-24,77.54,06-06-24,77.18,06-06-24,76.85,06-06-24,76.54,06-06-24,76.25,06-06-24,75.97,06-06-24,73.96,06-06-24,75.16,06-06-24,72.41,06-06-24,73.59,06-06-24,74.51
05-06-24,78.63,05-06-24,78.27,05-06-24,77.86,05-06-24,77.43,05-06-24,77.01,05-06-24,76.64,05-06-24,76.30,05-06-24,75.99,05-06-24,75.70,05-06-24,75.42,05-06-24,75.16,05-06-24,74.91,05-06-24,73.56,05-06-24,73.71,05-06-24,72.59,05-06-24,72.49,05-06-24,73.62
04-06-24,77.16,04-06-24,76.93,04-06-24,76.64,04-06-24,76.31,04-06-24,75.99,04-06-24,75.71,04-06-24,75.45,04-06-24,75.18,04-06-24,74.96,04-06-24,74.75,04-06-24,74.54,04-06-24,74.34,04-06-24,73.56,04-06-24,73.20,04-06-24,72.04,04-06-24,71.46,04-06-24,73.19
03-06-24,78.15,03-06-24,78.01,03-06-24,77.75,03-06-24,77.45,03-06-24,77.16,03-06-24,76.89,03-06-24,76.64,03-06-24,76.39,03-06-24,76.15,03-06-24,75.93,03-06-24,75.72,03-06-24,73.79,03-06-24,73.87,03-06-24,73.32,03-06-24,71.77,03-06-24,72.04,03-06-24,74.39
02-06-24,80.83,02-06-24,80.62,02-06-24,80.29,02-06-24,79.92,02-06-24,79.57,02-06-24,79.24,02-06-24,78.91,02-06-24,78.60,02-06-24,78.28,02-06-24,78.00,02-06-24,77.73,02-06-24,75.78,02-06-24,74.71,02-06-24,75.27,02-06-24,74.26,02-06-24,72.80,02-06-24,76.16
31-05-24,81.61,31-05-24,81.10,31-05-24,80.87,31-05-24,80.53,31-05-24,80.16,31-05-24,79.79,31-05-24,79.43,31-05-24,79.09,31-05-24,78.75,31-05-24,78.43,31-05-24,78.13,31-05-24,77.86,31-05-24,77.57,31-05-24,77.29,31-05-24,77.20,31-05-24,76.73,31-05-24,76.69
30-05-24,81.96,30-05-24,81.95,30-05-24,81.65,30-05-24,81.24,30-05-24,80.80,30-05-24,80.34,30-05-24,79.91,30-05-24,79.49,30-05-24,79.09,30-05-24,78.70,30-05-24,78.34,30-05-24,78.01,30-05-24,75.74,30-05-24,74.79,30-05-24,75.37,30-05-24,74.34,30-05-24,72.49
29-05-24,83.53,29-05-24,83.37,29-05-24,82.97,29-05-24,82.49,29-05-24,81.99,29-05-24,81.50,29-05-24,81.01,29-05-24,80.55,29-05-24,80.12,29-05-24,79.70,29-05-24,79.31,29-05-24,78.95,29-05-24,76.25,29-05-24,74.77,29-05-24,74.03,29-05-24,73.18,29-05-24,74.58
28-05-24,84.59,28-05-24,84.32,28-05-24,83.86,28-05-24,83.35,28-05-24,82.79,28-05-24,82.25,28-05-24,81.73,28-05-24,81.23,28-05-24,80.78,28-05-24,80.35,28-05-24,79.95,28-05-24,79.59,28-05-24,74.69,28-05-24,74.96,28-05-24,74.15,28-05-24,73.37,28-05-24,75.62
27-05-24,83.04,27-05-24,82.82,27-05-24,82.40,27-05-24,81.91,27-05-24,81.39,27-05-24,80.86,27-05-24,80.38,27-05-24,79.93,27-05-24,79.51,27-05-24,79.12,27-05-24,78.76,27-05-24,78.44,27-05-24,76.16,27-05-24,74.65,27-05-24,75.78,27-05-24,74.81,27-05-24,72.44
26-05-24,82.20,26-05-24,81.95,26-05-24,81.51,26-05-24,81.02,26-05-24,80.51,26-05-24,80.00,26-05-24,79.52,26-05-24,79.07,26-05-24,78.68,26-05-24,78.29,26-05-24,77.96,26-05-24,77.67,26-05-24,74.23,26-05-24,74.42,26-05-24,73.83,26-05-24,72.87,26-05-24,72.44
24-05-24,82.08,24-05-24,81.83,24-05-24,81.41,24-05-24,80.91,24-05-24,80.40,24-05-24,79.91,24-05-24,79.43,24-05-24,79.00,24-05-24,78.60,24-05-24,78.23,24-05-24,77.88,24-05-24,77.59,24-05-24,74.23,24-05-24,74.42,24-05-24,73.83,24-05-24,72.87,24-05-24,72.44
23-05-24,81.52,23-05-24,81.25,23-05-24,80.82,23-05-24,80.36,23-05-24,79.88,23-05-24,79.42,23-05-24,78.97,23-05-24,78.56,23-05-24,78.18,23-05-24,77.82,23-05-24,77.50,23-05-24,77.23,23-05-24,76.64,23-05-24,75.48,23-05-24,75.21,23-05-24,75.34,23-05-24,75.67
22-05-24,81.71,22-05-24,81.45,22-05-24,81.05,22-05-24,80.60,22-05-24,80.14,22-05-24,79.67,22-05-24,79.22,22-05-24,78.80,22-05-24,78.40,22-05-24,78.02,22-05-24,77.68,22-05-24,77.43,22-05-24,75.79,22-05-24,74.95,22-05-24,75.41,22-05-24,74.57,22-05-24,72.39
21-05-24,82.54,21-05-24,82.40,21-05-24,82.06,21-05-24,81.66,21-05-24,81.20,21-05-24,80.73,21-05-24,80.27,21-05-24,79.84,21-05-24,79.47,21-05-24,79.10,21-05-24,78.77,21-05-24,78.49,21-05-24,74.62,21-05-24,73.92,21-05-24,73.63,21-05-24,72.21,21-05-24,71.99
20-05-24,83.69,20-05-24,83.46,20-05-24,83.07,20-05-24,82.57,20-05-24,82.08,20-05-24,81.57,20-05-24,81.09,20-05-24,80.63,20-05-24,80.19,20-05-24,79.80,20-05-24,79.45,20-05-24,79.14,20-05-24,74.59,20-05-24,74.84,20-05-24,74.08,20-05-24,73.26,20-05-24,72.75
19-05-24,83.78,19-05-24,83.47,19-05-24,82.99,19-05-24,82.46,19-05-24,81.92,19-05-24,81.38,19-05-24,80.86,19-05-24,80.40,19-05-24,79.96,19-05-24,79.54,19-05-24,79.18,19-05-24,78.85,19-05-24,75.91,19-05-24,74.83,19-05-24,75.58,19-05-24,74.42,19-05-24,75.31
17-05-24,83.91,17-05-24,83.57,17-05-24,83.07,17-05-24,82.52,17-05-24,81.97,17-05-24,81.45,17-05-24,80.93,17-05-24,80.45,17-05-24,80.00,17-05-24,79.58,17-05-24,79.21,17-05-24,78.88,17-05-24,75.91,17-05-24,74.83,17-05-24,75.58,17-05-24,74.42,17-05-24,75.31
16-05-24,83.43,16-05-24,83.04,16-05-24,82.54,16-05-24,82.00,16-05-24,81.48,16-05-24,80.98,16-05-24,80.51,16-05-24,80.05,16-05-24,79.62,16-05-24,79.22,16-05-24,78.88,16-05-24,78.56,16-05-24,74.49,16-05-24,74.64,16-05-24,73.96,16-05-24,73.06,16-05-24,72.59
15-05-24,82.90,15-05-24,82.45,15-05-24,81.91,15-05-24,81.35,15-05-24,80.82,15-05-24,80.30,15-05-24,79.82,15-05-24,79.38,15-05-24,78.94,15-05-24,78.53,15-05-24,78.18,15-05-24,77.88,15-05-24,76.52,15-05-24,75.92,15-05-24,76.17,15-05-24,76.01,15-05-24,75.54
14-05-24,82.77,14-05-24,82.30,14-05-24,81.81,14-05-24,81.23,14-05-24,80.74,14-05-24,80.25,14-05-24,79.81,14-05-24,79.32,14-05-24,78.91,14-05-24,78.51,14-05-24,78.15,14-05-24,77.87,14-05-24,75.37,14-05-24,74.48,14-05-24,75.05,14-05-24,73.91,14-05-24,72.42
13-05-24,83.43,13-05-24,82.98,13-05-24,82.44,13-05-24,81.85,13-05-24,81.33,13-05-24,80.81,13-05-24,80.30,13-05-24,79.82,13-05-24,79.36,13-05-24,78.93,13-05-24,78.54,13-05-24,78.20,13-05-24,74.36,13-05-24,74.56,13-05-24,76.33,13-05-24,72.97,13-05-24,72.52
12-05-24,82.57,12-05-24,82.16,12-05-24,81.66,12-05-24,81.09,12-05-24,80.58,12-05-24,80.05,12-05-24,79.55,12-05-24,79.08,12-05-24,78.63,12-05-24,78.21,12-05-24,77.83,12-05-24,77.51,12-05-24,75.41,12-05-24,74.56,12-05-24,75.03,12-05-24,74.00,12-05-24,71.83
10-05-24,82.80,10-05-24,82.36,10-05-24,81.84,10-05-24,81.31,10-05-24,80.78,10-05-24,80.23,10-05-24,79.76,10-05-24,79.27,10-05-24,78.82,10-05-24,78.40,10-05-24,78.02,10-05-24,77.69,10-05-24,74.29,10-05-24,73.76,10-05-24,73.80,10-05-24,72.81,10-05-24,71.83
09-05-24,84.14,09-05-24,83.57,09-05-24,82.95,09-05-24,82.33,09-05-24,81.75,09-05-24,81.20,09-05-24,80.67,09-05-24,80.17,09-05-24,79.69,09-05-24,79.24,09-05-24,78.84,09-05-24,78.48,09-05-24,75.70,09-05-24,74.65,09-05-24,73.61,09-05-24,72.16,09-05-24,71.94
08-05-24,83.75,08-05-24,83.16,08-05-24,82.57,08-05-24,81.97,08-05-24,81.42,08-05-24,80.88,08-05-24,80.37,08-05-24,79.88,08-05-24,79.42,08-05-24,78.98,08-05-24,78.63,08-05-24,78.29,08-05-24,76.25,08-05-24,76.10,08-05-24,75.95,08-05-24,75.82,08-05-24,72.52
07-05-24,82.98,07-05-24,82.54,07-05-24,82.06,07-05-24,81.53,07-05-24,81.04,07-05-24,80.56,07-05-24,80.09,07-05-24,79.63,07-05-24,79.19,07-05-24,78.78,07-05-24,78.41,07-05-24,78.09,07-05-24,73.45,07-05-24,73.51,07-05-24,73.27,07-05-24,71.65,07-05-24,72.43
06-05-24,83.58,06-05-24,83.10,06-05-24,82.56,06-05-24,81.97,06-05-24,81.46,06-05-24,80.96,06-05-24,80.47,06-05-24,79.99,06-05-24,79.55,06-05-24,79.13,06-05-24,78.76,06-05-24,78.45,06-05-24,75.45,06-05-24,72.80,06-05-24,72.79,06-05-24,77.03,06-05-24,76.73
05-05-24,83.23,05-05-24,82.71,05-05-24,82.16,05-05-24,81.60,05-05-24,81.09,05-05-24,80.58,05-05-24,80.10,05-05-24,79.62,05-05-24,79.17,05-05-24,78.76,05-05-24,78.40,05-05-24,78.09,05-05-24,74.27,05-05-24,73.08,05-05-24,74.94,05-05-24,76.75,05-05-24,75.39
03-05-24,82.79,03-05-24,82.28,03-05-24,81.75,03-05-24,81.21,03-05-24,80.72,03-05-24,80.23,03-05-24,79.74,03-05-24,79.28,03-05-24,78.83,03-05-24,78.43,03-05-24,78.07,03-05-24,77.78,03-05-24,76.41,03-05-24,75.83,03-05-24,76.05,03-05-24,76.05,03-05-24,75.39
02-05-24,83.71,02-05-24,83.06,02-05-24,82.43,02-05-24,81.82,02-05-24,81.28,02-05-24,80.75,02-05-24,80.22,02-05-24,79.72,02-05-24,79.24,02-05-24,78.81,02-05-24,78.42,02-05-24,78.07,02-05-24,75.75,02-05-24,77.30,02-05-24,75.39,02-05-24,75.60,02-05-24,75.39
01-05-24,83.61,01-05-24,82.97,01-05-24,82.34,01-05-24,81.74,01-05-24,81.15,01-05-24,80.59,01-05-24,80.04,01-05-24,79.52,01-05-24,79.01,01-05-24,78.55,01-05-24,78.13,01-05-24,77.79,01-05-24,75.77,01-05-24,77.59,01-05-24,75.52,01-05-24,75.53,01-05-24,76.11
30-04-24,87.88,30-04-24,86.31,30-04-24,85.59,30-04-24,84.88,30-04-24,84.21,30-04-24,83.58,30-04-24,82.98,30-04-24,82.38,30-04-24,81.80,30-04-24,81.25,30-04-24,80.74,30-04-24,80.30,30-04-24,79.90,30-04-24,79.45,30-04-24,79.27,30-04-24,78.88,30-04-24,78.60
29-04-24,88.52,29-04-24,87.30,29-04-24,86.52,29-04-24,85.77,29-04-24,85.01,29-04-24,84.33,29-04-24,83.70,29-04-24,83.07,29-04-24,82.47,29-04-24,81.88,29-04-24,81.34,29-04-24,80.86,29-04-24,80.43,29-04-24,80.00,29-04-24,80.22,29-04-24,79.16,29-04-24,78.83
28-04-24,88.76,28-04-24,87.56,28-04-24,86.76,28-04-24,86.02,28-04-24,85.29,28-04-24,84.58,28-04-24,83.94,28-04-24,83.29,28-04-24,82.69,28-04-24,82.10,28-04-24,81.56,28-04-24,81.09,28-04-24,80.65,28-04-24,73.10,28-04-24,73.40,28-04-24,73.41,28-04-24,79.32
26-04-24,89.34,26-04-24,88.08,26-04-24,87.28,26-04-24,86.49,26-04-24,85.72,26-04-24,85.02,26-04-24,84.31,26-04-24,83.66,26-04-24,83.02,26-04-24,82.41,26-04-24,81.86,26-04-24,81.37,26-04-24,80.95,26-04-24,80.44,26-04-24,80.23,26-04-24,79.63,26-04-24,79.32
25-04-24,89.26,25-04-24,88.04,25-04-24,87.18,25-04-24,86.36,25-04-24,85.57,25-04-24,84.84,25-04-24,84.14,25-04-24,83.47,25-04-24,82.84,25-04-24,82.23,25-04-24,81.68,25-04-24,81.19,25-04-24,80.76,25-04-24,73.03,25-04-24,73.37,25-04-24,73.37,25-04-24,79.19
24-04-24,88.11,24-04-24,87.08,24-04-24,86.32,24-04-24,85.59,24-04-24,84.85,24-04-24,84.16,24-04-24,83.50,24-04-24,82.87,24-04-24,82.25,24-04-24,81.68,24-04-24,81.16,24-04-24,80.69,24-04-24,80.28,24-04-24,72.94,24-04-24,73.23,24-04-24,73.24,24-04-24,78.70
23-04-24,88.44,23-04-24,87.40,23-04-24,86.55,23-04-24,85.77,23-04-24,84.99,23-04-24,84.27,23-04-24,83.57,23-04-24,82.90,23-04-24,82.25,23-04-24,81.65,23-04-24,81.09,23-04-24,80.61,23-04-24,80.19,23-04-24,76.33,23-04-24,76.09,23-04-24,77.07,23-04-24,78.69
22-04-24,87.18,22-04-24,86.23,22-04-24,85.45,22-04-24,84.70,22-04-24,83.98,22-04-24,83.31,22-04-24,82.65,22-04-24,82.01,22-04-24,81.40,22-04-24,80.83,22-04-24,80.31,22-04-24,79.85,22-04-24,79.45,22-04-24,75.90,22-04-24,74.33,22-04-24,76.55,22-04-24,77.95
21-04-24,86.96,21-04-24,86.15,21-04-24,85.39,21-04-24,84.63,21-04-24,83.89,21-04-24,83.21,21-04-24,82.56,21-04-24,81.91,21-04-24,81.29,21-04-24,80.71,21-04-24,80.18,21-04-24,79.71,21-04-24,79.30,21-04-24,72.83,21-04-24,73.05,21-04-24,73.04,21-04-24,77.94
19-04-24,87.38,19-04-24,86.58,19-04-24,85.82,19-04-24,85.05,19-04-24,84.32,19-04-24,83.64,19-04-24,82.98,19-04-24,82.34,19-04-24,81.72,19-04-24,81.12,19-04-24,80.59,19-04-24,80.12,19-04-24,79.69,19-04-24,72.83,19-04-24,73.05,19-04-24,73.04,19-04-24,77.94
18-04-24,86.93,18-04-24,86.21,18-04-24,85.50,18-04-24,84.80,18-04-24,84.12,18-04-24,83.47,18-04-24,82.87,18-04-24,82.27,18-04-24,81.67,18-04-24,81.10,18-04-24,80.59,18-04-24,80.13,18-04-24,79.72,18-04-24,72.88,18-04-24,73.10,18-04-24,73.09,18-04-24,78.09
17-04-24,87.44,17-04-24,86.76,17-04-24,86.07,17-04-24,85.37,17-04-24,84.69,17-04-24,84.06,17-04-24,83.44,17-04-24,82.83,17-04-24,82.22,17-04-24,81.65,17-04-24,81.13,17-04-24,80.67,17-04-24,80.24,17-04-24,74.89,17-04-24,74.72,17-04-24,79.10,17-04-24,78.54
16-04-24,90.08,16-04-24,89.29,16-04-24,88.48,16-04-24,87.71,16-04-24,86.97,16-04-24,86.27,16-04-24,85.58,16-04-24,84.90,16-04-24,84.23,16-04-24,83.58,16-04-24,82.99,16-04-24,82.45,16-04-24,81.97,16-04-24,73.33,16-04-24,73.61,16-04-24,73.61,16-04-24,80.20
15-04-24,90.39,15-04-24,89.52,15-04-24,88.66,15-04-24,87.84,15-04-24,87.04,15-04-24,86.31,15-04-24,85.60,15-04-24,84.90,15-04-24,84.21,15-04-24,83.56,15-04-24,82.97,15-04-24,82.44,15-04-24,81.95,15-04-24,77.50,15-04-24,73.63,15-04-24,73.63,15-04-24,80.17
14-04-24,90.50,14-04-24,89.61,14-04-24,88.76,14-04-24,87.94,14-04-24,87.16,14-04-24,86.43,14-04-24,85.70,14-04-24,84.99,14-04-24,84.29,14-04-24,83.63,14-04-24,83.02,14-04-24,82.46,14-04-24,81.95,14-04-24,73.27,14-04-24,73.53,14-04-24,73.53,14-04-24,79.81
12-04-24,90.16,12-04-24,89.26,12-04-24,88.41,12-04-24,87.59,12-04-24,86.77,12-04-24,86.03,12-04-24,85.30,12-04-24,84.58,12-04-24,83.88,12-04-24,83.24,12-04-24,82.64,12-04-24,82.07,12-04-24,81.59,12-04-24,73.27,12-04-24,73.53,12-04-24,73.53,12-04-24,79.73
11-04-24,90.20,11-04-24,89.27,11-04-24,88.37,11-04-24,87.53,11-04-24,86.71,11-04-24,85.97,11-04-24,85.22,11-04-24,84.51,11-04-24,83.80,11-04-24,83.14,11-04-24,82.52,11-04-24,81.96,11-04-24,81.46,11-04-24,77.02,11-04-24,73.00,11-04-24,73.49,11-04-24,79.62
10-04-24,90.67,10-04-24,89.69,10-04-24,88.76,10-04-24,87.88,10-04-24,87.04,10-04-24,86.24,10-04-24,85.47,10-04-24,84.71,10-04-24,83.98,10-04-24,83.28,10-04-24,82.65,10-04-24,82.07,10-04-24,81.54,10-04-24,75.33,10-04-24,73.62,10-04-24,76.48,10-04-24,79.45
09-04-24,89.57,09-04-24,88.63,09-04-24,87.74,09-04-24,86.89,09-04-24,86.09,09-04-24,85.32,09-04-24,84.56,09-04-24,83.82,09-04-24,83.11,09-04-24,82.42,09-04-24,81.81,09-04-24,81.28,09-04-24,80.75,09-04-24,75.62,09-04-24,73.92,09-04-24,76.53,09-04-24,78.78
08-04-24,90.60,08-04-24,89.59,08-04-24,88.63,08-04-24,87.73,08-04-24,86.85,08-04-24,86.05,08-04-24,85.26,08-04-24,84.49,08-04-24,83.77,08-04-24,83.11,08-04-24,82.49,08-04-24,81.93,08-04-24,81.40,08-04-24,77.11,08-04-24,73.45,08-04-24,73.43,08-04-24,79.31
07-04-24,90.08,07-04-24,89.13,07-04-24,88.20,07-04-24,87.31,07-04-24,86.45,07-04-24,85.64,07-04-24,84.87,07-04-24,84.11,07-04-24,83.40,07-04-24,82.73,07-04-24,82.12,07-04-24,81.56,07-04-24,81.05,07-04-24,75.09,07-04-24,73.47,07-04-24,74.69,07-04-24,79.09
05-04-24,90.88,05-04-24,89.84,05-04-24,88.84,05-04-24,87.92,05-04-24,87.01,05-04-24,86.09,05-04-24,85.27,05-04-24,84.48,05-04-24,83.75,05-04-24,83.05,05-04-24,82.43,05-04-24,81.81,05-04-24,81.27,05-04-24,73.21,05-04-24,73.46,05-04-24,72.41,05-04-24,79.41
04-04-24,91.11,04-04-24,90.05,04-04-24,89.03,04-04-24,88.07,04-04-24,87.15,04-04-24,86.27,04-04-24,85.47,04-04-24,84.67,04-04-24,83.93,04-04-24,83.25,04-04-24,82.63,04-04-24,82.03,04-04-24,81.45,04-04-24,73.21,04-04-24,72.31,04-04-24,72.44,04-04-24,79.57
03-04-24,89.53,03-04-24,88.58,03-04-24,87.70,03-04-24,86.82,03-04-24,85.97,03-04-24,85.16,03-04-24,84.40,03-04-24,83.67,03-04-24,82.99,03-04-24,82.37,03-04-24,81.80,03-04-24,81.27,03-04-24,80.79,03-04-24,75.72,03-04-24,75.50,03-04-24,75.29,03-04-24,79.02
02-04-24,89.24,02-04-24,88.21,02-04-24,87.21,02-04-24,86.27,02-04-24,85.35,02-04-24,84.52,02-04-24,83.78,02-04-24,83.06,02-04-24,82.39,02-04-24,81.79,02-04-24,81.25,02-04-24,80.75,02-04-24,80.29,02-04-24,72.91,02-04-24,73.22,02-04-24,72.28,02-04-24,78.61
01-04-24,87.82,01-04-24,86.86,01-04-24,85.98,01-04-24,85.12,01-04-24,84.29,01-04-24,83.54,01-04-24,82.85,01-04-24,82.18,01-04-24,81.56,01-04-24,81.03,01-04-24,80.55,01-04-24,80.25,01-04-24,79.67,01-04-24,79.13,01-04-24,78.71,01-04-24,78.34,01-04-24,78.17
31-03-24,86.95,31-03-24,86.09,31-03-24,85.29,31-03-24,84.49,31-03-24,83.72,31-03-24,82.99,31-03-24,82.33,31-03-24,81.70,31-03-24,81.10,31-03-24,80.59,31-03-24,80.12,31-03-24,80.25,31-03-24,79.27,31-03-24,79.40,31-03-24,79.08,31-03-24,78.62,31-03-24,78.24
28-03-24,87.50,28-03-24,87.00,28-03-24,86.15,28-03-24,85.35,28-03-24,84.56,28-03-24,83.81,28-03-24,83.11,28-03-24,82.45,28-03-24,81.82,28-03-24,81.25,28-03-24,80.72,28-03-24,80.25,28-03-24,79.80,28-03-24,79.40,28-03-24,79.08,28-03-24,78.62,28-03-24,78.24
27-03-24,86.37,27-03-24,85.68,27-03-24,84.97,27-03-24,84.26,27-03-24,83.57,27-03-24,82.88,27-03-24,82.23,27-03-24,81.63,27-03-24,81.03,27-03-24,80.49,27-03-24,80.00,27-03-24,79.55,27-03-24,79.20,27-03-24,78.74,27-03-24,78.46,27-03-24,77.98,27-03-24,77.79
26-03-24,85.89,26-03-24,85.30,26-03-24,84.59,26-03-24,83.87,26-03-24,83.17,26-03-24,82.47,26-03-24,81.83,26-03-24,81.20,26-03-24,80.61,26-03-24,80.08,26-03-24,79.60,26-03-24,79.16,26-03-24,78.86,26-03-24,78.35,26-03-24,78.13,26-03-24,77.72,26-03-24,77.36
25-03-24,86.69,25-03-24,86.06,25-03-24,85.36,25-03-24,84.63,25-03-24,83.89,25-03-24,83.17,25-03-24,82.49,25-03-24,81.86,25-03-24,81.25,25-03-24,80.69,25-03-24,80.16,25-03-24,79.69,25-03-24,79.27,25-03-24,78.90,25-03-24,78.52,25-03-24,78.09,25-03-24,77.85
24-03-24,85.58,24-03-24,84.99,24-03-24,84.27,24-03-24,83.57,24-03-24,82.86,24-03-24,82.16,24-03-24,81.51,24-03-24,80.90,24-03-24,80.30,24-03-24,79.76,24-03-24,79.27,24-03-24,78.83,24-03-24,78.78,24-03-24,78.02,24-03-24,78.02,24-03-24,77.65,24-03-24,77.30
22-03-24,85.58,22-03-24,84.95,22-03-24,84.24,22-03-24,83.53,22-03-24,82.83,22-03-24,82.14,22-03-24,81.49,22-03-24,80.88,22-03-24,80.29,22-03-24,79.74,22-03-24,79.22,22-03-24,78.77,22-03-24,78.78,22-03-24,77.99,22-03-24,78.02,22-03-24,77.65,22-03-24,77.30
21-03-24,85.59,21-03-24,85.06,21-03-24,84.45,21-03-24,83.80,21-03-24,83.14,21-03-24,82.47,21-03-24,81.84,21-03-24,81.24,21-03-24,80.66,21-03-24,80.12,21-03-24,79.64,21-03-24,79.19,21-03-24,78.78,21-03-24,78.39,21-03-24,77.98,21-03-24,77.64,21-03-24,77.28
20-03-24,86.18,20-03-24,85.59,20-03-24,84.95,20-03-24,84.28,20-03-24,83.58,20-03-24,82.91,20-03-24,82.27,20-03-24,81.62,20-03-24,81.05,20-03-24,80.49,20-03-24,80.00,20-03-24,79.55,20-03-24,79.17,20-03-24,78.80,20-03-24,78.20,20-03-24,78.04,20-03-24,77.70
19-03-24,87.22,19-03-24,86.50,19-03-24,85.73,19-03-24,84.97,19-03-24,84.21,19-03-24,83.49,19-03-24,82.80,19-03-24,82.14,19-03-24,81.51,19-03-24,80.94,19-03-24,80.42,19-03-24,79.95,19-03-24,79.53,19-03-24,79.12,19-03-24,78.68,19-03-24,78.55,19-03-24,77.97
18-03-24,86.91,18-03-24,86.15,18-03-24,85.33,18-03-24,84.58,18-03-24,83.83,18-03-24,83.10,18-03-24,82.42,18-03-24,81.78,18-03-24,81.15,18-03-24,80.58,18-03-24,80.08,18-03-24,79.62,18-03-24,79.12,18-03-24,78.78,18-03-24,78.33,18-03-24,77.94,18-03-24,77.59
17-03-24,85.41,17-03-24,84.82,17-03-24,84.18,17-03-24,83.54,17-03-24,82.86,17-03-24,82.18,17-03-24,81.53,17-03-24,80.94,17-03-24,80.35,17-03-24,79.83,17-03-24,79.36,17-03-24,78.94,17-03-24,78.62,17-03-24,78.18,17-03-24,77.90,17-03-24,77.55,17-03-24,77.21
15-03-24,85.34,15-03-24,84.76,15-03-24,84.12,15-03-24,83.48,15-03-24,82.81,15-03-24,82.14,15-03-24,81.51,15-03-24,80.92,15-03-24,80.34,15-03-24,79.81,15-03-24,79.38,15-03-24,78.95,15-03-24,78.62,15-03-24,78.16,15-03-24,77.90,15-03-24,77.55,15-03-24,77.21
14-03-24,85.12,14-03-24,84.45,14-03-24,83.75,14-03-24,83.06,14-03-24,82.35,14-03-24,81.66,14-03-24,81.01,14-03-24,80.41,14-03-24,79.83,14-03-24,79.30,14-03-24,78.84,14-03-24,78.41,14-03-24,78.11,14-03-24,77.65,14-03-24,77.41,14-03-24,77.14,14-03-24,76.67
13-03-24,83.96,13-03-24,83.34,13-03-24,82.70,13-03-24,82.04,13-03-24,81.38,13-03-24,80.73,13-03-24,80.15,13-03-24,79.59,13-03-24,79.05,13-03-24,78.56,13-03-24,78.14,13-03-24,77.75,13-03-24,77.50,13-03-24,77.03,13-03-24,76.80,13-03-24,76.29,13-03-24,76.19
12-03-24,82.36,12-03-24,81.88,12-03-24,81.34,12-03-24,80.75,12-03-24,80.13,12-03-24,79.54,12-03-24,78.98,12-03-24,78.44,12-03-24,77.94,12-03-24,77.48,12-03-24,77.08,12-03-24,76.73,12-03-24,75.95,12-03-24,76.07,12-03-24,75.34,12-03-24,75.17,12-03-24,74.71
11-03-24,82.47,11-03-24,81.97,11-03-24,81.44,11-03-24,80.81,11-03-24,80.20,11-03-24,79.60,11-03-24,79.05,11-03-24,78.55,11-03-24,78.08,11-03-24,77.62,11-03-24,77.22,11-03-24,76.87,11-03-24,76.42,11-03-24,76.22,11-03-24,75.83,11-03-24,75.68,11-03-24,75.18
10-03-24,81.85,10-03-24,81.29,10-03-24,80.70,10-03-24,80.10,10-03-24,79.47,10-03-24,78.86,10-03-24,78.30,10-03-24,77.80,10-03-24,77.28,10-03-24,76.82,10-03-24,76.44,10-03-24,76.08,10-03-24,75.57,10-03-24,75.44,10-03-24,74.96,10-03-24,74.89,10-03-24,74.33
08-03-24,81.99,08-03-24,81.42,08-03-24,80.83,08-03-24,80.22,08-03-24,79.59,08-03-24,78.99,08-03-24,78.41,08-03-24,77.93,08-03-24,77.43,08-03-24,76.97,08-03-24,76.59,08-03-24,76.24,08-03-24,75.57,08-03-24,75.58,08-03-24,74.96,08-03-24,74.89,08-03-24,74.33
07-03-24,83.39,07-03-24,82.64,07-03-24,82.00,07-03-24,81.25,07-03-24,80.59,07-03-24,79.91,07-03-24,79.32,07-03-24,78.78,07-03-24,78.24,07-03-24,77.74,07-03-24,77.41,07-03-24,77.03,07-03-24,76.68,07-03-24,76.30,07-03-24,76.00,07-03-24,75.52,07-03-24,75.39
06-03-24,82.91,06-03-24,82.13,06-03-24,81.44,06-03-24,80.77,06-03-24,80.09,06-03-24,79.46,06-03-24,78.89,06-03-24,78.37,06-03-24,77.84,06-03-24,77.38,06-03-24,76.98,06-03-24,76.61,06-03-24,76.23,06-03-24,75.91,06-03-24,75.37,06-03-24,75.25,06-03-24,72.28
05-03-24,82.03,05-03-24,81.31,05-03-24,80.67,05-03-24,80.03,05-03-24,79.42,05-03-24,78.83,05-03-24,78.33,05-03-24,77.83,05-03-24,77.36,05-03-24,76.93,05-03-24,76.58,05-03-24,76.23,05-03-24,75.77,05-03-24,75.60,05-03-24,75.19,05-03-24,74.91,05-03-24,72.22
04-03-24,82.83,04-03-24,82.09,04-03-24,81.41,04-03-24,80.75,04-03-24,80.10,04-03-24,79.50,04-03-24,78.96,04-03-24,78.45,04-03-24,77.97,04-03-24,77.52,04-03-24,77.11,04-03-24,76.79,04-03-24,76.44,04-03-24,76.09,04-03-24,75.75,04-03-24,75.71,04-03-24,72.33
01-03-24,83.45,01-03-24,82.55,01-03-24,81.75,01-03-24,80.98,01-03-24,80.27,01-03-24,79.61,01-03-24,79.02,01-03-24,78.46,01-03-24,77.93,01-03-24,77.45,01-03-24,77.03,01-03-24,76.65,01-03-24,76.30,01-03-24,75.94,01-03-24,75.82,01-03-24,75.10,01-03-24,72.00
29-02-24,83.59,29-02-24,81.94,29-02-24,81.21,29-02-24,80.57,29-02-24,79.92,29-02-24,79.30,29-02-24,78.74,29-02-24,78.22,29-02-24,77.74,29-02-24,77.27,29-02-24,76.85,29-02-24,76.49,29-02-24,76.32,29-02-24,75.77,29-02-24,75.50,29-02-24,75.27,29-02-24,75.03
28-02-24,83.32,28-02-24,81.85,28-02-24,81.17,28-02-24,80.53,28-02-24,79.90,28-02-24,79.28,28-02-24,78.71,28-02-24,78.19,28-02-24,77.70,28-02-24,77.22,28-02-24,76.78,28-02-24,76.42,28-02-24,75.96,28-02-24,75.69,28-02-24,75.41,28-02-24,75.23,28-02-24,74.80
27-02-24,83.20,27-02-24,82.25,27-02-24,81.63,27-02-24,81.03,27-02-24,80.41,27-02-24,79.80,27-02-24,79.22,27-02-24,78.70,27-02-24,78.20,27-02-24,77.71,27-02-24,77.26,27-02-24,76.87,27-02-24,76.62,27-02-24,76.06,27-02-24,75.86,27-02-24,75.47,27-02-24,75.29
26-02-24,82.57,26-02-24,81.72,26-02-24,81.15,26-02-24,80.60,26-02-24,80.02,26-02-24,79.45,26-02-24,78.93,26-02-24,78.42,26-02-24,77.96,26-02-24,77.50,26-02-24,77.07,26-02-24,76.70,26-02-24,76.18,26-02-24,75.90,26-02-24,75.67,26-02-24,76.22,26-02-24,75.12
23-02-24,81.60,23-02-24,80.78,23-02-24,80.25,23-02-24,79.70,23-02-24,79.15,23-02-24,78.59,23-02-24,78.09,23-02-24,77.64,23-02-24,77.20,23-02-24,76.77,23-02-24,76.35,23-02-24,76.00,23-02-24,75.84,23-02-24,73.33,23-02-24,75.06,23-02-24,72.74,23-02-24,72.04
22-02-24,83.43,22-02-24,82.47,22-02-24,81.78,22-02-24,81.14,22-02-24,80.53,22-02-24,79.95,22-02-24,79.42,22-02-24,78.93,22-02-24,78.45,22-02-24,77.98,22-02-24,77.54,22-02-24,77.16,22-02-24,76.92,22-02-24,73.92,22-02-24,76.12,22-02-24,73.21,22-02-24,72.33
21-02-24,83.14,21-02-24,82.19,21-02-24,81.48,21-02-24,80.85,21-02-24,80.24,21-02-24,79.67,21-02-24,79.14,21-02-24,78.65,21-02-24,78.19,21-02-24,77.72,21-02-24,77.29,21-02-24,76.92,21-02-24,76.56,21-02-24,72.21,21-02-24,75.88,21-02-24,72.10,21-02-24,72.19
20-02-24,82.52,20-02-24,81.71,20-02-24,81.08,20-02-24,80.53,20-02-24,79.99,20-02-24,79.46,20-02-24,78.97,20-02-24,78.49,20-02-24,78.04,20-02-24,77.59,20-02-24,77.16,20-02-24,76.79,20-02-24,76.57,20-02-24,73.70,20-02-24,75.79,20-02-24,73.04,20-02-24,72.91
19-02-24,83.35,19-02-24,82.56,19-02-24,81.92,19-02-24,81.35,19-02-24,80.83,19-02-24,80.27,19-02-24,79.77,19-02-24,79.28,19-02-24,78.81,19-02-24,78.35,19-02-24,77.91,19-02-24,77.53,19-02-24,77.24,19-02-24,72.35,19-02-24,76.50,19-02-24,73.75,19-02-24,72.37
16-02-24,83.53,16-02-24,82.80,16-02-24,82.22,16-02-24,81.63,16-02-24,81.06,16-02-24,80.51,16-02-24,80.01,16-02-24,79.54,16-02-24,79.06,16-02-24,78.61,16-02-24,78.17,16-02-24,77.79,16-02-24,193.51,16-02-24,72.33,16-02-24,76.76,16-02-24,72.15,16-02-24,72.34
15-02-24,82.81,15-02-24,82.12,15-02-24,81.51,15-02-24,80.96,15-02-24,80.42,15-02-24,79.90,15-02-24,79.42,15-02-24,78.95,15-02-24,78.50,15-02-24,78.05,15-02-24,77.63,15-02-24,77.25,15-02-24,193.49,15-02-24,72.28,15-02-24,76.22,15-02-24,72.17,15-02-24,72.29
14-02-24,81.44,14-02-24,80.82,14-02-24,80.30,14-02-24,79.83,14-02-24,79.36,14-02-24,78.93,14-02-24,78.49,14-02-24,78.08,14-02-24,77.67,14-02-24,77.25,14-02-24,76.86,14-02-24,76.52,14-02-24,193.46,14-02-24,72.15,14-02-24,75.60,14-02-24,74.60,14-02-24,72.14
13-02-24,82.63,13-02-24,81.97,13-02-24,81.37,13-02-24,80.86,13-02-24,80.36,13-02-24,79.86,13-02-24,79.37,13-02-24,78.93,13-02-24,78.50,13-02-24,78.05,13-02-24,77.64,13-02-24,77.28,13-02-24,193.49,13-02-24,72.28,13-02-24,76.29,13-02-24,71.61,13-02-24,72.29
12-02-24,82.07,12-02-24,81.56,12-02-24,81.07,12-02-24,80.64,12-02-24,80.20,12-02-24,79.76,12-02-24,79.30,12-02-24,78.86,12-02-24,78.41,12-02-24,77.97,12-02-24,77.55,12-02-24,77.19,12-02-24,193.49,12-02-24,72.01,12-02-24,76.20,12-02-24,72.09,12-02-24,72.27
09-02-24,81.94,09-02-24,81.42,09-02-24,80.85,09-02-24,80.42,09-02-24,80.00,09-02-24,79.58,09-02-24,79.12,09-02-24,78.69,09-02-24,78.25,09-02-24,77.82,09-02-24,77.41,09-02-24,77.06,09-02-24,193.48,09-02-24,74.80,09-02-24,76.08,09-02-24,74.05,09-02-24,73.06
08-02-24,81.74,08-02-24,81.13,08-02-24,80.57,08-02-24,80.06,08-02-24,79.57,08-02-24,79.07,08-02-24,78.58,08-02-24,78.12,08-02-24,77.69,08-02-24,77.25,08-02-24,76.84,08-02-24,76.52,08-02-24,193.48,08-02-24,71.90,08-02-24,75.53,08-02-24,72.01,08-02-24,72.12
07-02-24,79.41,07-02-24,79.08,07-02-24,78.73,07-02-24,78.36,07-02-24,77.98,07-02-24,77.58,07-02-24,77.17,07-02-24,76.76,07-02-24,76.37,07-02-24,75.98,07-02-24,75.62,07-02-24,75.30,07-02-24,193.39,07-02-24,71.89,07-02-24,74.44,07-02-24,71.70,07-02-24,71.85
06-02-24,78.76,06-02-24,78.42,06-02-24,78.10,06-02-24,77.76,06-02-24,77.40,06-02-24,77.01,06-02-24,76.62,06-02-24,76.23,06-02-24,75.84,06-02-24,75.47,06-02-24,75.12,06-02-24,74.82,06-02-24,197.43,06-02-24,71.79,06-02-24,74.00,06-02-24,71.64,06-02-24,71.73
05-02-24,77.92,05-02-24,77.66,05-02-24,77.41,05-02-24,77.12,05-02-24,76.82,05-02-24,76.47,05-02-24,76.10,05-02-24,75.75,05-02-24,75.38,05-02-24,75.02,05-02-24,74.69,05-02-24,74.41,05-02-24,116.12,05-02-24,71.74,05-02-24,73.62,05-02-24,71.63,05-02-24,71.69
02-02-24,77.56,02-02-24,77.32,02-02-24,77.06,02-02-24,76.77,02-02-24,76.45,02-02-24,76.06,02-02-24,75.67,02-02-24,75.34,02-02-24,74.98,02-02-24,74.62,02-02-24,74.24,02-02-24,73.98,02-02-24,195.90,02-02-24,72.34,02-02-24,73.33,02-02-24,71.92,02-02-24,71.54
01-02-24,78.87,01-02-24,78.58,01-02-24,78.28,01-02-24,77.95,01-02-24,77.61,01-02-24,77.21,01-02-24,76.81,01-02-24,76.40,01-02-24,75.99,01-02-24,75.60,01-02-24,75.24,01-02-24,76.48,01-02-24,193.37,01-02-24,71.82,01-02-24,74.11,01-02-24,71.68,01-02-24,71.77
31-01-24,80.68,31-01-24,80.39,31-01-24,80.06,31-01-24,79.71,31-01-24,79.31,31-01-24,78.91,31-01-24,78.47,31-01-24,78.05,31-01-24,77.65,31-01-24,77.23,31-01-24,76.85,31-01-24,76.66,31-01-24,76.25,31-01-24,75.95,31-01-24,75.61,31-01-24,75.43,31-01-24,75.12
30-01-24,82.78,30-01-24,82.44,30-01-24,82.07,30-01-24,81.71,30-01-24,81.31,30-01-24,80.88,30-01-24,80.42,30-01-24,79.97,30-01-24,79.51,30-01-24,79.06,30-01-24,78.62,30-01-24,78.21,30-01-24,77.80,30-01-24,193.52,30-01-24,72.40,30-01-24,76.84,30-01-24,73.64
29-01-24,82.56,29-01-24,82.00,29-01-24,81.64,29-01-24,81.29,29-01-24,80.88,29-01-24,80.46,29-01-24,80.00,29-01-24,79.53,29-01-24,79.08,29-01-24,78.63,29-01-24,78.19,29-01-24,77.78,29-01-24,77.08,29-01-24,193.51,29-01-24,72.33,29-01-24,76.44,29-01-24,72.12
26-01-24,83.65,26-01-24,83.03,26-01-24,82.58,26-01-24,82.16,26-01-24,81.72,26-01-24,81.25,26-01-24,80.75,26-01-24,80.27,26-01-24,79.78,26-01-24,79.31,26-01-24,78.85,26-01-24,78.43,26-01-24,78.03,26-01-24,193.54,26-01-24,72.15,26-01-24,77.06,26-01-24,72.28
25-01-24,82.35,25-01-24,81.84,25-01-24,81.51,25-01-24,81.17,25-01-24,80.77,25-01-24,80.34,25-01-24,79.88,25-01-24,79.42,25-01-24,78.98,25-01-24,78.54,25-01-24,78.11,25-01-24,77.70,25-01-24,77.31,25-01-24,193.50,25-01-24,72.03,25-01-24,76.40,25-01-24,72.19
24-01-24,80.25,24-01-24,79.85,24-01-24,79.60,24-01-24,79.38,24-01-24,79.08,24-01-24,78.74,24-01-24,78.36,24-01-24,77.99,24-01-24,77.62,24-01-24,77.23,24-01-24,76.86,24-01-24,76.51,24-01-24,76.23,24-01-24,193.44,24-01-24,73.70,24-01-24,75.35,24-01-24,73.09
23-01-24,79.75,23-01-24,79.30,23-01-24,79.03,23-01-24,78.79,23-01-24,78.52,23-01-24,78.20,23-01-24,77.85,23-01-24,77.51,23-01-24,77.16,23-01-24,76.79,23-01-24,76.44,23-01-24,76.10,23-01-24,76.24,23-01-24,75.95,23-01-24,73.45,23-01-24,74.98,23-01-24,72.86
22-01-24,79.88,22-01-24,79.43,22-01-24,79.16,22-01-24,78.88,22-01-24,78.59,22-01-24,78.28,22-01-24,77.92,22-01-24,77.56,22-01-24,77.18,22-01-24,76.81,22-01-24,76.45,22-01-24,76.10,22-01-24,76.35,22-01-24,76.12,22-01-24,73.50,22-01-24,74.98,22-01-24,72.91
19-01-24,78.63,19-01-24,78.14,19-01-24,77.86,19-01-24,77.60,19-01-24,77.31,19-01-24,77.00,19-01-24,76.64,19-01-24,76.29,19-01-24,75.94,19-01-24,75.59,19-01-24,75.24,19-01-24,74.92,19-01-24,74.83,19-01-24,193.37,19-01-24,71.80,19-01-24,73.82,19-01-24,71.66
18-01-24,78.95,18-01-24,78.48,18-01-24,78.22,18-01-24,77.95,18-01-24,77.64,18-01-24,77.31,18-01-24,76.97,18-01-24,76.63,18-01-24,76.28,18-01-24,75.93,18-01-24,75.58,18-01-24,75.26,18-01-24,75.03,18-01-24,193.38,18-01-24,71.84,18-01-24,74.16,18-01-24,71.75
17-01-24,78.09,17-01-24,77.64,17-01-24,77.38,17-01-24,77.15,17-01-24,76.87,17-01-24,76.57,17-01-24,76.25,17-01-24,75.92,17-01-24,75.60,17-01-24,75.27,17-01-24,74.95,17-01-24,74.65,17-01-24,74.40,17-01-24,193.35,17-01-24,71.72,17-01-24,73.61,17-01-24,71.55
16-01-24,77.93,16-01-24,77.51,16-01-24,77.25,16-01-24,77.00,16-01-24,76.74,16-01-24,76.46,16-01-24,76.16,16-01-24,75.85,16-01-24,75.55,16-01-24,75.23,16-01-24,74.90,16-01-24,74.60,16-01-24,74.09,16-01-24,187.34,16-01-24,73.59,16-01-24,73.62,16-01-24,73.15
15-01-24,78.59,15-01-24,78.22,15-01-24,77.99,15-01-24,77.78,15-01-24,77.53,15-01-24,77.27,15-01-24,76.95,15-01-24,76.64,15-01-24,76.34,15-01-24,76.04,15-01-24,75.72,15-01-24,75.42,15-01-24,74.97,15-01-24,187.40,15-01-24,72.48,15-01-24,74.40,15-01-24,72.39
12-01-24,78.36,12-01-24,78.02,12-01-24,77.80,12-01-24,77.58,12-01-24,77.32,12-01-24,77.04,12-01-24,76.73,12-01-24,76.41,12-01-24,76.10,12-01-24,75.78,12-01-24,75.45,12-01-24,75.15,12-01-24,74.64,12-01-24,187.42,12-01-24,71.84,12-01-24,74.07,12-01-24,71.73
11-01-24,78.48,11-01-24,78.10,11-01-24,77.87,11-01-24,77.63,11-01-24,77.37,11-01-24,77.08,11-01-24,76.75,11-01-24,76.43,11-01-24,76.11,11-01-24,75.77,11-01-24,75.44,11-01-24,75.12,11-01-24,74.63,11-01-24,194.27,11-01-24,71.76,11-01-24,74.10,11-01-24,71.57
10-01-24,76.78,10-01-24,76.44,10-01-24,76.22,10-01-24,76.03,10-01-24,75.80,10-01-24,75.53,10-01-24,75.23,10-01-24,74.94,10-01-24,74.66,10-01-24,74.35,10-01-24,74.06,10-01-24,73.77,10-01-24,73.69,10-01-24,187.28,10-01-24,71.54,10-01-24,72.80,10-01-24,71.43
09-01-24,77.49,09-01-24,77.12,09-01-24,76.89,09-01-24,76.66,09-01-24,76.38,09-01-24,76.09,09-01-24,75.77,09-01-24,75.47,09-01-24,75.17,09-01-24,74.86,09-01-24,74.54,09-01-24,74.24,09-01-24,74.12,09-01-24,187.33,09-01-24,71.66,09-01-24,73.25,09-01-24,71.55
08-01-24,76.23,08-01-24,75.99,08-01-24,75.81,08-01-24,75.64,08-01-24,75.42,08-01-24,75.16,08-01-24,74.89,08-01-24,74.62,08-01-24,74.38,08-01-24,74.09,08-01-24,73.81,08-01-24,73.55,08-01-24,73.42,08-01-24,194.21,08-01-24,71.52,08-01-24,72.66,08-01-24,71.36
05-01-24,78.93,05-01-24,78.70,05-01-24,78.51,05-01-24,78.29,05-01-24,78.00,05-01-24,77.67,05-01-24,77.34,05-01-24,77.01,05-01-24,76.67,05-01-24,76.34,05-01-24,75.99,05-01-24,75.66,05-01-24,75.39,05-01-24,75.04,05-01-24,72.98,05-01-24,74.60,05-01-24,72.47
04-01-24,77.71,04-01-24,77.48,04-01-24,77.31,04-01-24,77.13,04-01-24,76.88,04-01-24,76.59,04-01-24,76.30,04-01-24,75.99,04-01-24,75.69,04-01-24,75.38,04-01-24,75.06,04-01-24,74.76,04-01-24,74.25,04-01-24,187.36,04-01-24,71.74,04-01-24,73.72,04-01-24,71.60
03-01-24,78.44,03-01-24,78.29,03-01-24,78.15,03-01-24,77.99,03-01-24,77.77,03-01-24,77.50,03-01-24,77.20,03-01-24,76.90,03-01-24,76.59,03-01-24,76.30,03-01-24,75.97,03-01-24,75.66,03-01-24,75.35,03-01-24,168.72,03-01-24,73.04,03-01-24,74.59,03-01-24,72.51
02-01-24,76.05,02-01-24,75.99,02-01-24,75.94,02-01-24,75.83,02-01-24,75.65,02-01-24,75.41,02-01-24,75.14,02-01-24,74.86,02-01-24,74.60,02-01-24,74.34,02-01-24,74.05,02-01-24,73.77,02-01-24,73.55,02-01-24,115.37,02-01-24,71.55,02-01-24,72.87,02-01-24,71.44
29-12-23,77.07,29-12-23,76.91,29-12-23,76.80,29-12-23,76.65,29-12-23,76.44,29-12-23,76.17,29-12-23,75.85,29-12-23,75.56,29-12-23,75.26,29-12-23,74.99,29-12-23,74.68,29-12-23,74.36,29-12-23,74.29,29-12-23,73.89,29-12-23,73.69,29-12-23,73.40,29-12-23,73.16
28-12-23,77.49,28-12-23,77.37,28-12-23,77.27,28-12-23,77.18,28-12-23,76.98,28-12-23,76.72,28-12-23,76.42,28-12-23,76.13,28-12-23,75.83,28-12-23,75.53,28-12-23,75.22,28-12-23,75.23,28-12-23,74.71,28-12-23,74.57,28-12-23,74.33,28-12-23,73.89,28-12-23,73.89
27-12-23,79.45,27-12-23,79.29,27-12-23,79.18,27-12-23,79.02,27-12-23,78.88,27-12-23,78.66,27-12-23,78.37,27-12-23,78.04,27-12-23,77.65,27-12-23,77.33,27-12-23,77.01,27-12-23,76.65,27-12-23,76.39,27-12-23,76.04,27-12-23,198.24,27-12-23,73.50,27-12-23,75.08
26-12-23,80.89,26-12-23,80.64,26-12-23,80.44,26-12-23,80.25,26-12-23,80.03,26-12-23,79.75,26-12-23,79.40,26-12-23,79.01,26-12-23,78.63,26-12-23,78.26,26-12-23,77.89,26-12-23,77.49,26-12-23,81.36,26-12-23,76.66,26-12-23,187.59,26-12-23,73.60,26-12-23,75.81
22-12-23,79.20,22-12-23,78.90,22-12-23,78.72,22-12-23,78.57,22-12-23,78.41,22-12-23,78.19,22-12-23,77.91,22-12-23,77.59,22-12-23,77.26,22-12-23,76.95,22-12-23,76.62,22-12-23,76.27,22-12-23,75.90,22-12-23,75.66,22-12-23,75.17,22-12-23,75.10,22-12-23,74.81
21-12-23,79.36,21-12-23,79.15,21-12-23,79.00,21-12-23,78.90,21-12-23,78.80,21-12-23,78.63,21-12-23,78.39,21-12-23,78.11,21-12-23,77.82,21-12-23,77.53,21-12-23,77.23,21-12-23,76.91,21-12-23,81.24,21-12-23,76.30,21-12-23,187.55,21-12-23,73.54,21-12-23,75.38
20-12-23,79.16,20-12-23,79.14,20-12-23,79.09,20-12-23,79.04,20-12-23,78.96,20-12-23,78.81,20-12-23,78.61,20-12-23,78.32,20-12-23,78.03,20-12-23,77.75,20-12-23,77.44,20-12-23,77.11,20-12-23,77.20,20-12-23,76.57,20-12-23,187.57,20-12-23,73.59,20-12-23,75.66
19-12-23,79.29,19-12-23,79.41,19-12-23,79.46,19-12-23,79.50,19-12-23,79.44,19-12-23,79.33,19-12-23,79.12,19-12-23,78.87,19-12-23,78.59,19-12-23,78.31,19-12-23,78.03,19-12-23,77.71,19-12-23,81.75,19-12-23,77.17,19-12-23,187.63,19-12-23,73.69,19-12-23,76.27
18-12-23,77.99,18-12-23,78.12,18-12-23,78.20,18-12-23,78.25,18-12-23,78.26,18-12-23,78.17,18-12-23,78.01,18-12-23,77.78,18-12-23,77.54,18-12-23,77.29,18-12-23,77.03,18-12-23,76.74,18-12-23,81.17,18-12-23,76.20,18-12-23,187.54,18-12-23,73.42,18-12-23,75.44
15-12-23,76.95,15-12-23,77.15,15-12-23,77.28,15-12-23,77.36,15-12-23,77.38,15-12-23,77.33,15-12-23,77.20,15-12-23,77.00,15-12-23,76.80,15-12-23,76.60,15-12-23,76.36,15-12-23,76.09,15-12-23,80.63,15-12-23,75.40,15-12-23,187.47,15-12-23,73.42,15-12-23,74.93
14-12-23,76.62,14-12-23,76.86,14-12-23,77.02,14-12-23,77.12,14-12-23,77.12,14-12-23,77.09,14-12-23,76.98,14-12-23,76.81,14-12-23,76.62,14-12-23,76.40,14-12-23,76.16,14-12-23,75.91,14-12-23,80.35,14-12-23,75.44,14-12-23,198.24,14-12-23,61.55,14-12-23,74.75
13-12-23,74.61,13-12-23,74.84,13-12-23,75.03,13-12-23,75.18,13-12-23,75.27,13-12-23,75.29,13-12-23,75.24,13-12-23,75.11,13-12-23,74.96,13-12-23,74.78,13-12-23,74.57,13-12-23,74.36,13-12-23,83.48,13-12-23,73.94,13-12-23,194.24,13-12-23,68.00,13-12-23,73.33
12-12-23,73.33,12-12-23,73.62,12-12-23,73.81,12-12-23,73.95,12-12-23,74.02,12-12-23,74.06,12-12-23,74.00,12-12-23,73.89,12-12-23,73.75,12-12-23,73.58,12-12-23,73.39,12-12-23,73.19,12-12-23,73.02,12-12-23,72.83,12-12-23,72.65,12-12-23,67.44,12-12-23,72.22
11-12-23,76.09,11-12-23,76.30,11-12-23,76.38,11-12-23,76.42,11-12-23,76.42,11-12-23,76.36,11-12-23,76.25,11-12-23,76.08,11-12-23,75.88,11-12-23,75.68,11-12-23,75.46,11-12-23,75.22,11-12-23,78.58,11-12-23,74.75,11-12-23,187.40,11-12-23,61.31,11-12-23,74.09
08-12-23,75.69,08-12-23,75.85,08-12-23,75.87,08-12-23,75.85,08-12-23,75.79,08-12-23,75.69,08-12-23,75.53,08-12-23,75.33,08-12-23,75.16,08-12-23,74.92,08-12-23,74.69,08-12-23,74.45,08-12-23,75.36,08-12-23,74.06,08-12-23,194.25,08-12-23,68.26,08-12-23,73.34
07-12-23,74.58,07-12-23,74.72,07-12-23,74.79,07-12-23,74.84,07-12-23,74.84,07-12-23,74.79,07-12-23,74.66,07-12-23,74.50,07-12-23,74.33,07-12-23,74.13,07-12-23,73.94,07-12-23,73.73,07-12-23,79.18,07-12-23,73.11,07-12-23,187.24,07-12-23,60.81,07-12-23,72.72
06-12-23,74.30,06-12-23,74.45,06-12-23,74.49,06-12-23,74.49,06-12-23,74.50,06-12-23,74.45,06-12-23,74.33,06-12-23,74.18,06-12-23,74.02,06-12-23,73.85,06-12-23,73.66,06-12-23,73.47,06-12-23,74.96,06-12-23,73.12,06-12-23,194.19,06-12-23,60.76,06-12-23,72.48
05-12-23,77.01,05-12-23,77.01,05-12-23,76.93,05-12-23,76.84,05-12-23,76.74,05-12-23,76.61,05-12-23,76.39,05-12-23,76.21,05-12-23,75.99,05-12-23,75.74,05-12-23,75.50,05-12-23,75.23,05-12-23,74.96,05-12-23,74.75,05-12-23,187.40,05-12-23,68.53,05-12-23,73.97
04-12-23,78.22,04-12-23,78.24,04-12-23,78.22,04-12-23,78.15,04-12-23,78.08,04-12-23,77.95,04-12-23,77.76,04-12-23,77.53,04-12-23,77.29,04-12-23,77.02,04-12-23,76.74,04-12-23,76.46,04-12-23,74.96,04-12-23,76.00,04-12-23,187.52,04-12-23,61.67,04-12-23,75.09
01-12-23,79.59,01-12-23,79.45,01-12-23,79.27,01-12-23,79.12,01-12-23,78.94,01-12-23,78.70,01-12-23,78.42,01-12-23,78.12,01-12-23,77.83,01-12-23,77.52,01-12-23,77.20,01-12-23,77.58,01-12-23,74.96,01-12-23,75.91,01-12-23,187.52,01-12-23,61.66,01-12-23,75.41
30-11-23,80.39,30-11-23,80.12,30-11-23,79.83,30-11-23,79.52,30-11-23,79.28,30-11-23,78.99,30-11-23,78.68,30-11-23,78.38,30-11-23,78.03,30-11-23,77.70,30-11-23,77.36,30-11-23,77.86,30-11-23,77.47,30-11-23,77.12,30-11-23,76.78,30-11-23,76.72,30-11-23,75.50
29-11-23,82.94,29-11-23,82.65,29-11-23,82.34,29-11-23,82.04,29-11-23,81.77,29-11-23,81.48,29-11-23,81.16,29-11-23,80.82,29-11-23,80.48,29-11-23,80.12,29-11-23,79.75,29-11-23,79.38,29-11-23,74.96,29-11-23,74.96,29-11-23,78.30,29-11-23,187.74,29-11-23,62.37
28-11-23,81.71,28-11-23,81.46,28-11-23,81.19,28-11-23,80.93,28-11-23,80.67,28-11-23,80.39,28-11-23,80.09,28-11-23,79.76,28-11-23,79.41,28-11-23,79.06,28-11-23,78.71,28-11-23,78.36,28-11-23,77.86,28-11-23,74.96,28-11-23,77.21,28-11-23,187.63,28-11-23,60.75
27-11-23,80.11,27-11-23,80.04,27-11-23,79.92,27-11-23,79.76,27-11-23,79.61,27-11-23,79.43,27-11-23,79.21,27-11-23,78.94,27-11-23,78.65,27-11-23,78.35,27-11-23,78.03,27-11-23,77.69,27-11-23,74.96,27-11-23,74.96,27-11-23,77.00,27-11-23,187.58,27-11-23,61.88
24-11-23,80.22,24-11-23,80.14,24-11-23,79.98,24-11-23,79.81,24-11-23,79.65,24-11-23,79.47,24-11-23,79.24,24-11-23,78.96,24-11-23,78.66,24-11-23,78.34,24-11-23,78.02,24-11-23,77.69,24-11-23,74.96,24-11-23,74.96,24-11-23,15.63,24-11-23,175.55,24-11-23,69.04
23-11-23,81.25,23-11-23,81.09,23-11-23,80.90,23-11-23,80.67,23-11-23,80.45,23-11-23,80.21,23-11-23,79.95,23-11-23,79.64,23-11-23,79.30,23-11-23,78.96,23-11-23,78.62,23-11-23,78.28,23-11-23,74.96,23-11-23,74.96,23-11-23,77.30,23-11-23,187.68,23-11-23,70.22
22-11-23,81.70,22-11-23,81.62,22-11-23,81.45,22-11-23,81.23,22-11-23,81.02,22-11-23,80.79,22-11-23,80.51,22-11-23,80.21,22-11-23,79.87,22-11-23,79.52,22-11-23,79.17,22-11-23,78.82,22-11-23,74.96,22-11-23,74.96,22-11-23,77.54,22-11-23,187.68,22-11-23,62.19
21-11-23,82.42,21-11-23,82.44,21-11-23,82.28,21-11-23,82.06,21-11-23,81.87,21-11-23,81.63,21-11-23,81.35,21-11-23,81.02,21-11-23,80.66,21-11-23,80.29,21-11-23,79.93,21-11-23,79.52,21-11-23,79.00,21-11-23,78.64,21-11-23,78.31,21-11-23,77.98,21-11-23,77.67
20-11-23,82.04,20-11-23,82.05,20-11-23,81.90,20-11-23,81.70,20-11-23,81.50,20-11-23,81.27,20-11-23,80.97,20-11-23,80.65,20-11-23,80.28,20-11-23,79.92,20-11-23,79.58,20-11-23,79.23,20-11-23,78.18,20-11-23,74.96,20-11-23,78.28,20-11-23,187.74,20-11-23,62.38
17-11-23,80.55,17-11-23,80.41,17-11-23,80.29,17-11-23,80.13,17-11-23,79.97,17-11-23,79.80,17-11-23,79.56,17-11-23,79.28,17-11-23,78.97,17-11-23,78.66,17-11-23,78.36,17-11-23,78.05,17-11-23,78.18,17-11-23,74.96,17-11-23,77.33,17-11-23,194.37,17-11-23,70.13
16-11-23,77.47,16-11-23,77.54,16-11-23,77.50,16-11-23,77.42,16-11-23,77.31,16-11-23,77.16,16-11-23,76.97,16-11-23,76.74,16-11-23,76.47,16-11-23,76.20,16-11-23,75.93,16-11-23,75.66,16-11-23,74.96,16-11-23,74.96,16-11-23,75.12,16-11-23,136.70,16-11-23,61.33
15-11-23,81.07,15-11-23,80.95,15-11-23,80.79,15-11-23,80.60,15-11-23,80.41,15-11-23,80.21,15-11-23,79.97,15-11-23,79.69,15-11-23,79.38,15-11-23,79.09,15-11-23,78.78,15-11-23,78.44,15-11-23,76.34,15-11-23,76.73,15-11-23,77.39,15-11-23,187.66,15-11-23,62.12
14-11-23,82.38,14-11-23,82.11,14-11-23,81.84,14-11-23,81.56,14-11-23,81.31,14-11-23,81.03,14-11-23,80.72,14-11-23,80.41,14-11-23,80.06,14-11-23,79.70,14-11-23,79.34,14-11-23,78.97,14-11-23,76.34,14-11-23,76.73,14-11-23,78.00,14-11-23,187.72,14-11-23,62.30
13-11-23,82.70,13-11-23,82.35,13-11-23,82.04,13-11-23,81.75,13-11-23,81.50,13-11-23,81.22,13-11-23,80.91,13-11-23,80.60,13-11-23,80.25,13-11-23,79.93,13-11-23,79.58,13-11-23,79.21,13-11-23,76.34,13-11-23,76.73,13-11-23,78.27,13-11-23,194.43,13-11-23,62.37
10-11-23,81.66,10-11-23,81.34,10-11-23,81.04,10-11-23,80.76,10-11-23,80.51,10-11-23,80.22,10-11-23,79.94,10-11-23,79.63,10-11-23,79.31,10-11-23,78.99,10-11-23,78.65,10-11-23,78.31,10-11-23,76.34,10-11-23,76.73,10-11-23,77.37,10-11-23,117.98,10-11-23,62.09
09-11-23,79.88,09-11-23,79.71,09-11-23,79.47,09-11-23,79.23,09-11-23,79.02,09-11-23,78.79,09-11-23,78.53,09-11-23,78.25,09-11-23,77.97,09-11-23,77.67,09-11-23,77.37,09-11-23,77.06,09-11-23,76.34,09-11-23,76.73,09-11-23,76.23,09-11-23,187.54,09-11-23,61.75
08-11-23,79.79,08-11-23,79.64,08-11-23,79.41,08-11-23,79.19,08-11-23,78.94,08-11-23,78.69,08-11-23,78.40,08-11-23,78.12,08-11-23,77.82,08-11-23,77.51,08-11-23,77.19,08-11-23,76.86,08-11-23,76.34,08-11-23,76.73,08-11-23,75.67,08-11-23,158.34,08-11-23,68.29
07-11-23,81.44,07-11-23,81.16,07-11-23,80.88,07-11-23,80.60,07-11-23,80.32,07-11-23,80.01,07-11-23,79.69,07-11-23,79.36,07-11-23,79.02,07-11-23,78.67,07-11-23,78.33,07-11-23,77.98,07-11-23,77.80,07-11-23,77.80,07-11-23,77.25,07-11-23,187.64,07-11-23,62.05
06-11-23,85.16,06-11-23,84.77,06-11-23,84.42,06-11-23,84.05,06-11-23,83.69,06-11-23,83.31,06-11-23,82.93,06-11-23,82.55,06-11-23,82.17,06-11-23,81.75,06-11-23,81.38,06-11-23,81.02,06-11-23,78.51,06-11-23,78.39,06-11-23,78.28,06-11-23,77.70,06-11-23,61.44
03-11-23,85.22,03-11-23,84.67,03-11-23,84.17,03-11-23,83.69,03-11-23,83.28,03-11-23,82.88,03-11-23,82.47,03-11-23,82.06,03-11-23,81.66,03-11-23,81.28,03-11-23,80.89,03-11-23,80.52,03-11-23,77.80,03-11-23,77.80,03-11-23,77.96,03-11-23,138.50,03-11-23,71.61
02-11-23,86.96,02-11-23,86.33,02-11-23,85.75,02-11-23,85.23,02-11-23,84.76,02-11-23,84.30,02-11-23,83.84,02-11-23,83.39,02-11-23,82.96,02-11-23,82.54,02-11-23,82.13,02-11-23,81.72,02-11-23,77.80,02-11-23,77.80,02-11-23,79.51,02-11-23,138.50,02-11-23,63.05
01-11-23,84.88,01-11-23,84.28,01-11-23,83.74,01-11-23,83.26,01-11-23,82.84,01-11-23,82.41,01-11-23,81.98,01-11-23,81.59,01-11-23,81.20,01-11-23,80.83,01-11-23,80.47,01-11-23,80.13,01-11-23,77.80,01-11-23,77.80,01-11-23,78.57,01-11-23,138.50,01-11-23,62.65
31-10-23,87.42,31-10-23,85.06,31-10-23,84.49,31-10-23,83.93,31-10-23,83.45,31-10-23,83.02,31-10-23,82.59,31-10-23,82.18,31-10-23,81.77,31-10-23,81.39,31-10-23,81.04,31-10-23,80.70,31-10-23,80.35,31-10-23,80.16,31-10-23,79.63,31-10-23,79.30,31-10-23,79.00
30-10-23,87.86,30-10-23,86.60,30-10-23,85.81,30-10-23,85.10,30-10-23,84.51,30-10-23,84.00,30-10-23,83.51,30-10-23,83.05,30-10-23,82.61,30-10-23,82.18,30-10-23,81.77,30-10-23,81.38,30-10-23,81.02,30-10-23,75.92,30-10-23,75.92,30-10-23,78.48,30-10-23,137.50
29-10-23,89.33,29-10-23,88.17,29-10-23,87.32,29-10-23,86.61,29-10-23,85.99,29-10-23,85.44,29-10-23,84.89,29-10-23,84.40,29-10-23,83.93,29-10-23,83.47,29-10-23,83.03,29-10-23,82.59,29-10-23,82.18,29-10-23,75.92,29-10-23,75.92,29-10-23,79.43,29-10-23,137.50
27-10-23,90.38,27-10-23,89.12,27-10-23,88.23,27-10-23,87.45,27-10-23,86.77,27-10-23,86.17,27-10-23,85.61,27-10-23,85.08,27-10-23,84.57,27-10-23,84.09,27-10-23,83.69,27-10-23,83.25,27-10-23,82.81,27-10-23,75.92,27-10-23,75.92,27-10-23,79.43,27-10-23,137.50
26-10-23,88.27,26-10-23,87.34,26-10-23,86.61,26-10-23,85.95,26-10-23,85.38,26-10-23,84.87,26-10-23,84.40,26-10-23,83.96,26-10-23,83.49,26-10-23,83.07,26-10-23,82.65,26-10-23,82.25,26-10-23,81.86,26-10-23,75.92,26-10-23,75.92,26-10-23,77.32,26-10-23,137.50
25-10-23,90.14,25-10-23,89.10,25-10-23,88.23,25-10-23,87.47,25-10-23,86.82,25-10-23,86.25,25-10-23,85.70,25-10-23,85.19,25-10-23,84.69,25-10-23,84.21,25-10-23,83.73,25-10-23,83.28,25-10-23,82.86,25-10-23,75.92,25-10-23,75.92,25-10-23,79.45,25-10-23,137.50
24-10-23,88.07,24-10-23,87.19,24-10-23,86.39,24-10-23,85.72,24-10-23,85.12,24-10-23,84.58,24-10-23,84.07,24-10-23,83.59,24-10-23,83.13,24-10-23,82.69,24-10-23,82.26,24-10-23,81.85,24-10-23,81.46,24-10-23,75.92,24-10-23,75.92,24-10-23,76.95,24-10-23,137.50
23-10-23,90.50,23-10-23,89.38,23-10-23,88.42,23-10-23,87.62,23-10-23,86.91,23-10-23,86.27,23-10-23,85.67,23-10-23,85.10,23-10-23,84.57,23-10-23,84.03,23-10-23,83.55,23-10-23,83.10,23-10-23,82.67,23-10-23,75.92,23-10-23,75.92,23-10-23,77.55,23-10-23,137.50
22-10-23,91.80,22-10-23,90.57,22-10-23,89.49,22-10-23,88.56,22-10-23,87.75,22-10-23,87.04,22-10-23,86.36,22-10-23,85.72,22-10-23,85.13,22-10-23,84.56,22-10-23,84.02,22-10-23,83.54,22-10-23,83.07,22-10-23,75.92,22-10-23,75.92,22-10-23,79.76,22-10-23,137.50
20-10-23,92.48,20-10-23,91.18,20-10-23,90.02,20-10-23,89.03,20-10-23,88.15,20-10-23,87.41,20-10-23,86.72,20-10-23,86.06,20-10-23,85.45,20-10-23,84.91,20-10-23,84.38,20-10-23,83.88,20-10-23,83.40,20-10-23,75.92,20-10-23,75.92,20-10-23,79.76,20-10-23,137.50
19-10-23,93.00,19-10-23,91.58,19-10-23,90.34,19-10-23,89.29,19-10-23,88.39,19-10-23,87.60,19-10-23,86.88,19-10-23,86.23,19-10-23,85.61,19-10-23,85.04,19-10-23,84.49,19-10-23,83.99,19-10-23,83.49,19-10-23,75.92,19-10-23,83.10,19-10-23,82.48,19-10-23,137.50
18-10-23,91.39,18-10-23,90.10,18-10-23,89.04,18-10-23,88.17,18-10-23,87.45,18-10-23,86.82,18-10-23,86.23,18-10-23,85.67,18-10-23,85.13,18-10-23,84.64,18-10-23,84.16,18-10-23,83.70,18-10-23,83.27,18-10-23,75.92,18-10-23,80.95,18-10-23,77.52,18-10-23,137.50
17-10-23,90.92,17-10-23,89.49,17-10-23,88.36,17-10-23,87.45,17-10-23,86.73,17-10-23,86.13,17-10-23,85.58,17-10-23,85.06,17-10-23,84.56,17-10-23,84.11,17-10-23,83.66,17-10-23,83.25,17-10-23,82.85,17-10-23,77.65,17-10-23,77.50,17-10-23,77.38,17-10-23,137.50
16-10-23,90.16,16-10-23,88.77,16-10-23,87.74,16-10-23,86.89,16-10-23,86.22,16-10-23,85.66,16-10-23,85.13,16-10-23,84.62,16-10-23,84.15,16-10-23,83.73,16-10-23,83.30,16-10-23,82.90,16-10-23,82.54,16-10-23,75.90,16-10-23,75.52,16-10-23,79.47,16-10-23,137.50
15-10-23,90.82,15-10-23,89.25,15-10-23,88.14,15-10-23,87.20,15-10-23,86.48,15-10-23,85.89,15-10-23,85.33,15-10-23,84.81,15-10-23,84.32,15-10-23,83.87,15-10-23,83.42,15-10-23,83.01,15-10-23,82.61,15-10-23,77.88,15-10-23,77.71,15-10-23,77.57,15-10-23,137.50
13-10-23,90.80,13-10-23,89.27,13-10-23,88.14,13-10-23,87.18,13-10-23,86.46,13-10-23,85.83,13-10-23,85.25,13-10-23,84.72,13-10-23,84.21,13-10-23,83.75,13-10-23,83.30,13-10-23,82.88,13-10-23,82.46,13-10-23,77.88,13-10-23,77.71,13-10-23,77.57,13-10-23,137.50
12-10-23,86.29,12-10-23,85.04,12-10-23,84.15,12-10-23,83.44,12-10-23,82.91,12-10-23,82.48,12-10-23,82.06,12-10-23,81.66,12-10-23,81.26,12-10-23,80.87,12-10-23,80.50,12-10-23,80.15,12-10-23,79.81,12-10-23,76.88,12-10-23,76.75,12-10-23,76.64,12-10-23,137.50
11-10-23,85.53,11-10-23,84.51,11-10-23,83.77,11-10-23,83.13,11-10-23,82.63,11-10-23,82.24,11-10-23,81.85,11-10-23,81.48,11-10-23,81.12,11-10-23,80.78,11-10-23,80.44,11-10-23,80.11,11-10-23,79.79,11-10-23,77.23,11-10-23,77.10,11-10-23,76.98,11-10-23,137.50
10-10-23,87.69,10-10-23,86.28,10-10-23,85.20,10-10-23,84.36,10-10-23,83.68,10-10-23,83.14,10-10-23,82.66,10-10-23,82.18,10-10-23,81.73,10-10-23,81.31,10-10-23,80.91,10-10-23,80.51,10-10-23,80.12,10-10-23,79.16,10-10-23,78.88,10-10-23,76.62,10-10-23,75.90
09-10-23,88.28,09-10-23,86.62,09-10-23,85.44,09-10-23,84.46,09-10-23,83.72,09-10-23,83.11,09-10-23,82.52,09-10-23,81.99,09-10-23,81.47,09-10-23,80.98,09-10-23,80.49,09-10-23,80.05,09-10-23,79.63,09-10-23,75.55,09-10-23,75.43,09-10-23,77.53,09-10-23,137.50
08-10-23,87.38,08-10-23,85.72,08-10-23,84.57,08-10-23,83.64,08-10-23,82.90,08-10-23,82.28,08-10-23,81.70,08-10-23,81.15,08-10-23,80.62,08-10-23,80.12,08-10-23,79.63,08-10-23,79.17,08-10-23,78.74,08-10-23,75.64,08-10-23,75.63,08-10-23,75.54,08-10-23,137.50
06-10-23,84.40,06-10-23,82.93,06-10-23,81.95,06-10-23,81.17,06-10-23,80.56,06-10-23,80.02,06-10-23,79.53,06-10-23,79.07,06-10-23,78.63,06-10-23,78.21,06-10-23,77.82,06-10-23,77.42,06-10-23,77.05,06-10-23,75.84,06-10-23,75.63,06-10-23,75.54,06-10-23,75.26
05-10-23,84.20,05-10-23,82.79,05-10-23,81.83,05-10-23,81.08,05-10-23,80.51,05-10-23,80.02,05-10-23,79.56,05-10-23,79.09,05-10-23,78.69,05-10-23,78.33,05-10-23,77.95,05-10-23,77.62,05-10-23,77.28,05-10-23,77.02,05-10-23,76.88,05-10-23,76.03,05-10-23,137.50
04-10-23,86.05,04-10-23,84.41,04-10-23,83.17,04-10-23,82.27,04-10-23,81.61,04-10-23,81.10,04-10-23,80.65,04-10-23,80.28,04-10-23,79.88,04-10-23,79.44,04-10-23,79.07,04-10-23,78.72,04-10-23,78.33,04-10-23,76.53,04-10-23,76.36,04-10-23,76.22,04-10-23,137.50
03-10-23,91.09,03-10-23,89.34,03-10-23,88.01,03-10-23,87.02,03-10-23,86.26,03-10-23,85.57,03-10-23,85.02,03-10-23,84.52,03-10-23,84.04,03-10-23,83.56,03-10-23,83.13,03-10-23,82.70,03-10-23,82.28,03-10-23,77.80,03-10-23,77.64,03-10-23,77.50,03-10-23,137.50
02-10-23,90.47,02-10-23,88.88,02-10-23,87.61,02-10-23,86.66,02-10-23,85.94,02-10-23,85.36,02-10-23,84.82,02-10-23,84.32,02-10-23,83.83,02-10-23,83.37,02-10-23,82.94,02-10-23,81.62,02-10-23,82.07,02-10-23,77.24,02-10-23,77.11,02-10-23,77.00,02-10-23,137.50
01-10-23,92.48,01-10-23,90.64,01-10-23,89.10,01-10-23,87.96,01-10-23,87.03,01-10-23,86.25,01-10-23,85.59,01-10-23,85.03,01-10-23,84.48,01-10-23,83.97,01-10-23,83.50,01-10-23,81.62,01-10-23,82.65,01-10-23,78.59,01-10-23,72.34,01-10-23,72.10,01-10-23,135.50
29-09-23,95.26,29-09-23,92.16,29-09-23,90.32,29-09-23,88.78,29-09-23,87.62,29-09-23,86.70,29-09-23,85.93,29-09-23,85.30,29-09-23,84.74,29-09-23,84.20,29-09-23,83.70,29-09-23,83.24,29-09-23,82.61,29-09-23,82.38,29-09-23,81.94,29-09-23,81.63,29-09-23,81.19
28-09-23,95.23,28-09-23,93.15,28-09-23,91.31,28-09-23,89.80,28-09-23,88.62,28-09-23,87.66,28-09-23,86.87,28-09-23,86.19,28-09-23,85.59,28-09-23,85.01,28-09-23,84.47,28-09-23,83.98,28-09-23,81.87,28-09-23,83.09,28-09-23,72.43,28-09-23,72.17,28-09-23,73.27
27-09-23,96.64,27-09-23,94.39,27-09-23,92.39,27-09-23,90.78,27-09-23,89.48,27-09-23,88.41,27-09-23,87.54,27-09-23,86.80,27-09-23,86.13,27-09-23,85.52,27-09-23,84.95,27-09-23,84.42,27-09-23,82.20,27-09-23,83.47,27-09-23,72.47,27-09-23,72.20,27-09-23,73.32
26-09-23,94.10,26-09-23,92.53,26-09-23,90.98,26-09-23,89.57,26-09-23,88.40,26-09-23,87.47,26-09-23,86.72,26-09-23,86.08,26-09-23,85.48,26-09-23,84.91,26-09-23,84.39,26-09-23,83.91,26-09-23,80.31,26-09-23,83.06,26-09-23,71.67,26-09-23,72.17,26-09-23,73.26
25-09-23,93.35,25-09-23,91.95,25-09-23,90.53,25-09-23,89.25,25-09-23,88.15,25-09-23,87.25,25-09-23,86.49,25-09-23,85.83,25-09-23,85.23,25-09-23,84.67,25-09-23,84.14,25-09-23,83.64,25-09-23,80.69,25-09-23,82.75,25-09-23,74.85,25-09-23,74.71,25-09-23,74.58
24-09-23,93.90,24-09-23,92.53,24-09-23,91.10,24-09-23,89.79,24-09-23,88.68,24-09-23,87.76,24-09-23,86.95,24-09-23,86.23,24-09-23,85.57,24-09-23,84.96,24-09-23,84.40,24-09-23,83.89,24-09-23,80.29,24-09-23,82.94,24-09-23,72.39,24-09-23,72.14,24-09-23,73.19
22-09-23,93.77,22-09-23,92.42,22-09-23,90.99,22-09-23,89.70,22-09-23,88.61,22-09-23,87.70,22-09-23,86.91,22-09-23,86.20,22-09-23,85.55,22-09-23,84.95,22-09-23,84.39,22-09-23,83.88,22-09-23,83.12,22-09-23,82.92,22-09-23,82.10,22-09-23,81.67,22-09-23,81.31
21-09-23,93.25,21-09-23,92.19,21-09-23,90.99,21-09-23,89.90,21-09-23,88.93,21-09-23,88.11,21-09-23,87.37,21-09-23,86.69,21-09-23,86.07,21-09-23,85.52,21-09-23,84.99,21-09-23,84.50,21-09-23,80.35,21-09-23,83.58,21-09-23,72.48,21-09-23,72.22,21-09-23,73.35
20-09-23,93.19,20-09-23,92.03,20-09-23,90.81,20-09-23,89.70,20-09-23,88.75,20-09-23,87.93,20-09-23,87.18,20-09-23,86.52,20-09-23,85.91,20-09-23,85.31,20-09-23,84.79,20-09-23,84.24,20-09-23,82.00,20-09-23,83.32,20-09-23,72.45,20-09-23,72.19,20-09-23,73.30
19-09-23,94.39,19-09-23,93.20,19-09-23,91.92,19-09-23,90.78,19-09-23,89.78,19-09-23,88.92,19-09-23,88.07,19-09-23,87.36,19-09-23,86.70,19-09-23,86.09,19-09-23,85.52,19-09-23,84.96,19-09-23,82.39,19-09-23,83.94,19-09-23,72.54,19-09-23,72.26,19-09-23,78.77
18-09-23,94.56,18-09-23,93.36,18-09-23,92.12,18-09-23,90.97,18-09-23,89.93,18-09-23,89.02,18-09-23,88.20,18-09-23,87.48,18-09-23,86.78,18-09-23,86.14,18-09-23,85.52,18-09-23,84.95,18-09-23,82.49,18-09-23,83.87,18-09-23,72.52,18-09-23,72.24,18-09-23,72.33
17-09-23,94.03,17-09-23,93.13,17-09-23,92.13,17-09-23,91.12,17-09-23,90.13,17-09-23,89.25,17-09-23,88.45,17-09-23,87.73,17-09-23,87.03,17-09-23,86.38,17-09-23,85.76,17-09-23,85.18,17-09-23,81.20,17-09-23,84.06,17-09-23,76.07,17-09-23,75.86,17-09-23,75.67
15-09-23,94.07,15-09-23,93.20,15-09-23,92.20,15-09-23,91.17,15-09-23,90.20,15-09-23,89.31,15-09-23,88.66,15-09-23,87.93,15-09-23,87.23,15-09-23,86.58,15-09-23,85.91,15-09-23,85.33,15-09-23,81.20,15-09-23,84.10,15-09-23,76.07,15-09-23,75.86,15-09-23,75.67
14-09-23,94.13,14-09-23,93.37,14-09-23,92.45,14-09-23,91.53,14-09-23,90.62,14-09-23,89.76,14-09-23,88.96,14-09-23,88.23,14-09-23,87.53,14-09-23,86.85,14-09-23,86.22,14-09-23,85.62,14-09-23,82.56,14-09-23,84.45,14-09-23,72.56,14-09-23,72.28,14-09-23,73.45
13-09-23,92.20,13-09-23,91.50,13-09-23,90.69,13-09-23,89.84,13-09-23,89.03,13-09-23,88.27,13-09-23,87.56,13-09-23,86.89,13-09-23,86.24,13-09-23,85.62,13-09-23,85.04,13-09-23,84.49,13-09-23,80.81,13-09-23,83.38,13-09-23,75.02,13-09-23,74.86,13-09-23,74.71
12-09-23,91.95,12-09-23,91.22,12-09-23,90.41,12-09-23,89.60,12-09-23,88.81,12-09-23,88.06,12-09-23,87.35,12-09-23,86.68,12-09-23,86.04,12-09-23,85.44,12-09-23,84.90,12-09-23,84.34,12-09-23,81.03,12-09-23,83.30,12-09-23,75.85,12-09-23,75.67,12-09-23,75.50
11-09-23,90.62,11-09-23,90.02,11-09-23,89.30,11-09-23,88.56,11-09-23,87.84,11-09-23,87.16,11-09-23,86.52,11-09-23,85.92,11-09-23,85.35,11-09-23,84.81,11-09-23,84.28,11-09-23,83.79,11-09-23,83.13,11-09-23,82.84,11-09-23,72.40,11-09-23,72.15,11-09-23,73.22
10-09-23,90.34,10-09-23,89.75,10-09-23,89.02,10-09-23,88.28,10-09-23,87.56,10-09-23,86.88,10-09-23,86.25,10-09-23,85.67,10-09-23,85.12,10-09-23,84.58,10-09-23,84.07,10-09-23,83.59,10-09-23,80.15,10-09-23,82.63,10-09-23,72.38,10-09-23,72.13,10-09-23,73.18
08-09-23,90.48,08-09-23,89.88,08-09-23,89.12,08-09-23,88.35,08-09-23,87.62,08-09-23,86.91,08-09-23,86.28,08-09-23,85.69,08-09-23,85.12,08-09-23,84.61,08-09-23,84.08,08-09-23,83.58,08-09-23,83.12,08-09-23,82.84,08-09-23,82.22,08-09-23,81.79,08-09-23,81.46
07-09-23,89.78,07-09-23,89.09,07-09-23,88.33,07-09-23,87.57,07-09-23,86.87,07-09-23,86.23,07-09-23,85.63,07-09-23,85.09,07-09-23,84.56,07-09-23,84.07,07-09-23,83.58,07-09-23,83.14,07-09-23,79.23,07-09-23,82.24,07-09-23,71.64,07-09-23,71.79,07-09-23,72.19
06-09-23,90.62,06-09-23,89.88,06-09-23,89.06,06-09-23,88.26,06-09-23,87.51,06-09-23,86.81,06-09-23,86.18,06-09-23,85.59,06-09-23,85.03,06-09-23,84.48,06-09-23,83.97,06-09-23,83.47,06-09-23,72.79,06-09-23,82.51,06-09-23,79.32,06-09-23,77.51,06-09-23,78.71
05-09-23,90.05,05-09-23,89.37,05-09-23,88.61,05-09-23,87.84,05-09-23,87.14,05-09-23,86.51,05-09-23,85.92,05-09-23,85.38,05-09-23,84.84,05-09-23,84.33,05-09-23,83.83,05-09-23,83.36,05-09-23,82.83,05-09-23,82.44,05-09-23,82.03,05-09-23,81.59,05-09-23,81.19
04-09-23,89.00,04-09-23,88.24,04-09-23,87.54,04-09-23,86.90,04-09-23,86.31,04-09-23,85.79,04-09-23,85.31,04-09-23,84.85,04-09-23,84.40,04-09-23,83.95,04-09-23,83.51,04-09-23,83.08,04-09-23,74.44,04-09-23,82.25,04-09-23,79.40,04-09-23,79.13,04-09-23,78.87
03-09-23,88.77,03-09-23,88.00,03-09-23,87.29,03-09-23,86.61,03-09-23,85.99,03-09-23,85.43,03-09-23,84.93,03-09-23,84.46,03-09-23,83.98,03-09-23,83.51,03-09-23,83.05,03-09-23,82.62,03-09-23,72.67,03-09-23,81.77,03-09-23,77.95,03-09-23,77.70,03-09-23,77.46
01-09-23,88.85,01-09-23,88.09,01-09-23,87.36,01-09-23,86.67,01-09-23,86.05,01-09-23,85.56,01-09-23,85.06,01-09-23,84.59,01-09-23,84.11,01-09-23,83.61,01-09-23,83.19,01-09-23,78.94,01-09-23,72.67,01-09-23,81.85,01-09-23,78.81,01-09-23,78.54,01-09-23,78.27
31-08-23,86.83,31-08-23,86.73,31-08-23,86.12,31-08-23,85.54,31-08-23,84.96,31-08-23,84.42,31-08-23,83.93,31-08-23,83.46,31-08-23,83.02,31-08-23,82.58,31-08-23,82.14,31-08-23,81.72,31-08-23,80.66,31-08-23,71.95,31-08-23,80.50,31-08-23,79.00,31-08-23,78.68
30-08-23,85.93,30-08-23,85.26,30-08-23,84.76,30-08-23,84.27,30-08-23,83.76,30-08-23,83.31,30-08-23,82.87,30-08-23,82.47,30-08-23,82.07,30-08-23,81.68,30-08-23,81.28,30-08-23,80.90,30-08-23,78.59,30-08-23,78.52,30-08-23,79.77,30-08-23,78.40,30-08-23,78.11
29-08-23,85.49,29-08-23,84.91,29-08-23,84.41,29-08-23,83.93,29-08-23,83.46,29-08-23,83.02,29-08-23,82.62,29-08-23,82.22,29-08-23,81.81,29-08-23,81.43,29-08-23,81.05,29-08-23,80.66,29-08-23,78.43,29-08-23,78.13,29-08-23,79.61,29-08-23,78.17,29-08-23,77.90
28-08-23,84.38,28-08-23,83.83,28-08-23,83.43,28-08-23,83.02,28-08-23,82.61,28-08-23,82.21,28-08-23,81.83,28-08-23,81.46,28-08-23,81.09,28-08-23,80.72,28-08-23,80.34,28-08-23,79.97,28-08-23,77.95,28-08-23,77.65,28-08-23,78.91,28-08-23,77.66,28-08-23,77.39
27-08-23,84.82,27-08-23,84.26,27-08-23,83.84,27-08-23,83.43,27-08-23,83.00,27-08-23,82.59,27-08-23,82.21,27-08-23,81.85,27-08-23,81.47,27-08-23,81.10,27-08-23,80.74,27-08-23,80.39,27-08-23,78.17,27-08-23,77.90,27-08-23,79.34,27-08-23,77.97,27-08-23,77.59
25-08-23,84.79,25-08-23,84.31,25-08-23,83.87,25-08-23,83.44,25-08-23,83.02,25-08-23,82.66,25-08-23,82.30,25-08-23,81.94,25-08-23,81.57,25-08-23,81.22,25-08-23,80.87,25-08-23,80.46,25-08-23,78.17,25-08-23,77.90,25-08-23,79.43,25-08-23,77.97,25-08-23,77.59
24-08-23,83.20,24-08-23,82.76,24-08-23,82.39,24-08-23,82.01,24-08-23,81.64,24-08-23,81.28,24-08-23,80.94,24-08-23,80.61,24-08-23,80.29,24-08-23,79.95,24-08-23,79.61,24-08-23,79.31,24-08-23,77.46,24-08-23,77.12,24-08-23,78.31,24-08-23,75.16,24-08-23,74.77
23-08-23,83.03,23-08-23,82.67,23-08-23,82.36,23-08-23,82.07,23-08-23,81.72,23-08-23,81.39,23-08-23,81.10,23-08-23,80.80,23-08-23,80.45,23-08-23,80.14,23-08-23,79.83,23-08-23,79.52,23-08-23,77.62,23-08-23,77.31,23-08-23,78.62,23-08-23,72.02,23-08-23,71.48
22-08-23,83.90,22-08-23,83.54,22-08-23,83.21,22-08-23,82.87,22-08-23,82.53,22-08-23,82.19,22-08-23,81.88,22-08-23,81.57,22-08-23,81.24,22-08-23,80.93,22-08-23,80.62,22-08-23,80.29,22-08-23,78.27,22-08-23,78.00,22-08-23,79.34,22-08-23,72.40,22-08-23,71.82
21-08-23,84.57,21-08-23,84.19,21-08-23,83.82,21-08-23,83.45,21-08-23,83.09,21-08-23,82.74,21-08-23,82.40,21-08-23,82.07,21-08-23,81.75,21-08-23,81.41,21-08-23,81.07,21-08-23,80.75,21-08-23,71.79,21-08-23,71.69,21-08-23,79.81,21-08-23,72.49,21-08-23,71.90
20-08-23,84.69,20-08-23,84.28,20-08-23,83.86,20-08-23,83.47,20-08-23,83.11,20-08-23,82.73,20-08-23,82.37,20-08-23,82.01,20-08-23,81.66,20-08-23,81.31,20-08-23,80.94,20-08-23,80.61,20-08-23,71.76,20-08-23,71.64,20-08-23,79.59,20-08-23,72.42,20-08-23,71.83
18-08-23,84.93,18-08-23,84.47,18-08-23,83.96,18-08-23,83.53,18-08-23,83.20,18-08-23,82.82,18-08-23,82.46,18-08-23,82.11,18-08-23,81.75,18-08-23,81.40,18-08-23,81.12,18-08-23,80.76,18-08-23,71.76,18-08-23,71.64,18-08-23,79.69,18-08-23,72.42,18-08-23,71.83
17-08-23,83.88,17-08-23,83.46,17-08-23,83.04,17-08-23,82.66,17-08-23,82.29,17-08-23,81.92,17-08-23,81.57,17-08-23,81.23,17-08-23,80.88,17-08-23,80.55,17-08-23,80.21,17-08-23,79.87,17-08-23,71.51,17-08-23,71.41,17-08-23,78.88,17-08-23,72.13,17-08-23,71.58
16-08-23,83.35,16-08-23,82.91,16-08-23,82.49,16-08-23,82.11,16-08-23,81.76,16-08-23,81.41,16-08-23,81.11,16-08-23,80.79,16-08-23,80.43,16-08-23,80.11,16-08-23,79.78,16-08-23,79.46,16-08-23,71.42,16-08-23,71.31,16-08-23,78.58,16-08-23,72.02,16-08-23,71.48
15-08-23,85.06,15-08-23,84.44,15-08-23,83.94,15-08-23,83.42,15-08-23,83.02,15-08-23,82.62,15-08-23,82.22,15-08-23,81.84,15-08-23,81.47,15-08-23,81.09,15-08-23,80.72,15-08-23,80.35,15-08-23,71.65,15-08-23,71.53,15-08-23,79.33,15-08-23,72.26,15-08-23,71.68
14-08-23,86.23,14-08-23,85.50,14-08-23,84.91,14-08-23,84.42,14-08-23,83.96,14-08-23,83.50,14-08-23,83.10,14-08-23,82.70,14-08-23,82.28,14-08-23,81.89,14-08-23,81.50,14-08-23,81.11,14-08-23,79.05,14-08-23,71.78,14-08-23,79.95,14-08-23,72.56,14-08-23,71.94
13-08-23,86.48,13-08-23,85.81,13-08-23,85.27,13-08-23,84.78,13-08-23,84.31,13-08-23,83.86,13-08-23,83.41,13-08-23,83.00,13-08-23,82.58,13-08-23,82.16,13-08-23,81.75,13-08-23,81.34,13-08-23,71.99,13-08-23,71.87,13-08-23,80.17,13-08-23,72.65,13-08-23,72.02
11-08-23,86.71,11-08-23,86.03,11-08-23,85.48,11-08-23,84.99,11-08-23,84.51,11-08-23,84.04,11-08-23,83.60,11-08-23,83.19,11-08-23,82.76,11-08-23,82.34,11-08-23,81.92,11-08-23,81.52,11-08-23,71.99,11-08-23,71.87,11-08-23,80.32,11-08-23,72.65,11-08-23,72.02
10-08-23,86.34,10-08-23,85.75,10-08-23,85.28,10-08-23,84.83,10-08-23,84.39,10-08-23,83.94,10-08-23,83.51,10-08-23,83.09,10-08-23,82.69,10-08-23,82.28,10-08-23,81.87,10-08-23,81.47,10-08-23,72.00,10-08-23,71.88,10-08-23,80.31,10-08-23,72.67,10-08-23,72.04
09-08-23,87.46,09-08-23,86.83,09-08-23,86.32,09-08-23,85.83,09-08-23,85.36,09-08-23,84.88,09-08-23,84.42,09-08-23,83.97,09-08-23,83.54,09-08-23,83.11,09-08-23,82.67,09-08-23,82.23,09-08-23,79.86,09-08-23,72.09,09-08-23,81.03,09-08-23,72.92,09-08-23,72.26
08-08-23,86.16,08-08-23,85.66,08-08-23,85.23,08-08-23,84.81,08-08-23,84.40,08-08-23,83.98,08-08-23,83.58,08-08-23,83.19,08-08-23,82.73,08-08-23,82.33,08-08-23,81.93,08-08-23,81.54,08-08-23,71.99,08-08-23,71.85,08-08-23,80.41,08-08-23,72.66,08-08-23,72.04
07-08-23,85.90,07-08-23,85.49,07-08-23,85.09,07-08-23,84.68,07-08-23,84.27,07-08-23,83.83,07-08-23,83.42,07-08-23,83.02,07-08-23,82.61,07-08-23,82.20,07-08-23,81.81,07-08-23,81.42,07-08-23,71.98,07-08-23,71.86,07-08-23,80.33,07-08-23,72.67,07-08-23,72.04
06-08-23,86.45,06-08-23,85.99,06-08-23,85.52,06-08-23,85.03,06-08-23,84.57,06-08-23,84.10,06-08-23,83.65,06-08-23,83.23,06-08-23,82.79,06-08-23,82.35,06-08-23,81.94,06-08-23,81.52,06-08-23,71.90,06-08-23,71.79,06-08-23,80.30,06-08-23,72.55,06-08-23,71.93
04-08-23,86.04,04-08-23,85.58,04-08-23,85.13,04-08-23,84.69,04-08-23,84.21,04-08-23,83.76,04-08-23,83.32,04-08-23,82.91,04-08-23,82.48,04-08-23,82.06,04-08-23,81.64,04-08-23,81.31,04-08-23,71.90,04-08-23,71.79,04-08-23,80.11,04-08-23,72.55,04-08-23,71.93
03-08-23,85.23,03-08-23,84.76,03-08-23,84.31,03-08-23,83.87,03-08-23,83.41,03-08-23,82.98,03-08-23,82.56,03-08-23,82.15,03-08-23,81.74,03-08-23,81.33,03-08-23,80.92,03-08-23,80.52,03-08-23,71.72,03-08-23,71.60,03-08-23,79.31,03-08-23,72.31,03-08-23,70.87
02-08-23,83.39,02-08-23,82.97,02-08-23,82.54,02-08-23,82.11,02-08-23,81.67,02-08-23,81.24,02-08-23,80.83,02-08-23,80.44,02-08-23,80.06,02-08-23,79.67,02-08-23,79.30,02-08-23,78.93,02-08-23,71.28,02-08-23,69.93,02-08-23,77.87,02-08-23,71.80,02-08-23,71.27
01-08-23,85.75,01-08-23,85.27,01-08-23,84.77,01-08-23,84.27,01-08-23,83.77,01-08-23,83.34,01-08-23,82.82,01-08-23,82.40,01-08-23,81.97,01-08-23,81.55,01-08-23,81.14,01-08-23,80.41,01-08-23,78.29,01-08-23,71.59,01-08-23,79.66,01-08-23,72.31,01-08-23,77.81
31-07-23,85.56,31-07-23,85.45,31-07-23,84.98,31-07-23,84.49,31-07-23,83.99,31-07-23,83.50,31-07-23,83.04,31-07-23,82.61,31-07-23,82.19,31-07-23,81.78,31-07-23,81.38,31-07-23,80.99,31-07-23,80.53,31-07-23,80.20,31-07-23,79.99,31-07-23,79.49,31-07-23,79.14
30-07-23,84.72,30-07-23,84.24,30-07-23,83.76,30-07-23,83.29,30-07-23,82.82,30-07-23,82.35,30-07-23,81.93,30-07-23,81.53,30-07-23,81.15,30-07-23,80.77,30-07-23,80.41,30-07-23,80.04,30-07-23,79.98,30-07-23,77.88,30-07-23,71.41,30-07-23,78.64,30-07-23,72.11
28-07-23,84.83,28-07-23,84.42,28-07-23,83.93,28-07-23,83.46,28-07-23,82.98,28-07-23,82.51,28-07-23,82.07,28-07-23,81.67,28-07-23,81.29,28-07-23,80.92,28-07-23,80.55,28-07-23,80.19,28-07-23,79.98,28-07-23,77.88,28-07-23,71.41,28-07-23,78.74,28-07-23,72.11
27-07-23,83.82,27-07-23,83.37,27-07-23,82.89,27-07-23,82.43,27-07-23,82.00,27-07-23,81.55,27-07-23,81.09,27-07-23,80.69,27-07-23,80.32,27-07-23,79.96,27-07-23,79.59,27-07-23,79.24,27-07-23,78.95,27-07-23,71.28,27-07-23,71.17,27-07-23,77.90,27-07-23,71.81
26-07-23,82.94,26-07-23,82.60,26-07-23,82.17,26-07-23,81.75,26-07-23,81.31,26-07-23,80.88,26-07-23,80.47,26-07-23,80.10,26-07-23,79.77,26-07-23,79.42,26-07-23,79.08,26-07-23,78.74,26-07-23,77.33,26-07-23,76.84,26-07-23,71.01,26-07-23,77.44,26-07-23,74.43
25-07-23,83.27,25-07-23,82.88,25-07-23,82.39,25-07-23,81.93,25-07-23,81.46,25-07-23,81.00,25-07-23,80.57,25-07-23,80.15,25-07-23,79.79,25-07-23,79.43,25-07-23,79.07,25-07-23,78.72,25-07-23,76.39,25-07-23,69.64,25-07-23,71.09,25-07-23,77.39,25-07-23,74.43
24-07-23,82.77,24-07-23,82.53,24-07-23,82.11,24-07-23,81.67,24-07-23,81.23,24-07-23,80.80,24-07-23,80.39,24-07-23,80.01,24-07-23,79.65,24-07-23,79.31,24-07-23,78.97,24-07-23,78.62,24-07-23,76.93,24-07-23,71.10,24-07-23,71.01,24-07-23,77.35,24-07-23,74.43
23-07-23,80.53,23-07-23,80.35,23-07-23,80.01,23-07-23,79.65,23-07-23,79.28,23-07-23,78.91,23-07-23,78.55,23-07-23,78.22,23-07-23,77.92,23-07-23,77.61,23-07-23,77.31,23-07-23,77.00,23-07-23,76.59,23-07-23,69.39,23-07-23,70.61,23-07-23,75.88,23-07-23,74.43
21-07-23,80.88,21-07-23,80.71,21-07-23,80.37,21-07-23,80.01,21-07-23,79.63,21-07-23,79.25,21-07-23,78.88,21-07-23,78.54,21-07-23,78.23,21-07-23,77.93,21-07-23,77.62,21-07-23,77.32,21-07-23,76.59,21-07-23,69.39,21-07-23,70.61,21-07-23,76.16,21-07-23,74.43
20-07-23,79.58,20-07-23,79.45,20-07-23,79.20,20-07-23,78.92,20-07-23,78.62,20-07-23,78.33,20-07-23,77.97,20-07-23,77.66,20-07-23,77.38,20-07-23,77.14,20-07-23,76.86,20-07-23,76.57,20-07-23,76.29,20-07-23,70.53,20-07-23,70.45,20-07-23,75.50,20-07-23,74.43
19-07-23,79.53,19-07-23,79.43,19-07-23,79.17,19-07-23,78.89,19-07-23,78.57,19-07-23,78.24,19-07-23,77.91,19-07-23,77.61,19-07-23,77.34,19-07-23,77.07,19-07-23,76.80,19-07-23,76.52,19-07-23,76.01,19-07-23,75.08,19-07-23,70.42,19-07-23,75.51,19-07-23,74.43
18-07-23,79.84,18-07-23,79.70,18-07-23,79.41,18-07-23,79.09,18-07-23,78.73,18-07-23,78.36,18-07-23,78.00,18-07-23,77.67,18-07-23,77.37,18-07-23,77.06,18-07-23,76.77,18-07-23,76.44,18-07-23,74.51,18-07-23,70.43,18-07-23,70.35,18-07-23,75.35,18-07-23,74.43
17-07-23,78.56,17-07-23,78.44,17-07-23,78.16,17-07-23,77.85,17-07-23,77.50,17-07-23,77.16,17-07-23,76.82,17-07-23,76.51,17-07-23,76.22,17-07-23,75.95,17-07-23,75.67,17-07-23,75.39,17-07-23,75.05,17-07-23,69.11,17-07-23,70.06,17-07-23,74.38,17-07-23,74.43
16-07-23,79.33,16-07-23,79.10,16-07-23,78.75,16-07-23,78.39,16-07-23,78.00,16-07-23,77.62,16-07-23,77.24,16-07-23,76.90,16-07-23,76.58,16-07-23,76.27,16-07-23,75.97,16-07-23,75.67,16-07-23,74.57,16-07-23,70.30,16-07-23,70.21,16-07-23,74.51,16-07-23,74.43
14-07-23,79.69,14-07-23,79.42,14-07-23,79.02,14-07-23,78.63,14-07-23,78.23,14-07-23,77.78,14-07-23,77.38,14-07-23,77.03,14-07-23,76.69,14-07-23,76.36,14-07-23,76.04,14-07-23,75.73,14-07-23,74.57,14-07-23,70.30,14-07-23,70.21,14-07-23,74.60,14-07-23,74.43
13-07-23,81.53,13-07-23,81.14,13-07-23,80.69,13-07-23,80.23,13-07-23,79.77,13-07-23,79.31,13-07-23,78.88,13-07-23,78.50,13-07-23,78.13,13-07-23,77.81,13-07-23,77.47,13-07-23,77.14,13-07-23,75.57,13-07-23,70.66,13-07-23,70.58,13-07-23,75.85,13-07-23,74.43
12-07-23,80.17,12-07-23,79.82,12-07-23,79.41,12-07-23,78.99,12-07-23,78.58,12-07-23,78.15,12-07-23,77.77,12-07-23,77.41,12-07-23,77.07,12-07-23,76.78,12-07-23,76.46,12-07-23,76.08,12-07-23,74.77,12-07-23,70.39,12-07-23,70.30,12-07-23,74.89,12-07-23,74.43
11-07-23,79.36,11-07-23,79.00,11-07-23,78.58,11-07-23,78.16,11-07-23,77.75,11-07-23,77.35,11-07-23,76.97,11-07-23,76.65,11-07-23,76.35,11-07-23,76.06,11-07-23,75.78,11-07-23,75.50,11-07-23,69.29,11-07-23,70.18,11-07-23,70.10,11-07-23,74.37,11-07-23,74.43
10-07-23,77.81,10-07-23,77.50,10-07-23,77.09,10-07-23,76.70,10-07-23,76.30,10-07-23,75.93,10-07-23,75.62,10-07-23,75.34,10-07-23,75.07,10-07-23,74.82,10-07-23,74.55,10-07-23,74.29,10-07-23,74.88,10-07-23,69.86,10-07-23,69.78,10-07-23,73.28,10-07-23,74.43
09-07-23,78.22,09-07-23,77.84,09-07-23,77.38,09-07-23,76.93,09-07-23,76.50,09-07-23,76.09,09-07-23,75.74,09-07-23,75.42,09-07-23,75.12,09-07-23,74.83,09-07-23,74.54,09-07-23,74.25,09-07-23,73.25,09-07-23,69.82,09-07-23,69.73,09-07-23,73.12,09-07-23,74.43
07-07-23,78.17,07-07-23,77.77,07-07-23,77.31,07-07-23,76.84,07-07-23,76.40,07-07-23,75.93,07-07-23,75.59,07-07-23,75.27,07-07-23,74.97,07-07-23,74.69,07-07-23,74.40,07-07-23,74.11,07-07-23,73.25,07-07-23,69.82,07-07-23,69.73,07-07-23,73.01,07-07-23,74.43
06-07-23,76.52,06-07-23,76.23,06-07-23,75.85,06-07-23,75.47,06-07-23,75.10,06-07-23,74.75,06-07-23,74.44,06-07-23,74.16,06-07-23,73.92,06-07-23,73.68,06-07-23,73.39,06-07-23,73.19,06-07-23,72.33,06-07-23,69.54,06-07-23,69.47,06-07-23,72.19,06-07-23,74.43
05-07-23,76.50,05-07-23,76.24,05-07-23,75.94,05-07-23,75.62,05-07-23,75.30,05-07-23,74.98,05-07-23,74.70,05-07-23,74.44,05-07-23,74.20,05-07-23,73.97,05-07-23,73.72,05-07-23,73.48,05-07-23,72.78,05-07-23,69.67,05-07-23,69.60,05-07-23,72.56,05-07-23,74.43
04-07-23,76.11,04-07-23,75.91,04-07-23,75.64,04-07-23,75.35,04-07-23,75.03,04-07-23,74.75,04-07-23,74.48,04-07-23,74.23,04-07-23,74.00,04-07-23,73.77,04-07-23,73.53,04-07-23,73.31,04-07-23,71.53,04-07-23,69.25,04-07-23,69.17,04-07-23,72.36,04-07-23,74.43
03-07-23,74.94,03-07-23,74.77,03-07-23,74.50,03-07-23,74.23,03-07-23,73.93,03-07-23,73.65,03-07-23,73.40,03-07-23,73.17,03-07-23,72.91,03-07-23,72.69,03-07-23,72.45,03-07-23,69.07,03-07-23,71.53,03-07-23,69.25,03-07-23,69.17,03-07-23,71.29,03-07-23,74.43
02-07-23,75.18,02-07-23,75.05,02-07-23,74.85,02-07-23,74.64,02-07-23,74.38,02-07-23,74.13,02-07-23,73.89,02-07-23,73.67,02-07-23,73.45,02-07-23,73.26,02-07-23,73.05,02-07-23,68.88,02-07-23,68.65,02-07-23,68.88,02-07-23,69.51,02-07-23,71.93,02-07-23,74.43
30-06-23,74.92,30-06-23,75.40,30-06-23,75.29,30-06-23,75.09,30-06-23,74.88,30-06-23,74.65,30-06-23,74.40,30-06-23,74.16,30-06-23,73.93,30-06-23,73.70,30-06-23,73.48,30-06-23,73.26,30-06-23,72.87,30-06-23,72.85,30-06-23,72.65,30-06-23,72.27,30-06-23,72.15
29-06-23,74.29,29-06-23,74.41,29-06-23,74.37,29-06-23,74.24,29-06-23,74.07,29-06-23,73.88,29-06-23,73.66,29-06-23,73.45,29-06-23,73.25,29-06-23,73.03,29-06-23,72.82,29-06-23,72.62,29-06-23,69.13,29-06-23,71.30,29-06-23,69.34,29-06-23,69.27,29-06-23,71.53
28-06-23,73.64,28-06-23,73.86,28-06-23,73.92,28-06-23,73.86,28-06-23,73.73,28-06-23,73.57,28-06-23,73.40,28-06-23,73.21,28-06-23,73.02,28-06-23,72.81,28-06-23,72.61,28-06-23,72.42,28-06-23,69.05,28-06-23,71.52,28-06-23,69.25,28-06-23,69.19,28-06-23,71.37
27-06-23,72.59,27-06-23,72.82,27-06-23,72.93,27-06-23,72.90,27-06-23,72.80,27-06-23,72.66,27-06-23,72.52,27-06-23,72.36,27-06-23,72.18,27-06-23,72.01,27-06-23,71.84,27-06-23,71.68,27-06-23,71.22,27-06-23,70.88,27-06-23,69.05,27-06-23,68.99,27-06-23,70.87
26-06-23,74.30,26-06-23,74.47,26-06-23,74.42,26-06-23,74.24,26-06-23,74.03,26-06-23,73.77,26-06-23,73.52,26-06-23,73.28,26-06-23,73.03,26-06-23,72.78,26-06-23,72.56,26-06-23,72.34,26-06-23,69.06,26-06-23,71.48,26-06-23,69.25,26-06-23,69.18,26-06-23,71.34
25-06-23,74.69,25-06-23,74.80,25-06-23,74.71,25-06-23,74.51,25-06-23,74.27,25-06-23,74.01,25-06-23,73.73,25-06-23,73.45,25-06-23,73.17,25-06-23,72.90,25-06-23,72.68,25-06-23,72.44,25-06-23,68.97,25-06-23,71.18,25-06-23,69.14,25-06-23,69.07,25-06-23,71.38
23-06-23,74.29,23-06-23,74.41,23-06-23,74.33,23-06-23,74.16,23-06-23,73.94,23-06-23,73.68,23-06-23,73.42,23-06-23,73.17,23-06-23,72.92,23-06-23,72.74,23-06-23,72.48,23-06-23,72.26,23-06-23,68.97,23-06-23,71.18,23-06-23,69.14,23-06-23,69.07,23-06-23,71.30
22-06-23,74.24,22-06-23,74.41,22-06-23,74.30,22-06-23,74.10,22-06-23,73.87,22-06-23,73.62,22-06-23,73.34,22-06-23,73.08,22-06-23,72.83,22-06-23,72.61,22-06-23,72.39,22-06-23,72.18,22-06-23,68.98,22-06-23,71.19,22-06-23,69.16,22-06-23,69.09,22-06-23,71.22
21-06-23,76.99,21-06-23,77.00,21-06-23,76.75,21-06-23,76.42,21-06-23,76.08,21-06-23,75.76,21-06-23,75.46,21-06-23,75.11,21-06-23,74.81,21-06-23,74.53,21-06-23,74.31,21-06-23,74.05,21-06-23,69.46,21-06-23,69.04,21-06-23,69.75,21-06-23,69.68,21-06-23,72.84
20-06-23,75.45,20-06-23,75.47,20-06-23,75.22,20-06-23,74.92,20-06-23,74.60,20-06-23,74.29,20-06-23,73.98,20-06-23,73.70,20-06-23,73.43,20-06-23,73.19,20-06-23,72.97,20-06-23,72.76,20-06-23,69.21,20-06-23,68.84,20-06-23,69.43,20-06-23,69.38,20-06-23,71.70
19-06-23,76.11,19-06-23,76.08,19-06-23,75.83,19-06-23,75.53,19-06-23,75.21,19-06-23,74.90,19-06-23,74.59,19-06-23,74.29,19-06-23,73.99,19-06-23,73.71,19-06-23,73.47,19-06-23,73.22,19-06-23,69.19,19-06-23,68.82,19-06-23,69.42,19-06-23,69.34,19-06-23,72.04
18-06-23,76.11,18-06-23,76.11,18-06-23,75.88,18-06-23,75.60,18-06-23,75.30,18-06-23,75.00,18-06-23,74.70,18-06-23,74.40,18-06-23,74.11,18-06-23,73.83,18-06-23,73.58,18-06-23,73.33,18-06-23,69.36,18-06-23,72.59,18-06-23,69.62,18-06-23,69.55,18-06-23,72.22
16-06-23,76.29,16-06-23,76.33,16-06-23,76.08,16-06-23,75.84,16-06-23,75.54,16-06-23,75.24,16-06-23,74.94,16-06-23,74.64,16-06-23,74.33,16-06-23,74.06,16-06-23,73.83,16-06-23,73.59,16-06-23,69.36,16-06-23,72.59,16-06-23,69.62,16-06-23,69.55,16-06-23,72.44
15-06-23,75.63,15-06-23,75.62,15-06-23,75.42,15-06-23,75.16,15-06-23,74.87,15-06-23,74.58,15-06-23,74.28,15-06-23,73.97,15-06-23,73.67,15-06-23,73.39,15-06-23,73.14,15-06-23,72.89,15-06-23,69.18,15-06-23,71.91,15-06-23,69.39,15-06-23,69.32,15-06-23,71.80
14-06-23,73.63,14-06-23,73.60,14-06-23,73.40,14-06-23,73.15,14-06-23,72.88,14-06-23,72.62,14-06-23,72.35,14-06-23,72.07,14-06-23,71.82,14-06-23,71.59,14-06-23,71.36,14-06-23,71.15,14-06-23,68.77,14-06-23,68.51,14-06-23,68.89,14-06-23,68.84,14-06-23,70.20
13-06-23,74.21,13-06-23,74.14,13-06-23,73.94,13-06-23,73.69,13-06-23,73.41,13-06-23,73.12,13-06-23,72.84,13-06-23,72.56,13-06-23,72.30,13-06-23,72.05,13-06-23,71.81,13-06-23,71.59,13-06-23,68.85,13-06-23,68.57,13-06-23,68.98,13-06-23,68.92,13-06-23,70.62
12-06-23,72.08,12-06-23,72.07,12-06-23,71.90,12-06-23,71.67,12-06-23,71.44,12-06-23,71.18,12-06-23,70.93,12-06-23,70.70,12-06-23,70.47,12-06-23,70.25,12-06-23,70.05,12-06-23,69.85,12-06-23,69.71,12-06-23,69.35,12-06-23,68.51,12-06-23,68.45,12-06-23,68.99
11-06-23,74.53,11-06-23,74.47,11-06-23,74.24,11-06-23,73.96,11-06-23,73.65,11-06-23,73.34,11-06-23,73.01,11-06-23,72.71,11-06-23,72.42,11-06-23,72.15,11-06-23,71.91,11-06-23,71.65,11-06-23,68.97,11-06-23,71.56,11-06-23,69.12,11-06-23,69.04,11-06-23,70.52
09-06-23,75.03,09-06-23,74.97,09-06-23,74.73,09-06-23,74.43,09-06-23,74.07,09-06-23,73.74,09-06-23,73.41,09-06-23,73.09,09-06-23,72.80,09-06-23,72.51,09-06-23,72.24,09-06-23,71.97,09-06-23,68.97,09-06-23,71.56,09-06-23,69.12,09-06-23,69.04,09-06-23,70.80
08-06-23,75.55,08-06-23,75.43,08-06-23,75.12,08-06-23,74.74,08-06-23,74.34,08-06-23,73.94,08-06-23,73.58,08-06-23,73.27,08-06-23,72.96,08-06-23,72.65,08-06-23,72.38,08-06-23,72.15,08-06-23,68.66,08-06-23,71.66,08-06-23,69.13,08-06-23,69.06,08-06-23,70.80
07-06-23,76.82,07-06-23,76.69,07-06-23,76.34,07-06-23,75.91,07-06-23,75.53,07-06-23,75.12,07-06-23,74.71,07-06-23,74.40,07-06-23,74.06,07-06-23,73.72,07-06-23,73.44,07-06-23,73.14,07-06-23,69.23,07-06-23,72.63,07-06-23,69.44,07-06-23,69.36,07-06-23,71.84
06-06-23,76.14,06-06-23,75.94,06-06-23,75.58,06-06-23,75.17,06-06-23,74.76,06-06-23,74.37,06-06-23,74.02,06-06-23,73.68,06-06-23,73.37,06-06-23,73.08,06-06-23,72.79,06-06-23,72.51,06-06-23,68.54,06-06-23,70.23,06-06-23,69.22,06-06-23,68.70,06-06-23,71.27
05-06-23,76.58,05-06-23,76.34,05-06-23,75.94,05-06-23,75.53,05-06-23,75.14,05-06-23,74.75,05-06-23,74.39,05-06-23,74.05,05-06-23,73.72,05-06-23,73.45,05-06-23,73.16,05-06-23,72.88,05-06-23,69.11,05-06-23,69.16,05-06-23,69.30,05-06-23,69.23,05-06-23,71.59
04-06-23,77.84,04-06-23,77.62,04-06-23,77.23,04-06-23,76.84,04-06-23,76.45,04-06-23,76.08,04-06-23,75.70,04-06-23,75.36,04-06-23,75.02,04-06-23,74.70,04-06-23,74.43,04-06-23,74.14,04-06-23,69.19,04-06-23,72.52,04-06-23,68.72,04-06-23,68.81,04-06-23,72.84
02-06-23,76.37,02-06-23,76.20,02-06-23,75.81,02-06-23,75.41,02-06-23,75.08,02-06-23,74.72,02-06-23,74.38,02-06-23,74.08,02-06-23,73.73,02-06-23,73.46,02-06-23,73.27,02-06-23,73.01,02-06-23,69.19,02-06-23,72.52,02-06-23,68.72,02-06-23,68.81,02-06-23,71.76
01-06-23,74.32,01-06-23,74.23,01-06-23,73.94,01-06-23,73.62,01-06-23,73.31,01-06-23,72.99,01-06-23,72.69,01-06-23,72.41,01-06-23,72.14,01-06-23,71.90,01-06-23,71.69,01-06-23,68.85,01-06-23,68.84,01-06-23,70.49,01-06-23,68.97,01-06-23,68.90,01-06-23,70.42
31-05-23,72.68,31-05-23,72.61,31-05-23,72.50,31-05-23,72.21,31-05-23,71.92,31-05-23,71.63,31-05-23,71.35,31-05-23,71.07,31-05-23,70.82,31-05-23,70.58,31-05-23,70.37,31-05-23,70.19,31-05-23,70.12,31-05-23,69.80,31-05-23,69.67,31-05-23,69.48,31-05-23,69.31
30-05-23,73.67,30-05-23,73.85,30-05-23,73.67,30-05-23,73.34,30-05-23,73.03,30-05-23,72.70,30-05-23,72.40,30-05-23,72.10,30-05-23,71.84,30-05-23,71.60,30-05-23,71.36,30-05-23,71.20,30-05-23,74.81,30-05-23,70.50,30-05-23,74.44,30-05-23,70.45,30-05-23,68.83
29-05-23,77.03,29-05-23,77.09,29-05-23,76.86,29-05-23,76.49,29-05-23,76.12,29-05-23,75.75,29-05-23,75.39,29-05-23,75.06,29-05-23,74.77,29-05-23,74.48,29-05-23,74.22,29-05-23,74.00,29-05-23,72.46,29-05-23,72.42,29-05-23,73.07,29-05-23,72.41,29-05-23,72.29
28-05-23,77.45,28-05-23,77.50,28-05-23,77.27,28-05-23,76.88,28-05-23,76.50,28-05-23,76.11,28-05-23,75.74,28-05-23,75.38,28-05-23,75.07,28-05-23,74.76,28-05-23,74.48,28-05-23,74.23,28-05-23,72.46,28-05-23,72.42,28-05-23,73.07,28-05-23,72.41,28-05-23,72.29
26-05-23,77.13,26-05-23,77.19,26-05-23,76.96,26-05-23,76.58,26-05-23,76.20,26-05-23,75.82,26-05-23,75.45,26-05-23,75.10,26-05-23,74.77,26-05-23,74.46,26-05-23,74.20,26-05-23,73.95,26-05-23,72.46,26-05-23,72.42,26-05-23,73.07,26-05-23,72.41,26-05-23,72.29
25-05-23,76.22,25-05-23,76.15,25-05-23,75.90,25-05-23,75.50,25-05-23,75.12,25-05-23,74.75,25-05-23,74.36,25-05-23,74.02,25-05-23,73.71,25-05-23,73.41,25-05-23,73.13,25-05-23,72.91,25-05-23,72.09,25-05-23,71.83,25-05-23,72.20,25-05-23,71.83,25-05-23,71.49
24-05-23,78.34,24-05-23,78.24,24-05-23,77.95,24-05-23,77.54,24-05-23,77.14,24-05-23,76.74,24-05-23,76.35,24-05-23,75.98,24-05-23,75.65,24-05-23,75.34,24-05-23,75.03,24-05-23,74.76,24-05-23,74.40,24-05-23,74.41,24-05-23,73.50,24-05-23,73.67,24-05-23,73.36
23-05-23,77.57,23-05-23,77.45,23-05-23,77.15,23-05-23,76.71,23-05-23,76.33,23-05-23,75.91,23-05-23,75.54,23-05-23,75.17,23-05-23,74.84,23-05-23,74.52,23-05-23,74.23,23-05-23,73.97,23-05-23,73.80,23-05-23,73.19,23-05-23,70.33,23-05-23,72.70,23-05-23,72.58
22-05-23,75.95,22-05-23,75.82,22-05-23,75.52,22-05-23,75.15,22-05-23,74.78,22-05-23,74.42,22-05-23,74.06,22-05-23,73.74,22-05-23,73.46,22-05-23,73.19,22-05-23,72.94,22-05-23,72.70,22-05-23,72.37,22-05-23,72.33,22-05-23,72.17,22-05-23,71.90,22-05-23,71.66
21-05-23,75.73,21-05-23,75.61,21-05-23,75.32,21-05-23,74.97,21-05-23,74.63,21-05-23,74.29,21-05-23,73.94,21-05-23,73.62,21-05-23,73.34,21-05-23,73.08,21-05-23,72.82,21-05-23,72.62,21-05-23,72.44,21-05-23,72.42,21-05-23,71.87,21-05-23,71.98,21-05-23,71.61
19-05-23,75.77,19-05-23,75.64,19-05-23,75.26,19-05-23,74.90,19-05-23,74.56,19-05-23,74.22,19-05-23,73.87,19-05-23,73.55,19-05-23,73.27,19-05-23,73.05,19-05-23,72.81,19-05-23,72.58,19-05-23,72.44,19-05-23,72.42,19-05-23,71.87,19-05-23,71.98,19-05-23,71.61
18-05-23,75.99,18-05-23,75.94,18-05-23,75.71,18-05-23,75.41,18-05-23,75.06,18-05-23,74.72,18-05-23,74.41,18-05-23,74.11,18-05-23,73.90,18-05-23,73.65,18-05-23,73.44,18-05-23,73.25,18-05-23,72.99,18-05-23,72.84,18-05-23,72.66,18-05-23,72.49,18-05-23,72.30
17-05-23,76.79,17-05-23,76.65,17-05-23,76.36,17-05-23,76.01,17-05-23,75.67,17-05-23,75.33,17-05-23,75.00,17-05-23,74.69,17-05-23,74.42,17-05-23,74.15,17-05-23,73.92,17-05-23,73.71,17-05-23,73.26,17-05-23,73.16,17-05-23,70.32,17-05-23,72.66,17-05-23,72.67
16-05-23,74.74,16-05-23,74.55,16-05-23,74.24,16-05-23,73.88,16-05-23,73.51,16-05-23,73.22,16-05-23,72.90,16-05-23,72.59,16-05-23,72.34,16-05-23,72.11,16-05-23,71.91,16-05-23,71.77,16-05-23,71.62,16-05-23,71.45,16-05-23,71.19,16-05-23,70.94,16-05-23,70.75
15-05-23,75.54,15-05-23,75.32,15-05-23,74.99,15-05-23,74.61,15-05-23,74.27,15-05-23,73.93,15-05-23,73.61,15-05-23,73.31,15-05-23,73.06,15-05-23,72.81,15-05-23,72.59,15-05-23,72.39,15-05-23,72.06,15-05-23,71.68,15-05-23,71.56,15-05-23,71.35,15-05-23,71.21
14-05-23,74.17,14-05-23,73.89,14-05-23,73.53,14-05-23,73.15,14-05-23,72.80,14-05-23,72.46,14-05-23,72.15,14-05-23,71.87,14-05-23,71.63,14-05-23,71.40,14-05-23,71.20,14-05-23,71.04,14-05-23,70.73,14-05-23,70.55,14-05-23,69.55,14-05-23,70.42,14-05-23,70.27
12-05-23,74.22,12-05-23,73.93,12-05-23,73.56,12-05-23,73.18,12-05-23,72.84,12-05-23,72.51,12-05-23,72.20,12-05-23,71.92,12-05-23,71.68,12-05-23,71.45,12-05-23,71.26,12-05-23,71.09,12-05-23,70.73,12-05-23,70.55,12-05-23,69.55,12-05-23,70.42,12-05-23,70.27
11-05-23,75.44,11-05-23,75.20,11-05-23,74.89,11-05-23,74.52,11-05-23,74.19,11-05-23,73.86,11-05-23,73.53,11-05-23,73.24,11-05-23,73.00,11-05-23,72.74,11-05-23,72.52,11-05-23,72.33,11-05-23,72.16,11-05-23,71.76,11-05-23,70.05,11-05-23,71.59,11-05-23,71.40
10-05-23,76.58,10-05-23,76.44,10-05-23,76.16,10-05-23,75.80,10-05-23,75.48,10-05-23,75.15,10-05-23,74.83,10-05-23,74.53,10-05-23,74.27,10-05-23,74.02,10-05-23,73.79,10-05-23,73.57,10-05-23,73.34,10-05-23,73.18,10-05-23,70.43,10-05-23,72.76,10-05-23,72.56
09-05-23,77.28,09-05-23,77.11,09-05-23,76.80,09-05-23,76.43,09-05-23,76.07,09-05-23,75.72,09-05-23,75.38,09-05-23,75.05,09-05-23,74.76,09-05-23,74.49,09-05-23,74.23,09-05-23,74.00,09-05-23,71.59,09-05-23,73.43,09-05-23,73.17,09-05-23,72.98,09-05-23,72.77
08-05-23,76.61,08-05-23,76.42,08-05-23,76.07,08-05-23,75.68,08-05-23,75.31,08-05-23,74.95,08-05-23,74.60,08-05-23,74.26,08-05-23,73.97,08-05-23,73.68,08-05-23,73.38,08-05-23,73.18,08-05-23,71.45,08-05-23,72.46,08-05-23,72.44,08-05-23,72.23,08-05-23,72.03
07-05-23,75.35,07-05-23,75.12,07-05-23,74.77,07-05-23,74.39,07-05-23,74.04,07-05-23,73.69,07-05-23,73.34,07-05-23,73.00,07-05-23,72.73,07-05-23,72.46,07-05-23,72.17,07-05-23,71.95,07-05-23,71.61,07-05-23,71.38,07-05-23,71.40,07-05-23,70.96,07-05-23,70.98
05-05-23,75.43,05-05-23,75.21,05-05-23,74.87,05-05-23,74.49,05-05-23,74.12,05-05-23,73.80,05-05-23,73.45,05-05-23,73.12,05-05-23,72.85,05-05-23,72.57,05-05-23,72.32,05-05-23,72.10,05-05-23,71.61,05-05-23,71.38,05-05-23,70.76,05-05-23,70.96,05-05-23,70.98
04-05-23,72.53,04-05-23,72.37,04-05-23,72.10,04-05-23,71.79,04-05-23,71.52,04-05-23,71.23,04-05-23,70.95,04-05-23,70.68,04-05-23,70.46,04-05-23,70.27,04-05-23,70.06,04-05-23,69.89,04-05-23,69.69,04-05-23,69.34,04-05-23,69.36,04-05-23,69.23,04-05-23,69.05
03-05-23,71.92,03-05-23,71.78,03-05-23,71.57,03-05-23,71.31,03-05-23,71.07,03-05-23,70.82,03-05-23,70.59,03-05-23,70.39,03-05-23,70.19,03-05-23,70.02,03-05-23,69.88,03-05-23,69.73,03-05-23,69.66,03-05-23,69.69,03-05-23,69.56,03-05-23,69.28,03-05-23,69.14
02-05-23,75.22,02-05-23,74.93,02-05-23,74.55,02-05-23,74.15,02-05-23,73.78,02-05-23,73.41,02-05-23,73.10,02-05-23,72.81,02-05-23,72.57,02-05-23,72.33,02-05-23,72.12,02-05-23,71.94,02-05-23,71.82,02-05-23,71.62,02-05-23,71.47,02-05-23,71.47,02-05-23,71.26
01-05-23,79.38,01-05-23,79.00,01-05-23,78.54,01-05-23,78.06,01-05-23,77.59,01-05-23,77.14,01-05-23,76.72,01-05-23,76.35,01-05-23,76.02,01-05-23,75.70,01-05-23,75.40,01-05-23,75.10,01-05-23,74.64,01-05-23,74.50,01-05-23,74.36,01-05-23,74.01,01-05-23,73.77
30-04-23,79.65,30-04-23,79.24,30-04-23,78.78,30-04-23,78.30,30-04-23,77.86,30-04-23,77.42,30-04-23,76.99,30-04-23,76.65,30-04-23,76.33,30-04-23,76.03,30-04-23,75.74,30-04-23,75.48,30-04-23,75.83,30-04-23,75.95,30-04-23,75.40,30-04-23,75.31,30-04-23,74.98
28-04-23,79.52,28-04-23,80.35,28-04-23,79.95,28-04-23,79.48,28-04-23,79.01,28-04-23,78.56,28-04-23,78.11,28-04-23,77.69,28-04-23,77.31,28-04-23,76.99,28-04-23,76.67,28-04-23,76.38,28-04-23,76.10,28-04-23,75.95,28-04-23,75.40,28-04-23,75.31,28-04-23,74.98
27-04-23,78.35,27-04-23,78.31,27-04-23,77.99,27-04-23,77.60,27-04-23,77.15,27-04-23,76.74,27-04-23,76.32,27-04-23,75.93,27-04-23,75.57,27-04-23,75.28,27-04-23,74.98,27-04-23,74.72,27-04-23,74.45,27-04-23,74.14,27-04-23,73.87,27-04-23,73.47,27-04-23,73.38
26-04-23,77.78,26-04-23,77.81,26-04-23,77.57,26-04-23,77.23,26-04-23,76.83,26-04-23,76.43,26-04-23,76.03,26-04-23,75.67,26-04-23,75.35,26-04-23,75.07,26-04-23,74.80,26-04-23,74.54,26-04-23,74.30,26-04-23,74.02,26-04-23,73.79,26-04-23,73.74,26-04-23,73.34
25-04-23,80.75,25-04-23,80.59,25-04-23,80.22,25-04-23,79.79,25-04-23,79.30,25-04-23,78.83,25-04-23,78.34,25-04-23,77.90,25-04-23,77.48,25-04-23,77.14,25-04-23,76.79,25-04-23,76.47,25-04-23,76.16,25-04-23,75.88,25-04-23,75.57,25-04-23,75.33,25-04-23,74.98
24-04-23,82.58,24-04-23,82.38,24-04-23,82.01,24-04-23,81.59,24-04-23,81.11,24-04-23,80.69,24-04-23,80.19,24-04-23,79.78,24-04-23,79.37,24-04-23,78.95,24-04-23,78.59,24-04-23,78.26,24-04-23,77.91,24-04-23,77.67,24-04-23,77.34,24-04-23,77.12,24-04-23,76.71
23-04-23,81.56,23-04-23,81.35,23-04-23,80.98,23-04-23,80.60,23-04-23,80.14,23-04-23,79.70,23-04-23,79.23,23-04-23,78.81,23-04-23,78.41,23-04-23,78.07,23-04-23,77.73,23-04-23,77.41,23-04-23,77.11,23-04-23,76.78,23-04-23,76.26,23-04-23,76.27,23-04-23,75.90
21-04-23,81.84,21-04-23,81.60,21-04-23,81.28,21-04-23,80.83,21-04-23,80.36,21-04-23,79.85,21-04-23,79.44,21-04-23,79.02,21-04-23,78.66,21-04-23,78.29,21-04-23,77.95,21-04-23,77.59,21-04-23,77.26,21-04-23,76.78,21-04-23,76.26,21-04-23,76.27,21-04-23,75.90
20-04-23,80.82,20-04-23,80.54,20-04-23,80.14,20-04-23,79.70,20-04-23,79.20,20-04-23,78.73,20-04-23,78.27,20-04-23,77.82,20-04-23,77.41,20-04-23,77.05,20-04-23,76.70,20-04-23,76.37,20-04-23,76.03,20-04-23,75.65,20-04-23,75.12,20-04-23,74.75,20-04-23,74.72
19-04-23,82.86,19-04-23,82.52,19-04-23,82.07,19-04-23,81.59,19-04-23,81.06,19-04-23,80.55,19-04-23,80.03,19-04-23,79.54,19-04-23,79.08,19-04-23,78.67,19-04-23,78.26,19-04-23,77.87,19-04-23,77.51,19-04-23,77.20,19-04-23,76.84,19-04-23,76.15,19-04-23,76.18
18-04-23,84.87,18-04-23,84.53,18-04-23,84.02,18-04-23,83.48,18-04-23,82.92,18-04-23,82.36,18-04-23,81.84,18-04-23,81.29,18-04-23,80.82,18-04-23,80.38,18-04-23,79.94,18-04-23,79.50,18-04-23,79.09,18-04-23,78.78,18-04-23,78.20,18-04-23,77.89,18-04-23,77.45
17-04-23,84.86,17-04-23,84.54,17-04-23,84.03,17-04-23,83.49,17-04-23,82.92,17-04-23,82.37,17-04-23,81.82,17-04-23,81.29,17-04-23,80.78,17-04-23,80.31,17-04-23,79.86,17-04-23,79.42,17-04-23,79.00,17-04-23,78.56,17-04-23,77.96,17-04-23,77.53,17-04-23,77.42
16-04-23,86.40,16-04-23,85.95,16-04-23,85.35,16-04-23,84.74,16-04-23,84.13,16-04-23,83.50,16-04-23,82.91,16-04-23,82.33,16-04-23,81.78,16-04-23,81.26,16-04-23,80.79,16-04-23,80.32,16-04-23,79.87,16-04-23,79.66,16-04-23,79.03,16-04-23,78.59,16-04-23,78.23
14-04-23,86.56,14-04-23,86.11,14-04-23,85.50,14-04-23,84.88,14-04-23,84.26,14-04-23,83.65,14-04-23,83.05,14-04-23,82.46,14-04-23,81.90,14-04-23,81.40,14-04-23,80.90,14-04-23,80.43,14-04-23,79.99,14-04-23,79.66,14-04-23,79.03,14-04-23,78.59,14-04-23,78.23
13-04-23,86.29,13-04-23,85.88,13-04-23,85.29,13-04-23,84.67,13-04-23,84.04,13-04-23,83.42,13-04-23,82.82,13-04-23,82.24,13-04-23,81.68,13-04-23,81.18,13-04-23,80.68,13-04-23,80.21,13-04-23,79.77,13-04-23,79.52,13-04-23,78.90,13-04-23,78.47,13-04-23,78.10
12-04-23,87.22,12-04-23,86.66,12-04-23,85.94,12-04-23,85.26,12-04-23,84.56,12-04-23,83.92,12-04-23,83.28,12-04-23,82.68,12-04-23,82.09,12-04-23,81.55,12-04-23,81.03,12-04-23,80.56,12-04-23,80.07,12-04-23,71.05,12-04-23,79.17,12-04-23,78.63,12-04-23,78.33
11-04-23,85.57,11-04-23,85.13,11-04-23,84.49,11-04-23,83.86,11-04-23,83.22,11-04-23,82.60,11-04-23,81.98,11-04-23,81.38,11-04-23,80.77,11-04-23,80.26,11-04-23,79.74,11-04-23,79.24,11-04-23,78.78,11-04-23,70.56,11-04-23,78.02,11-04-23,77.36,11-04-23,77.22
10-04-23,84.28,10-04-23,83.89,10-04-23,83.32,10-04-23,82.72,10-04-23,82.11,10-04-23,81.52,10-04-23,80.93,10-04-23,80.35,10-04-23,79.81,10-04-23,79.30,10-04-23,78.81,10-04-23,78.35,10-04-23,77.91,10-04-23,70.28,10-04-23,77.06,10-04-23,76.68,10-04-23,76.31
09-04-23,85.22,09-04-23,84.78,09-04-23,84.14,09-04-23,83.48,09-04-23,82.82,09-04-23,82.19,09-04-23,81.58,09-04-23,80.98,09-04-23,80.38,09-04-23,79.84,09-04-23,79.32,09-04-23,78.84,09-04-23,78.41,09-04-23,77.64,09-04-23,77.20,09-04-23,76.86,09-04-23,76.43
06-04-23,84.92,06-04-23,84.50,06-04-23,83.88,06-04-23,83.23,06-04-23,82.58,06-04-23,81.95,06-04-23,81.26,06-04-23,80.66,06-04-23,80.09,06-04-23,78.80,06-04-23,79.02,06-04-23,78.34,06-04-23,78.15,06-04-23,77.64,06-04-23,77.20,06-04-23,76.86,06-04-23,76.43
05-04-23,84.84,05-04-23,84.47,05-04-23,83.89,05-04-23,83.27,05-04-23,82.62,05-04-23,82.01,05-04-23,81.42,05-04-23,80.84,05-04-23,80.29,05-04-23,79.38,05-04-23,79.22,05-04-23,78.75,05-04-23,78.35,05-04-23,77.83,05-04-23,77.56,05-04-23,77.09,05-04-23,76.60
04-04-23,85.23,04-04-23,84.82,04-04-23,84.24,04-04-23,83.61,04-04-23,82.96,04-04-23,82.32,04-04-23,81.70,04-04-23,81.11,04-04-23,80.54,04-04-23,78.91,04-04-23,79.22,04-04-23,78.72,04-04-23,78.59,04-04-23,77.80,04-04-23,77.53,04-04-23,77.03,04-04-23,76.56
03-04-23,84.85,03-04-23,84.47,03-04-23,83.86,03-04-23,83.20,03-04-23,82.56,03-04-23,81.96,03-04-23,81.36,03-04-23,80.80,03-04-23,80.24,03-04-23,79.25,03-04-23,79.37,03-04-23,78.93,03-04-23,78.30,03-04-23,77.95,03-04-23,77.34,03-04-23,77.11,03-04-23,76.70
02-04-23,84.94,02-04-23,84.61,02-04-23,84.09,02-04-23,83.52,02-04-23,82.94,02-04-23,82.37,02-04-23,81.84,02-04-23,81.31,02-04-23,80.79,02-04-23,80.36,02-04-23,76.81,02-04-23,76.65,02-04-23,79.03,02-04-23,75.84,02-04-23,75.67,02-04-23,69.47,02-04-23,75.12
31-03-23,79.76,31-03-23,79.86,31-03-23,79.70,31-03-23,79.41,31-03-23,79.08,31-03-23,78.69,31-03-23,78.30,31-03-23,77.90,31-03-23,77.52,31-03-23,77.16,31-03-23,76.81,31-03-23,76.65,31-03-23,76.16,31-03-23,75.84,31-03-23,75.67,31-03-23,75.17,31-03-23,75.12
30-03-23,79.21,30-03-23,78.55,30-03-23,78.41,30-03-23,78.16,30-03-23,77.84,30-03-23,77.47,30-03-23,77.10,30-03-23,76.72,30-03-23,76.36,30-03-23,76.27,30-03-23,75.67,30-03-23,75.45,30-03-23,75.16,30-03-23,74.84,30-03-23,74.58,30-03-23,74.48,30-03-23,69.17
29-03-23,78.28,29-03-23,77.53,29-03-23,77.38,29-03-23,77.16,29-03-23,76.85,29-03-23,76.50,29-03-23,76.16,29-03-23,75.84,29-03-23,75.51,29-03-23,74.82,29-03-23,75.20,29-03-23,74.53,29-03-23,74.31,29-03-23,74.18,29-03-23,73.80,29-03-23,73.56,29-03-23,73.12
28-03-23,78.91,28-03-23,78.41,28-03-23,78.23,28-03-23,77.97,28-03-23,77.64,28-03-23,77.29,28-03-23,76.95,28-03-23,76.60,28-03-23,76.27,28-03-23,75.68,28-03-23,74.73,28-03-23,73.93,28-03-23,75.01,28-03-23,74.90,28-03-23,74.47,28-03-23,74.23,28-03-23,71.63
27-03-23,78.16,27-03-23,77.79,27-03-23,77.72,27-03-23,77.53,27-03-23,77.24,27-03-23,76.92,27-03-23,76.60,27-03-23,76.25,27-03-23,75.93,27-03-23,74.38,27-03-23,74.05,27-03-23,75.08,27-03-23,74.65,27-03-23,74.55,27-03-23,74.36,27-03-23,73.94,27-03-23,71.63
26-03-23,75.34,26-03-23,75.00,26-03-23,74.90,26-03-23,74.71,26-03-23,74.43,26-03-23,74.13,26-03-23,73.82,26-03-23,73.52,26-03-23,73.22,26-03-23,72.06,26-03-23,74.30,26-03-23,73.79,26-03-23,72.10,26-03-23,72.05,26-03-23,71.68,26-03-23,71.50,26-03-23,70.27
24-03-23,74.97,24-03-23,74.57,24-03-23,74.51,24-03-23,74.33,24-03-23,74.07,24-03-23,73.79,24-03-23,73.50,24-03-23,73.21,24-03-23,72.93,24-03-23,74.35,24-03-23,74.30,24-03-23,75.65,24-03-23,72.10,24-03-23,71.86,24-03-23,71.68,24-03-23,71.50,24-03-23,70.27
23-03-23,75.59,23-03-23,75.15,23-03-23,75.06,23-03-23,74.87,23-03-23,74.62,23-03-23,74.34,23-03-23,74.06,23-03-23,73.78,23-03-23,73.47,23-03-23,72.59,23-03-23,71.49,23-03-23,76.33,23-03-23,72.22,23-03-23,72.36,23-03-23,71.61,23-03-23,71.46,23-03-23,71.04
22-03-23,75.80,22-03-23,75.48,22-03-23,75.36,22-03-23,75.15,22-03-23,74.87,22-03-23,74.54,22-03-23,74.22,22-03-23,73.91,22-03-23,73.59,22-03-23,74.01,22-03-23,77.49,22-03-23,75.18,22-03-23,72.63,22-03-23,72.36,22-03-23,72.21,22-03-23,72.00,22-03-23,69.86
21-03-23,75.09,21-03-23,74.80,21-03-23,74.69,21-03-23,74.51,21-03-23,74.26,21-03-23,73.95,21-03-23,73.70,21-03-23,73.40,21-03-23,73.11,21-03-23,72.37,21-03-23,72.06,21-03-23,78.82,21-03-23,72.29,21-03-23,71.97,21-03-23,71.91,21-03-23,71.71,21-03-23,71.15
20-03-23,73.81,20-03-23,73.59,20-03-23,73.53,20-03-23,73.39,20-03-23,73.16,20-03-23,72.92,20-03-23,72.71,20-03-23,72.48,20-03-23,72.24,20-03-23,71.81,20-03-23,72.29,20-03-23,72.71,20-03-23,71.34,20-03-23,71.26,20-03-23,71.18,20-03-23,70.83,20-03-23,69.90
19-03-23,73.27,19-03-23,73.13,19-03-23,73.07,19-03-23,72.88,19-03-23,72.64,19-03-23,72.39,19-03-23,72.18,19-03-23,71.95,19-03-23,71.71,19-03-23,75.56,19-03-23,70.23,19-03-23,78.21,19-03-23,70.45,19-03-23,70.88,19-03-23,70.35,19-03-23,70.08,19-03-23,70.02
17-03-23,72.55,17-03-23,72.35,17-03-23,72.29,17-03-23,72.12,17-03-23,71.89,17-03-23,71.66,17-03-23,71.45,17-03-23,71.25,17-03-23,71.03,17-03-23,75.56,17-03-23,70.23,17-03-23,78.21,17-03-23,70.45,17-03-23,70.28,17-03-23,70.35,17-03-23,70.08,17-03-23,70.02
16-03-23,74.70,16-03-23,74.31,16-03-23,74.10,16-03-23,73.85,16-03-23,73.58,16-03-23,73.30,16-03-23,73.05,16-03-23,72.77,16-03-23,72.51,16-03-23,73.20,16-03-23,73.09,16-03-23,74.74,16-03-23,71.35,16-03-23,71.42,16-03-23,71.20,16-03-23,71.02,16-03-23,70.73
15-03-23,74.33,15-03-23,73.87,15-03-23,73.60,15-03-23,73.32,15-03-23,73.05,15-03-23,72.76,15-03-23,72.51,15-03-23,72.27,15-03-23,72.02,15-03-23,75.19,15-03-23,72.14,15-03-23,73.31,15-03-23,71.43,15-03-23,70.99,15-03-23,70.81,15-03-23,70.79,15-03-23,70.45
14-03-23,77.61,14-03-23,77.16,14-03-23,76.88,14-03-23,76.56,14-03-23,76.24,14-03-23,75.90,14-03-23,75.57,14-03-23,75.25,14-03-23,74.92,14-03-23,76.06,14-03-23,76.16,14-03-23,73.87,14-03-23,73.61,14-03-23,73.46,14-03-23,73.09,14-03-23,72.83,14-03-23,69.57
13-03-23,80.71,13-03-23,80.16,13-03-23,79.81,13-03-23,79.43,13-03-23,79.04,13-03-23,78.66,13-03-23,78.27,13-03-23,77.92,13-03-23,77.54,13-03-23,79.31,13-03-23,76.90,13-03-23,76.66,13-03-23,75.84,13-03-23,75.71,13-03-23,75.41,13-03-23,74.92,13-03-23,74.57
12-03-23,83.18,12-03-23,82.59,12-03-23,82.18,12-03-23,81.76,12-03-23,81.31,12-03-23,80.87,12-03-23,80.43,12-03-23,79.97,12-03-23,79.52,12-03-23,78.83,12-03-23,78.52,12-03-23,77.82,12-03-23,77.44,12-03-23,77.44,12-03-23,76.72,12-03-23,76.51,12-03-23,76.02
10-03-23,82.73,10-03-23,82.14,10-03-23,81.75,10-03-23,81.33,10-03-23,80.88,10-03-23,80.44,10-03-23,80.02,10-03-23,79.59,10-03-23,79.16,10-03-23,77.50,10-03-23,77.94,10-03-23,77.82,10-03-23,77.44,10-03-23,77.16,10-03-23,76.72,10-03-23,76.51,10-03-23,76.02
09-03-23,81.54,09-03-23,81.03,09-03-23,80.62,09-03-23,80.21,09-03-23,79.80,09-03-23,79.37,09-03-23,78.95,09-03-23,78.53,09-03-23,78.11,09-03-23,76.62,09-03-23,78.71,09-03-23,76.92,09-03-23,76.57,09-03-23,76.24,09-03-23,75.92,09-03-23,75.58,09-03-23,75.44
08-03-23,82.51,08-03-23,82.03,08-03-23,81.65,08-03-23,81.25,08-03-23,80.84,08-03-23,80.42,08-03-23,80.01,08-03-23,79.61,08-03-23,79.18,08-03-23,76.55,08-03-23,78.44,08-03-23,77.75,08-03-23,77.38,08-03-23,77.27,08-03-23,76.91,08-03-23,76.56,08-03-23,76.22
07-03-23,83.10,07-03-23,82.62,07-03-23,82.25,07-03-23,81.86,07-03-23,81.47,07-03-23,81.05,07-03-23,80.62,07-03-23,80.19,07-03-23,79.75,07-03-23,74.60,07-03-23,79.79,07-03-23,78.25,07-03-23,79.98,07-03-23,77.75,07-03-23,76.89,07-03-23,76.80,07-03-23,76.43
06-03-23,86.25,06-03-23,85.68,06-03-23,85.23,06-03-23,84.75,06-03-23,84.27,06-03-23,83.78,06-03-23,83.30,06-03-23,82.81,06-03-23,82.32,06-03-23,81.34,06-03-23,80.17,06-03-23,80.93,06-03-23,80.49,06-03-23,80.06,06-03-23,79.68,06-03-23,79.25,06-03-23,78.86
03-03-23,85.99,03-03-23,85.42,03-03-23,84.93,03-03-23,84.43,03-03-23,83.94,03-03-23,83.43,03-03-23,82.94,03-03-23,82.46,03-03-23,81.97,03-03-23,78.42,03-03-23,78.85,03-03-23,80.56,03-03-23,80.15,03-03-23,79.79,03-03-23,79.32,03-03-23,78.91,03-03-23,78.50
02-03-23,84.42,02-03-23,83.74,02-03-23,83.23,02-03-23,82.72,02-03-23,82.24,02-03-23,81.76,02-03-23,81.31,02-03-23,80.87,02-03-23,80.41,02-03-23,79.98,02-03-23,78.21,02-03-23,78.94,02-03-23,78.50,02-03-23,78.32,02-03-23,77.95,02-03-23,77.55,02-03-23,77.17
01-03-23,84.38,01-03-23,83.73,01-03-23,83.20,01-03-23,82.70,01-03-23,82.21,01-03-23,81.71,01-03-23,81.22,01-03-23,80.74,01-03-23,80.26,01-03-23,79.62,01-03-23,78.50,01-03-23,78.95,01-03-23,78.56,01-03-23,78.18,01-03-23,77.77,01-03-23,77.22,01-03-23,77.00
28-02-23,83.15,28-02-23,82.57,28-02-23,82.07,28-02-23,81.57,28-02-23,81.13,28-02-23,80.66,28-02-23,80.20,28-02-23,79.72,28-02-23,79.91,28-02-23,79.44,28-02-23,79.13,28-02-23,78.59,28-02-23,78.17,28-02-23,77.27,28-02-23,77.40,28-02-23,76.91,28-02-23,76.68
27-02-23,82.44,27-02-23,82.11,27-02-23,81.57,27-02-23,81.15,27-02-23,80.71,27-02-23,80.27,27-02-23,79.84,27-02-23,79.42,27-02-23,79.01,27-02-23,78.21,27-02-23,78.21,27-02-23,77.47,27-02-23,77.51,27-02-23,77.17,27-02-23,76.77,27-02-23,76.52,27-02-23,76.19
24-02-23,83.21,24-02-23,82.87,24-02-23,82.34,24-02-23,81.91,24-02-23,81.48,24-02-23,81.07,24-02-23,80.64,24-02-23,80.24,24-02-23,79.84,24-02-23,78.85,24-02-23,78.93,24-02-23,78.57,24-02-23,78.39,24-02-23,77.83,24-02-23,77.60,24-02-23,77.39,24-02-23,77.07
23-02-23,82.44,23-02-23,82.19,23-02-23,81.72,23-02-23,81.32,23-02-23,80.92,23-02-23,80.54,23-02-23,80.15,23-02-23,79.77,23-02-23,79.41,23-02-23,79.43,23-02-23,75.67,23-02-23,79.27,23-02-23,78.15,23-02-23,77.86,23-02-23,77.41,23-02-23,77.25,23-02-23,76.97
22-02-23,80.49,22-02-23,80.34,22-02-23,79.99,22-02-23,79.68,22-02-23,79.36,22-02-23,79.04,22-02-23,78.71,22-02-23,78.38,22-02-23,78.05,22-02-23,82.26,22-02-23,77.81,22-02-23,77.65,22-02-23,76.81,22-02-23,76.34,22-02-23,76.34,22-02-23,76.06,22-02-23,75.81
21-02-23,82.75,21-02-23,82.48,21-02-23,82.01,21-02-23,81.62,21-02-23,81.22,21-02-23,80.82,21-02-23,80.41,21-02-23,80.03,21-02-23,79.62,21-02-23,79.39,21-02-23,78.97,21-02-23,78.30,21-02-23,78.19,21-02-23,78.09,21-02-23,77.47,21-02-23,77.02,21-02-23,77.08
20-02-23,83.84,20-02-23,83.55,20-02-23,83.05,20-02-23,82.64,20-02-23,82.22,20-02-23,81.81,20-02-23,81.39,20-02-23,80.98,20-02-23,80.57,20-02-23,76.83,20-02-23,79.78,20-02-23,79.40,20-02-23,79.09,20-02-23,78.75,20-02-23,78.36,20-02-23,78.08,20-02-23,77.76
17-02-23,83.15,17-02-23,82.83,17-02-23,82.34,17-02-23,81.96,17-02-23,81.55,17-02-23,81.15,17-02-23,80.75,17-02-23,80.35,17-02-23,79.96,17-02-23,80.53,17-02-23,78.92,17-02-23,79.67,17-02-23,79.82,17-02-23,77.86,17-02-23,77.78,17-02-23,77.21,17-02-23,76.91
16-02-23,84.80,16-02-23,84.45,16-02-23,83.91,16-02-23,83.48,16-02-23,83.02,16-02-23,82.57,16-02-23,82.11,16-02-23,81.66,16-02-23,81.23,16-02-23,85.21,16-02-23,80.12,16-02-23,80.63,16-02-23,79.37,16-02-23,79.21,16-02-23,78.85,16-02-23,78.11,16-02-23,77.82
15-02-23,85.30,15-02-23,84.97,15-02-23,84.42,15-02-23,83.96,15-02-23,83.48,15-02-23,83.00,15-02-23,82.52,15-02-23,82.07,15-02-23,81.64,15-02-23,80.70,15-02-23,80.69,15-02-23,79.36,15-02-23,79.87,15-02-23,79.50,15-02-23,79.08,15-02-23,78.75,15-02-23,78.41
14-02-23,85.26,14-02-23,84.98,14-02-23,84.47,14-02-23,84.03,14-02-23,83.58,14-02-23,83.09,14-02-23,82.62,14-02-23,82.12,14-02-23,81.69,14-02-23,77.03,14-02-23,81.06,14-02-23,79.28,14-02-23,80.19,14-02-23,79.78,14-02-23,79.13,14-02-23,79.00,14-02-23,78.63
13-02-23,85.81,13-02-23,85.45,13-02-23,84.89,13-02-23,84.43,13-02-23,83.94,13-02-23,83.45,13-02-23,82.93,13-02-23,82.47,13-02-23,81.99,13-02-23,80.50,13-02-23,80.83,13-02-23,80.59,13-02-23,80.15,13-02-23,80.34,13-02-23,79.37,13-02-23,78.97,13-02-23,78.59
10-02-23,86.52,10-02-23,86.13,10-02-23,85.48,10-02-23,84.96,10-02-23,84.44,10-02-23,83.91,10-02-23,83.37,10-02-23,82.85,10-02-23,82.34,10-02-23,81.81,10-02-23,81.29,10-02-23,82.34,10-02-23,80.37,10-02-23,79.92,10-02-23,79.54,10-02-23,79.10,10-02-23,78.70
09-02-23,84.08,09-02-23,83.65,09-02-23,83.10,09-02-23,82.62,09-02-23,82.13,09-02-23,81.66,09-02-23,81.19,09-02-23,80.71,09-02-23,80.24,09-02-23,79.90,09-02-23,79.64,09-02-23,78.84,09-02-23,78.79,09-02-23,78.20,09-02-23,77.71,09-02-23,77.63,09-02-23,77.26
08-02-23,85.06,08-02-23,84.67,08-02-23,84.13,08-02-23,83.65,08-02-23,83.16,08-02-23,82.68,08-02-23,82.18,08-02-23,81.68,08-02-23,81.18,08-02-23,80.84,08-02-23,80.38,08-02-23,79.18,08-02-23,79.50,08-02-23,78.91,08-02-23,78.55,08-02-23,78.14,08-02-23,77.77
07-02-23,84.09,07-02-23,83.74,07-02-23,83.25,07-02-23,82.80,07-02-23,82.33,07-02-23,81.87,07-02-23,81.41,07-02-23,80.95,07-02-23,80.48,07-02-23,79.98,07-02-23,79.36,07-02-23,78.48,07-02-23,78.54,07-02-23,78.40,07-02-23,77.98,07-02-23,77.41,07-02-23,77.07
06-02-23,81.41,06-02-23,81.11,06-02-23,80.68,06-02-23,80.30,06-02-23,79.92,06-02-23,79.53,06-02-23,79.13,06-02-23,78.73,06-02-23,78.32,06-02-23,77.67,06-02-23,77.45,06-02-23,77.25,06-02-23,76.78,06-02-23,76.26,06-02-23,76.20,06-02-23,75.83,06-02-23,75.40
03-02-23,79.87,03-02-23,79.63,03-02-23,79.26,03-02-23,78.91,03-02-23,78.49,03-02-23,78.10,03-02-23,77.70,03-02-23,77.31,03-02-23,76.93,03-02-23,76.43,03-02-23,75.98,03-02-23,75.95,03-02-23,75.42,03-02-23,75.12,03-02-23,74.89,03-02-23,74.53,03-02-23,74.26
02-02-23,82.14,02-02-23,81.99,02-02-23,81.64,02-02-23,81.29,02-02-23,80.90,02-02-23,80.50,02-02-23,80.08,02-02-23,79.66,02-02-23,79.25,02-02-23,79.15,02-02-23,76.92,02-02-23,78.02,02-02-23,77.67,02-02-23,77.13,02-02-23,77.11,02-02-23,76.74,02-02-23,76.44
01-02-23,83.08,01-02-23,82.84,01-02-23,82.44,01-02-23,82.01,01-02-23,81.55,01-02-23,81.13,01-02-23,80.68,01-02-23,80.26,01-02-23,79.80,01-02-23,79.41,01-02-23,78.08,01-02-23,77.76,01-02-23,78.06,01-02-23,77.93,01-02-23,77.44,01-02-23,77.06,01-02-23,76.74
31-01-23,84.52,31-01-23,85.49,31-01-23,85.20,31-01-23,84.78,31-01-23,84.34,31-01-23,83.88,31-01-23,83.37,31-01-23,82.88,31-01-23,82.35,31-01-23,81.84,31-01-23,81.36,31-01-23,80.63,31-01-23,80.39,31-01-23,80.14,31-01-23,79.56,31-01-23,79.21,31-01-23,78.81
30-01-23,85.54,30-01-23,84.56,30-01-23,84.18,30-01-23,83.75,30-01-23,83.29,30-01-23,82.81,30-01-23,82.32,30-01-23,81.72,30-01-23,81.21,30-01-23,80.69,30-01-23,79.51,30-01-23,79.52,30-01-23,78.32,30-01-23,78.67,30-01-23,78.52,30-01-23,78.14,30-01-23,77.75
27-01-23,86.38,27-01-23,86.16,27-01-23,85.80,27-01-23,85.32,27-01-23,84.80,27-01-23,84.25,27-01-23,83.69,27-01-23,83.10,27-01-23,82.54,27-01-23,81.97,27-01-23,80.56,27-01-23,80.75,27-01-23,79.20,27-01-23,79.97,27-01-23,79.08,27-01-23,79.01,27-01-23,78.69
26-01-23,87.68,26-01-23,87.47,26-01-23,87.23,26-01-23,86.82,26-01-23,86.35,26-01-23,85.82,26-01-23,85.28,26-01-23,84.72,26-01-23,84.16,26-01-23,83.57,26-01-23,80.63,26-01-23,82.58,26-01-23,79.71,26-01-23,82.86,26-01-23,80.87,26-01-23,80.50,26-01-23,79.96
25-01-23,86.18,25-01-23,86.30,25-01-23,86.14,25-01-23,85.78,25-01-23,85.34,25-01-23,84.87,25-01-23,84.35,25-01-23,83.82,25-01-23,83.31,25-01-23,82.75,25-01-23,79.17,25-01-23,82.02,25-01-23,81.08,25-01-23,83.12,25-01-23,80.40,25-01-23,79.86,25-01-23,79.57
24-01-23,86.40,24-01-23,86.52,24-01-23,86.38,24-01-23,86.06,24-01-23,85.68,24-01-23,85.25,24-01-23,84.78,24-01-23,84.29,24-01-23,83.79,24-01-23,83.28,24-01-23,79.09,24-01-23,81.93,24-01-23,81.66,24-01-23,83.21,24-01-23,80.55,24-01-23,80.48,24-01-23,79.97
23-01-23,88.13,23-01-23,88.06,23-01-23,87.87,23-01-23,87.49,23-01-23,87.03,23-01-23,86.53,23-01-23,86.00,23-01-23,85.47,23-01-23,84.94,23-01-23,84.41,23-01-23,79.23,23-01-23,83.52,23-01-23,83.05,23-01-23,82.51,23-01-23,81.85,23-01-23,81.44,23-01-23,81.14
20-01-23,87.58,20-01-23,87.62,20-01-23,87.47,20-01-23,87.08,20-01-23,86.62,20-01-23,86.08,20-01-23,85.55,20-01-23,85.00,20-01-23,84.47,20-01-23,83.94,20-01-23,79.22,20-01-23,83.02,20-01-23,82.71,20-01-23,82.01,20-01-23,81.30,20-01-23,80.92,20-01-23,80.62
19-01-23,86.35,19-01-23,86.50,19-01-23,86.38,19-01-23,86.05,19-01-23,85.63,19-01-23,85.16,19-01-23,84.68,19-01-23,84.16,19-01-23,83.66,19-01-23,83.16,19-01-23,79.18,19-01-23,82.24,19-01-23,83.63,19-01-23,81.27,19-01-23,80.65,19-01-23,80.37,19-01-23,79.82
18-01-23,84.59,18-01-23,84.87,18-01-23,84.83,18-01-23,84.56,18-01-23,84.18,18-01-23,83.73,18-01-23,83.23,18-01-23,82.74,18-01-23,82.26,18-01-23,81.80,18-01-23,81.25,18-01-23,80.99,18-01-23,83.51,18-01-23,79.68,18-01-23,79.50,18-01-23,79.27,18-01-23,78.56
17-01-23,86.69,17-01-23,86.85,17-01-23,86.63,17-01-23,86.23,17-01-23,85.76,17-01-23,85.24,17-01-23,84.73,17-01-23,84.19,17-01-23,83.67,17-01-23,83.17,17-01-23,82.73,17-01-23,82.19,17-01-23,83.30,17-01-23,81.00,17-01-23,80.54,17-01-23,80.24,17-01-23,79.52
16-01-23,84.16,16-01-23,84.36,16-01-23,84.17,16-01-23,83.82,16-01-23,83.41,16-01-23,82.96,16-01-23,82.51,16-01-23,82.07,16-01-23,81.67,16-01-23,81.24,16-01-23,80.81,16-01-23,80.38,16-01-23,80.17,16-01-23,79.56,16-01-23,78.97,16-01-23,78.80,16-01-23,78.47
13-01-23,85.38,13-01-23,85.66,13-01-23,85.45,13-01-23,85.09,13-01-23,84.64,13-01-23,84.17,13-01-23,83.70,13-01-23,83.22,13-01-23,82.76,13-01-23,82.29,13-01-23,81.92,13-01-23,81.45,13-01-23,81.00,13-01-23,80.56,13-01-23,80.39,13-01-23,79.75,13-01-23,79.43
12-01-23,83.89,12-01-23,84.02,12-01-23,83.80,12-01-23,83.45,12-01-23,83.06,12-01-23,82.63,12-01-23,82.21,12-01-23,81.79,12-01-23,81.40,12-01-23,80.98,12-01-23,80.55,12-01-23,80.15,12-01-23,79.52,12-01-23,79.36,12-01-23,79.00,12-01-23,78.68,12-01-23,78.31
11-01-23,82.90,11-01-23,83.08,11-01-23,82.92,11-01-23,82.61,11-01-23,82.25,11-01-23,81.84,11-01-23,81.41,11-01-23,80.99,11-01-23,80.60,11-01-23,80.22,11-01-23,79.90,11-01-23,79.51,11-01-23,79.12,11-01-23,78.78,11-01-23,78.46,11-01-23,78.05,11-01-23,77.83
10-01-23,79.64,10-01-23,79.83,10-01-23,79.81,10-01-23,79.67,10-01-23,79.43,10-01-23,79.17,10-01-23,78.85,10-01-23,78.52,10-01-23,78.21,10-01-23,77.93,10-01-23,77.20,10-01-23,77.07,10-01-23,77.00,10-01-23,76.28,10-01-23,76.47,10-01-23,76.18,10-01-23,75.91
09-01-23,79.81,09-01-23,80.07,09-01-23,80.09,09-01-23,79.98,09-01-23,79.80,09-01-23,79.55,09-01-23,79.25,09-01-23,78.96,09-01-23,78.69,09-01-23,78.41,09-01-23,78.11,09-01-23,77.63,09-01-23,77.29,09-01-23,77.25,09-01-23,76.98,09-01-23,76.72,09-01-23,76.46
06-01-23,78.47,06-01-23,78.65,06-01-23,78.63,06-01-23,78.51,06-01-23,78.31,06-01-23,78.06,06-01-23,77.77,06-01-23,77.47,06-01-23,77.19,06-01-23,76.92,06-01-23,76.65,06-01-23,76.35,06-01-23,76.06,06-01-23,75.81,06-01-23,75.55,06-01-23,75.26,06-01-23,75.05
05-01-23,78.89,05-01-23,78.98,05-01-23,78.97,05-01-23,78.84,05-01-23,78.60,05-01-23,78.31,05-01-23,77.99,05-01-23,77.64,05-01-23,77.32,05-01-23,77.04,05-01-23,76.64,05-01-23,76.50,05-01-23,76.22,05-01-23,75.50,05-01-23,75.42,05-01-23,75.21,05-01-23,74.89
04-01-23,78.07,04-01-23,78.23,04-01-23,78.22,04-01-23,78.09,04-01-23,77.88,04-01-23,77.60,04-01-23,77.30,04-01-23,76.99,04-01-23,76.69,04-01-23,76.44,04-01-23,76.16,04-01-23,75.86,04-01-23,75.59,04-01-23,75.31,04-01-23,75.06,04-01-23,74.82,04-01-23,74.54
03-01-23,82.31,03-01-23,82.30,03-01-23,82.18,03-01-23,81.83,03-01-23,81.45,03-01-23,81.02,03-01-23,80.59,03-01-23,80.13,03-01-23,79.71,03-01-23,79.33,03-01-23,78.84,03-01-23,78.42,03-01-23,78.04,03-01-23,77.48,03-01-23,77.30,03-01-23,77.01,03-01-23,76.41
30-12-22,85.99,30-12-22,85.74,30-12-22,85.37,30-12-22,84.86,30-12-22,84.29,30-12-22,83.73,30-12-22,83.20,30-12-22,82.66,30-12-22,82.17,30-12-22,81.72,30-12-22,80.97,30-12-22,80.41,30-12-22,84.33,30-12-22,85.12,30-12-22,78.47,30-12-22,79.14,30-12-22,78.77
29-12-22,83.67,29-12-22,83.55,29-12-22,83.26,29-12-22,82.86,29-12-22,82.37,29-12-22,81.87,29-12-22,81.38,29-12-22,80.90,29-12-22,80.59,29-12-22,80.10,29-12-22,79.79,29-12-22,79.53,29-12-22,79.14,29-12-22,78.77,29-12-22,78.16,29-12-22,77.77,29-12-22,77.46
28-12-22,83.14,28-12-22,83.74,28-12-22,83.71,28-12-22,83.44,28-12-22,83.06,28-12-22,82.63,28-12-22,82.17,28-12-22,81.72,28-12-22,81.31,28-12-22,80.87,28-12-22,80.55,28-12-22,79.85,28-12-22,79.42,28-12-22,79.08,28-12-22,78.91,28-12-22,78.84,28-12-22,78.34
27-12-22,84.88,27-12-22,85.22,27-12-22,85.09,27-12-22,84.85,27-12-22,84.44,27-12-22,84.00,27-12-22,83.54,27-12-22,83.08,27-12-22,82.60,27-12-22,81.97,27-12-22,81.74,27-12-22,81.17,27-12-22,80.52,27-12-22,80.33,27-12-22,79.94,27-12-22,79.55,27-12-22,79.29
23-12-22,83.95,23-12-22,84.54,23-12-22,84.40,23-12-22,84.12,23-12-22,83.72,23-12-22,83.29,23-12-22,82.82,23-12-22,82.37,23-12-22,81.89,23-12-22,81.38,23-12-22,81.01,23-12-22,80.59,23-12-22,80.14,23-12-22,79.73,23-12-22,79.34,23-12-22,78.94,23-12-22,78.56
22-12-22,81.69,22-12-22,82.35,22-12-22,82.11,22-12-22,81.78,22-12-22,81.39,22-12-22,80.95,22-12-22,80.47,22-12-22,80.00,22-12-22,79.52,22-12-22,79.11,22-12-22,78.71,22-12-22,78.49,22-12-22,77.90,22-12-22,78.19,22-12-22,77.16,22-12-22,76.81,22-12-22,76.50
21-12-22,82.26,21-12-22,82.66,21-12-22,82.49,21-12-22,82.22,21-12-22,81.88,21-12-22,81.50,21-12-22,81.06,21-12-22,80.59,21-12-22,80.16,21-12-22,79.83,21-12-22,79.33,21-12-22,78.99,21-12-22,78.56,21-12-22,78.17,21-12-22,78.00,21-12-22,77.50,21-12-22,77.00
20-12-22,79.72,20-12-22,80.28,20-12-22,80.22,20-12-22,80.00,20-12-22,79.72,20-12-22,79.46,20-12-22,79.13,20-12-22,78.72,20-12-22,78.35,20-12-22,78.11,20-12-22,77.67,20-12-22,77.39,20-12-22,77.06,20-12-22,76.75,20-12-22,76.47,20-12-22,76.13,20-12-22,75.73
19-12-22,80.10,19-12-22,80.44,19-12-22,80.18,19-12-22,79.89,19-12-22,79.57,19-12-22,79.25,19-12-22,78.89,19-12-22,78.52,19-12-22,78.16,19-12-22,77.91,19-12-22,77.46,19-12-22,77.23,19-12-22,76.90,19-12-22,76.56,19-12-22,76.25,19-12-22,75.88,19-12-22,75.52
16-12-22,79.27,16-12-22,79.69,16-12-22,79.55,16-12-22,79.34,16-12-22,79.07,16-12-22,78.81,16-12-22,78.50,16-12-22,78.17,16-12-22,77.82,16-12-22,77.32,16-12-22,77.17,16-12-22,76.70,16-12-22,75.99,16-12-22,77.27,16-12-22,75.57,16-12-22,75.43,16-12-22,75.33
15-12-22,81.48,15-12-22,81.61,15-12-22,81.27,15-12-22,81.02,15-12-22,80.69,15-12-22,80.38,15-12-22,80.02,15-12-22,79.64,15-12-22,79.25,15-12-22,78.89,15-12-22,78.46,15-12-22,78.06,15-12-22,77.68,15-12-22,77.34,15-12-22,77.22,15-12-22,76.66,15-12-22,76.37
14-12-22,82.81,14-12-22,82.83,14-12-22,82.56,14-12-22,82.33,14-12-22,82.03,14-12-22,81.76,14-12-22,81.43,14-12-22,81.04,14-12-22,80.63,14-12-22,80.28,14-12-22,79.83,14-12-22,79.52,14-12-22,79.33,14-12-22,78.78,14-12-22,78.42,14-12-22,78.09,14-12-22,77.66
13-12-22,80.41,13-12-22,80.59,13-12-22,80.53,13-12-22,80.44,13-12-22,80.25,13-12-22,80.05,13-12-22,79.77,13-12-22,79.44,13-12-22,79.11,13-12-22,79.02,13-12-22,78.39,13-12-22,78.25,13-12-22,77.83,13-12-22,77.41,13-12-22,77.14,13-12-22,77.00,13-12-22,76.59
12-12-22,78.07,12-12-22,78.38,12-12-22,78.51,12-12-22,78.55,12-12-22,78.49,12-12-22,78.43,12-12-22,78.25,12-12-22,78.03,12-12-22,77.78,12-12-22,77.72,12-12-22,77.25,12-12-22,77.20,12-12-22,76.97,12-12-22,76.72,12-12-22,76.51,12-12-22,76.28,12-12-22,75.80
09-12-22,76.68,09-12-22,77.09,09-12-22,77.34,09-12-22,77.47,09-12-22,77.43,09-12-22,77.34,09-12-22,77.21,09-12-22,77.04,09-12-22,76.83,09-12-22,76.53,09-12-22,76.37,09-12-22,75.92,09-12-22,75.71,09-12-22,75.70,09-12-22,75.31,09-12-22,75.34,09-12-22,75.16
08-12-22,76.50,08-12-22,76.93,08-12-22,77.15,08-12-22,77.29,08-12-22,77.26,08-12-22,77.16,08-12-22,77.01,08-12-22,76.81,08-12-22,76.58,08-12-22,76.24,08-12-22,76.06,08-12-22,75.81,08-12-22,75.59,08-12-22,75.34,08-12-22,75.13,08-12-22,74.94,08-12-22,74.73
07-12-22,77.38,07-12-22,77.81,07-12-22,78.04,07-12-22,78.19,07-12-22,78.13,07-12-22,78.01,07-12-22,77.82,07-12-22,77.59,07-12-22,77.34,07-12-22,77.24,07-12-22,76.84,07-12-22,76.93,07-12-22,76.48,07-12-22,76.41,07-12-22,76.16,07-12-22,75.71,07-12-22,75.33
06-12-22,79.75,06-12-22,80.03,06-12-22,80.17,06-12-22,80.22,06-12-22,80.13,06-12-22,79.96,06-12-22,79.72,06-12-22,79.44,06-12-22,79.14,06-12-22,78.29,06-12-22,78.62,06-12-22,78.26,06-12-22,77.98,06-12-22,77.68,06-12-22,77.44,06-12-22,77.18,06-12-22,76.98
05-12-22,83.05,05-12-22,83.05,05-12-22,83.02,05-12-22,82.97,05-12-22,82.80,05-12-22,82.59,05-12-22,82.33,05-12-22,82.05,05-12-22,81.76,05-12-22,81.42,05-12-22,81.17,05-12-22,80.59,05-12-22,80.45,05-12-22,80.11,05-12-22,79.82,05-12-22,79.54,05-12-22,79.35
02-12-22,85.47,02-12-22,85.45,02-12-22,85.29,02-12-22,85.43,02-12-22,85.11,02-12-22,84.78,02-12-22,84.41,02-12-22,84.03,02-12-22,83.66,02-12-22,83.37,02-12-22,82.94,02-12-22,82.42,02-12-22,82.28,02-12-22,81.80,02-12-22,81.45,02-12-22,81.14,02-12-22,80.73
01-12-22,87.26,01-12-22,87.12,01-12-22,86.87,01-12-22,86.57,01-12-22,86.13,01-12-22,85.70,01-12-22,85.28,01-12-22,84.86,01-12-22,84.42,01-12-22,83.85,01-12-22,83.52,01-12-22,83.08,01-12-22,82.40,01-12-22,82.21,01-12-22,81.84,01-12-22,81.33,01-12-22,81.06
30-11-22,86.71,30-11-22,86.76,30-11-22,86.64,30-11-22,86.40,30-11-22,85.99,30-11-22,85.57,30-11-22,85.14,30-11-22,84.70,30-11-22,84.81,30-11-22,84.44,30-11-22,83.34,30-11-22,83.47,30-11-22,83.03,30-11-22,82.56,30-11-22,82.28,30-11-22,81.92,30-11-22,80.78
29-11-22,83.72,29-11-22,84.97,29-11-22,84.90,29-11-22,84.73,29-11-22,84.47,29-11-22,84.08,29-11-22,83.68,29-11-22,83.27,29-11-22,82.85,29-11-22,81.53,29-11-22,81.70,29-11-22,81.58,29-11-22,80.86,29-11-22,80.44,29-11-22,80.11,29-11-22,79.76,29-11-22,79.46
28-11-22,82.52,28-11-22,83.29,28-11-22,83.20,28-11-22,82.97,28-11-22,82.66,28-11-22,82.26,28-11-22,81.86,28-11-22,81.47,28-11-22,81.08,28-11-22,81.09,28-11-22,80.28,28-11-22,79.91,28-11-22,79.68,28-11-22,78.59,28-11-22,80.90,28-11-22,81.32,28-11-22,78.19
25-11-22,83.97,25-11-22,83.98,25-11-22,83.78,25-11-22,83.50,25-11-22,83.16,25-11-22,82.75,25-11-22,82.33,25-11-22,81.91,25-11-22,81.48,25-11-22,81.02,25-11-22,80.55,25-11-22,80.24,25-11-22,79.90,25-11-22,79.41,25-11-22,78.93,25-11-22,78.86,25-11-22,78.31
24-11-22,85.11,24-11-22,85.05,24-11-22,84.94,24-11-22,84.72,24-11-22,84.41,24-11-22,83.97,24-11-22,83.56,24-11-22,83.10,24-11-22,82.60,24-11-22,81.50,24-11-22,81.06,24-11-22,81.19,24-11-22,80.16,24-11-22,79.50,24-11-22,79.32,24-11-22,78.78,24-11-22,78.70
23-11-22,84.66,23-11-22,84.55,23-11-22,84.28,23-11-22,84.01,23-11-22,83.67,23-11-22,83.22,23-11-22,82.82,23-11-22,82.36,23-11-22,81.90,23-11-22,81.50,23-11-22,81.06,23-11-22,80.51,23-11-22,80.16,23-11-22,79.50,23-11-22,79.32,23-11-22,78.78,23-11-22,78.70
22-11-22,88.38,22-11-22,87.72,22-11-22,87.22,22-11-22,86.69,22-11-22,86.10,22-11-22,85.45,22-11-22,84.87,22-11-22,84.29,22-11-22,83.73,22-11-22,83.24,22-11-22,82.66,22-11-22,82.11,22-11-22,81.69,22-11-22,81.15,22-11-22,80.72,22-11-22,80.32,22-11-22,79.95
21-11-22,87.80,21-11-22,87.38,21-11-22,86.96,21-11-22,86.47,21-11-22,85.92,21-11-22,85.32,21-11-22,84.76,21-11-22,84.21,21-11-22,83.66,21-11-22,83.03,21-11-22,82.48,21-11-22,82.16,21-11-22,81.49,21-11-22,81.01,21-11-22,80.58,21-11-22,80.22,21-11-22,79.88
18-11-22,87.77,18-11-22,87.34,18-11-22,86.78,18-11-22,86.15,18-11-22,85.49,18-11-22,84.79,18-11-22,84.17,18-11-22,83.58,18-11-22,82.99,18-11-22,82.47,18-11-22,81.91,18-11-22,81.34,18-11-22,81.12,18-11-22,80.41,18-11-22,80.00,18-11-22,79.83,18-11-22,79.26
17-11-22,90.04,17-11-22,89.18,17-11-22,88.42,17-11-22,87.64,17-11-22,86.87,17-11-22,86.08,17-11-22,85.39,17-11-22,84.72,17-11-22,84.06,17-11-22,83.58,17-11-22,82.83,17-11-22,82.34,17-11-22,81.81,17-11-22,81.25,17-11-22,80.78,17-11-22,80.38,17-11-22,79.99
16-11-22,92.86,16-11-22,91.76,16-11-22,90.69,16-11-22,89.66,16-11-22,88.70,16-11-22,87.68,16-11-22,86.87,16-11-22,86.10,16-11-22,85.44,16-11-22,84.42,16-11-22,83.81,16-11-22,83.45,16-11-22,82.63,16-11-22,82.02,16-11-22,81.47,16-11-22,80.97,16-11-22,80.59
15-11-22,93.77,15-11-22,92.67,15-11-22,91.67,15-11-22,90.69,15-11-22,89.78,15-11-22,88.88,15-11-22,88.09,15-11-22,87.34,15-11-22,86.61,15-11-22,85.82,15-11-22,85.20,15-11-22,84.75,15-11-22,83.93,15-11-22,83.52,15-11-22,82.95,15-11-22,82.29,15-11-22,81.97
14-11-22,92.51,14-11-22,91.22,14-11-22,90.07,14-11-22,89.00,14-11-22,88.04,14-11-22,87.17,14-11-22,86.40,14-11-22,85.66,14-11-22,84.93,14-11-22,84.21,14-11-22,83.71,14-11-22,83.15,14-11-22,82.49,14-11-22,82.10,14-11-22,81.53,14-11-22,81.08,14-11-22,80.66
11-11-22,95.77,11-11-22,94.18,11-11-22,92.76,11-11-22,91.47,11-11-22,90.32,11-11-22,89.27,11-11-22,88.33,11-11-22,87.45,11-11-22,86.61,11-11-22,86.46,11-11-22,85.30,11-11-22,84.55,11-11-22,84.03,11-11-22,83.36,11-11-22,82.75,11-11-22,82.41,11-11-22,81.69
10-11-22,93.37,10-11-22,91.82,10-11-22,90.45,10-11-22,89.16,10-11-22,88.03,10-11-22,87.01,10-11-22,86.12,10-11-22,85.28,10-11-22,84.48,10-11-22,83.80,10-11-22,83.14,10-11-22,82.49,10-11-22,81.96,10-11-22,81.33,10-11-22,80.75,10-11-22,80.24,10-11-22,79.77
09-11-22,92.46,09-11-22,91.02,09-11-22,89.74,09-11-22,88.56,09-11-22,87.50,09-11-22,86.54,09-11-22,85.71,09-11-22,84.94,09-11-22,84.20,09-11-22,83.47,09-11-22,82.87,09-11-22,82.38,09-11-22,80.15,09-11-22,81.20,09-11-22,80.67,09-11-22,80.18,09-11-22,79.79
08-11-22,95.05,08-11-22,93.66,08-11-22,92.32,08-11-22,91.11,08-11-22,89.98,08-11-22,88.98,08-11-22,88.09,08-11-22,87.27,08-11-22,86.49,08-11-22,85.95,08-11-22,85.34,08-11-22,84.55,08-11-22,84.11,08-11-22,83.47,08-11-22,82.87,08-11-22,82.37,08-11-22,81.94
07-11-22,97.94,07-11-22,96.40,07-11-22,94.91,07-11-22,93.55,07-11-22,92.34,07-11-22,91.21,07-11-22,90.23,07-11-22,89.32,07-11-22,88.47,07-11-22,87.72,07-11-22,87.04,07-11-22,86.42,07-11-22,85.78,07-11-22,85.11,07-11-22,84.47,07-11-22,83.94,07-11-22,83.53
04-11-22,98.73,04-11-22,97.06,04-11-22,95.48,04-11-22,94.05,04-11-22,92.80,04-11-22,91.65,04-11-22,90.66,04-11-22,89.75,04-11-22,88.90,04-11-22,88.05,04-11-22,87.34,04-11-22,86.81,04-11-22,86.09,04-11-22,85.45,04-11-22,84.78,04-11-22,84.23,04-11-22,80.34
03-11-22,94.55,03-11-22,92.91,03-11-22,91.40,03-11-22,90.09,03-11-22,88.97,03-11-22,87.96,03-11-22,87.10,03-11-22,86.32,03-11-22,85.58,03-11-22,84.94,03-11-22,84.36,03-11-22,83.84,03-11-22,83.31,03-11-22,83.20,03-11-22,82.19,03-11-22,81.71,03-11-22,80.34
02-11-22,95.64,02-11-22,93.88,02-11-22,92.30,02-11-22,90.92,02-11-22,89.75,02-11-22,88.70,02-11-22,87.83,02-11-22,87.05,02-11-22,86.32,02-11-22,85.68,02-11-22,85.10,02-11-22,84.56,02-11-22,83.84,02-11-22,83.45,02-11-22,82.87,02-11-22,82.39,02-11-22,80.34
01-11-22,94.73,01-11-22,92.86,01-11-22,91.22,01-11-22,89.80,01-11-22,88.59,01-11-22,87.51,01-11-22,86.62,01-11-22,85.83,01-11-22,85.13,01-11-22,84.40,01-11-22,83.78,01-11-22,83.37,01-11-22,82.75,01-11-22,82.18,01-11-22,81.61,01-11-22,81.13,01-11-22,80.34
31-10-22,94.80,31-10-22,92.79,31-10-22,91.02,31-10-22,89.47,31-10-22,88.13,31-10-22,87.03,31-10-22,86.05,31-10-22,85.24,31-10-22,84.52,31-10-22,83.70,31-10-22,83.16,31-10-22,82.77,31-10-22,82.28,31-10-22,81.78,31-10-22,81.27,31-10-22,80.75,31-10-22,80.34
30-10-22,96.23,30-10-22,94.16,30-10-22,92.24,30-10-22,90.62,30-10-22,89.20,30-10-22,88.03,30-10-22,87.02,30-10-22,86.18,30-10-22,85.44,30-10-22,84.82,30-10-22,84.16,30-10-22,83.43,30-10-22,83.06,30-10-22,82.61,30-10-22,81.85,30-10-22,81.33,30-10-22,80.84
28-10-22,96.15,28-10-22,94.08,28-10-22,92.15,28-10-22,90.52,28-10-22,89.11,28-10-22,87.96,28-10-22,86.94,28-10-22,86.11,28-10-22,85.35,28-10-22,84.82,28-10-22,84.16,28-10-22,83.43,28-10-22,82.85,28-10-22,82.61,28-10-22,81.85,28-10-22,81.33,28-10-22,80.84
27-10-22,96.68,27-10-22,94.70,27-10-22,92.91,27-10-22,91.32,27-10-22,89.93,27-10-22,88.77,27-10-22,87.75,27-10-22,86.90,27-10-22,86.13,27-10-22,85.24,27-10-22,84.60,27-10-22,84.03,27-10-22,83.61,27-10-22,82.95,27-10-22,82.38,27-10-22,81.79,27-10-22,81.33
26-10-22,96.06,26-10-22,94.16,26-10-22,92.48,26-10-22,91.00,26-10-22,89.67,26-10-22,88.55,26-10-22,87.55,26-10-22,86.72,26-10-22,85.95,26-10-22,84.84,26-10-22,84.46,26-10-22,83.86,26-10-22,83.38,26-10-22,82.60,26-10-22,82.20,26-10-22,81.62,26-10-22,81.14
25-10-22,93.12,25-10-22,91.36,25-10-22,89.78,25-10-22,88.39,25-10-22,87.19,25-10-22,86.19,25-10-22,85.31,25-10-22,84.56,25-10-22,83.86,25-10-22,82.94,25-10-22,82.31,25-10-22,81.80,25-10-22,81.53,25-10-22,80.76,25-10-22,80.22,25-10-22,79.71,25-10-22,79.23
24-10-22,93.46,24-10-22,91.45,24-10-22,89.66,24-10-22,88.15,24-10-22,86.86,24-10-22,85.81,24-10-22,84.87,24-10-22,84.09,24-10-22,83.37,24-10-22,82.74,24-10-22,82.12,24-10-22,81.55,24-10-22,81.05,24-10-22,80.52,24-10-22,79.96,24-10-22,79.42,24-10-22,78.96
23-10-22,93.76,23-10-22,91.60,23-10-22,89.69,23-10-22,88.09,23-10-22,86.75,23-10-22,85.67,23-10-22,84.73,23-10-22,83.96,23-10-22,83.25,23-10-22,82.34,23-10-22,81.73,23-10-22,81.23,23-10-22,80.96,23-10-22,80.21,23-10-22,79.69,23-10-22,79.19,23-10-22,78.75
21-10-22,93.26,21-10-22,91.22,21-10-22,89.18,21-10-22,87.56,21-10-22,86.20,21-10-22,85.13,21-10-22,84.18,21-10-22,83.42,21-10-22,82.71,21-10-22,82.34,21-10-22,81.73,21-10-22,81.23,21-10-22,80.60,21-10-22,80.21,21-10-22,79.69,21-10-22,79.19,21-10-22,78.75
20-10-22,92.63,20-10-22,90.72,20-10-22,88.86,20-10-22,87.31,20-10-22,86.02,20-10-22,84.99,20-10-22,84.09,20-10-22,83.36,20-10-22,82.69,20-10-22,82.11,20-10-22,81.55,20-10-22,81.05,20-10-22,80.55,20-10-22,80.15,20-10-22,79.66,20-10-22,79.20,20-10-22,78.76
19-10-22,92.58,19-10-22,90.73,19-10-22,89.02,19-10-22,87.59,19-10-22,86.38,19-10-22,85.38,19-10-22,84.49,19-10-22,83.78,19-10-22,83.12,19-10-22,82.16,19-10-22,81.79,19-10-22,81.26,19-10-22,81.06,19-10-22,80.38,19-10-22,79.88,19-10-22,79.38,19-10-22,79.01
18-10-22,90.61,18-10-22,89.13,18-10-22,87.59,18-10-22,86.27,18-10-22,85.15,18-10-22,84.25,18-10-22,83.44,18-10-22,82.79,18-10-22,82.19,18-10-22,81.52,18-10-22,80.98,18-10-22,80.43,18-10-22,80.22,18-10-22,79.47,18-10-22,78.98,18-10-22,78.50,18-10-22,78.08
17-10-22,91.95,17-10-22,90.51,17-10-22,88.90,17-10-22,87.49,17-10-22,86.26,17-10-22,85.22,17-10-22,84.28,17-10-22,83.50,17-10-22,82.77,17-10-22,81.97,17-10-22,81.43,17-10-22,80.85,17-10-22,80.49,17-10-22,79.84,17-10-22,79.30,17-10-22,78.81,17-10-22,78.31
16-10-22,92.33,16-10-22,90.81,16-10-22,89.09,16-10-22,87.58,16-10-22,86.28,16-10-22,85.19,16-10-22,84.19,16-10-22,83.32,16-10-22,82.56,16-10-22,81.43,16-10-22,80.81,16-10-22,80.28,16-10-22,80.14,16-10-22,79.17,16-10-22,78.61,16-10-22,78.06,16-10-22,77.61
14-10-22,91.43,14-10-22,89.92,14-10-22,88.25,14-10-22,86.78,14-10-22,85.50,14-10-22,84.40,14-10-22,83.40,14-10-22,82.57,14-10-22,81.81,14-10-22,81.43,14-10-22,80.81,14-10-22,80.28,14-10-22,79.46,14-10-22,79.17,14-10-22,78.61,14-10-22,78.06,14-10-22,77.61
13-10-22,94.67,13-10-22,93.00,13-10-22,91.25,13-10-22,89.72,13-10-22,88.33,13-10-22,87.14,13-10-22,86.05,13-10-22,85.15,13-10-22,84.33,13-10-22,81.77,13-10-22,82.99,13-10-22,82.39,13-10-22,81.81,13-10-22,81.20,13-10-22,80.60,13-10-22,80.02,13-10-22,79.50
12-10-22,92.45,12-10-22,90.84,12-10-22,89.20,12-10-22,87.75,12-10-22,86.44,12-10-22,85.31,12-10-22,84.25,12-10-22,83.39,12-10-22,82.61,12-10-22,81.75,12-10-22,81.11,12-10-22,80.53,12-10-22,80.20,12-10-22,79.52,12-10-22,78.96,12-10-22,78.41,12-10-22,77.95
11-10-22,93.81,11-10-22,92.04,11-10-22,90.27,11-10-22,88.72,11-10-22,87.38,11-10-22,86.25,11-10-22,85.23,11-10-22,84.37,11-10-22,83.59,11-10-22,82.68,11-10-22,82.04,11-10-22,81.48,11-10-22,81.25,11-10-22,80.43,11-10-22,79.88,11-10-22,79.37,11-10-22,78.88
10-10-22,96.04,10-10-22,94.23,10-10-22,92.37,10-10-22,90.80,10-10-22,89.45,10-10-22,88.35,10-10-22,87.35,10-10-22,86.50,10-10-22,85.71,10-10-22,84.80,10-10-22,84.11,10-10-22,83.53,10-10-22,83.12,10-10-22,82.30,10-10-22,81.70,10-10-22,81.11,10-10-22,80.64
09-10-22,97.92,09-10-22,95.94,09-10-22,93.96,09-10-22,92.32,09-10-22,90.96,09-10-22,89.81,09-10-22,88.81,09-10-22,87.94,09-10-22,87.12,09-10-22,86.73,09-10-22,85.86,09-10-22,85.32,09-10-22,84.46,09-10-22,84.02,09-10-22,81.69,09-10-22,82.66,09-10-22,82.19
07-10-22,98.25,07-10-22,96.25,07-10-22,94.25,07-10-22,92.61,07-10-22,91.24,07-10-22,90.12,07-10-22,89.13,07-10-22,88.26,07-10-22,87.44,07-10-22,86.73,07-10-22,85.86,07-10-22,85.32,07-10-22,84.82,07-10-22,84.02,07-10-22,81.69,07-10-22,82.66,07-10-22,82.19
06-10-22,94.92,06-10-22,93.16,06-10-22,91.44,06-10-22,90.03,06-10-22,88.79,06-10-22,87.76,06-10-22,86.85,06-10-22,86.06,06-10-22,85.31,06-10-22,84.57,06-10-22,83.92,06-10-22,83.29,06-10-22,82.84,06-10-22,82.20,06-10-22,81.60,06-10-22,81.05,06-10-22,80.59
05-10-22,93.75,05-10-22,91.89,05-10-22,90.13,05-10-22,88.71,05-10-22,87.47,05-10-22,86.42,05-10-22,85.53,05-10-22,84.75,05-10-22,83.99,05-10-22,83.33,05-10-22,82.69,05-10-22,82.16,05-10-22,81.59,05-10-22,81.02,05-10-22,80.45,05-10-22,79.89,05-10-22,79.45
04-10-22,91.78,04-10-22,89.78,04-10-22,87.93,04-10-22,86.44,04-10-22,85.17,04-10-22,84.12,04-10-22,83.20,04-10-22,82.46,04-10-22,81.74,04-10-22,80.88,04-10-22,80.28,04-10-22,79.78,04-10-22,79.44,04-10-22,78.70,04-10-22,78.15,04-10-22,77.63,04-10-22,76.82
03-10-22,88.70,03-10-22,86.78,03-10-22,85.03,03-10-22,83.59,03-10-22,82.36,03-10-22,81.35,03-10-22,80.49,03-10-22,79.81,03-10-22,79.17,03-10-22,78.43,03-10-22,77.88,03-10-22,77.57,03-10-22,77.03,03-10-22,76.42,03-10-22,75.92,03-10-22,75.51,03-10-22,75.11
02-10-22,87.96,02-10-22,86.15,02-10-22,84.45,02-10-22,83.01,02-10-22,81.80,02-10-22,80.81,02-10-22,79.93,02-10-22,79.26,02-10-22,78.60,02-10-22,76.78,02-10-22,76.19,02-10-22,75.58,02-10-22,76.32,02-10-22,74.82,02-10-22,74.34,02-10-22,73.88,02-10-22,73.53
30-09-22,87.94,30-09-22,85.16,30-09-22,83.53,30-09-22,82.00,30-09-22,80.73,30-09-22,79.65,30-09-22,78.75,30-09-22,77.98,30-09-22,77.37,30-09-22,76.78,30-09-22,76.19,30-09-22,75.58,30-09-22,75.18,30-09-22,74.82,30-09-22,74.34,30-09-22,73.88,30-09-22,73.53
29-09-22,88.58,29-09-22,87.37,29-09-22,85.65,29-09-22,84.06,29-09-22,82.74,29-09-22,81.64,29-09-22,80.67,29-09-22,79.86,29-09-22,79.21,29-09-22,78.71,29-09-22,78.11,29-09-22,77.39,29-09-22,77.10,29-09-22,76.53,29-09-22,76.11,29-09-22,75.63,29-09-22,75.20
28-09-22,89.22,28-09-22,87.94,28-09-22,86.19,28-09-22,84.61,28-09-22,83.27,28-09-22,82.11,28-09-22,81.14,28-09-22,80.31,28-09-22,79.66,28-09-22,79.03,28-09-22,78.44,28-09-22,78.09,28-09-22,77.48,28-09-22,77.10,28-09-22,76.56,28-09-22,76.09,28-09-22,75.68
27-09-22,85.76,27-09-22,84.44,27-09-22,82.66,27-09-22,81.14,27-09-22,79.96,27-09-22,78.96,27-09-22,78.13,27-09-22,77.42,27-09-22,76.86,27-09-22,76.70,27-09-22,76.17,27-09-22,75.75,27-09-22,75.34,27-09-22,74.52,27-09-22,74.47,27-09-22,74.05,27-09-22,73.68
26-09-22,83.96,26-09-22,82.76,26-09-22,81.26,26-09-22,80.00,26-09-22,78.99,26-09-22,78.12,26-09-22,77.38,26-09-22,76.75,26-09-22,76.25,26-09-22,75.70,26-09-22,75.23,26-09-22,74.68,26-09-22,74.45,26-09-22,74.15,26-09-22,73.63,26-09-22,73.23,26-09-22,72.87
25-09-22,86.95,25-09-22,85.83,25-09-22,84.41,25-09-22,83.17,25-09-22,82.13,25-09-22,81.26,25-09-22,80.50,25-09-22,79.84,25-09-22,79.28,25-09-22,78.18,25-09-22,77.68,25-09-22,77.17,25-09-22,76.47,25-09-22,76.78,25-09-22,75.82,25-09-22,75.35,25-09-22,75.41
23-09-22,86.69,23-09-22,85.55,23-09-22,84.14,23-09-22,82.90,23-09-22,81.84,23-09-22,81.02,23-09-22,80.25,23-09-22,79.56,23-09-22,79.01,23-09-22,78.18,23-09-22,77.68,23-09-22,77.17,23-09-22,76.47,23-09-22,76.58,23-09-22,75.82,23-09-22,75.35,23-09-22,75.41
22-09-22,90.33,22-09-22,89.39,22-09-22,87.98,22-09-22,86.63,22-09-22,85.44,22-09-22,84.43,22-09-22,83.59,22-09-22,82.85,22-09-22,82.23,22-09-22,81.61,22-09-22,80.99,22-09-22,80.44,22-09-22,79.93,22-09-22,79.41,22-09-22,78.86,22-09-22,78.32,22-09-22,76.57
21-09-22,90.04,21-09-22,89.00,21-09-22,87.48,21-09-22,86.07,21-09-22,84.85,21-09-22,83.81,21-09-22,82.94,21-09-22,82.22,21-09-22,81.62,21-09-22,80.85,21-09-22,80.25,21-09-22,79.69,21-09-22,79.24,21-09-22,78.89,21-09-22,78.15,21-09-22,77.61,21-09-22,76.32
20-09-22,90.90,20-09-22,89.74,20-09-22,88.23,20-09-22,86.82,20-09-22,85.59,20-09-22,84.56,20-09-22,83.69,20-09-22,82.97,20-09-22,82.37,20-09-22,81.80,20-09-22,81.22,20-09-22,79.36,20-09-22,80.18,20-09-22,79.64,20-09-22,79.14,20-09-22,78.61,20-09-22,76.69
19-09-22,91.65,19-09-22,90.32,19-09-22,88.79,19-09-22,87.36,19-09-22,86.15,19-09-22,85.06,19-09-22,84.21,19-09-22,83.48,19-09-22,82.88,19-09-22,82.53,19-09-22,81.96,19-09-22,81.44,19-09-22,81.01,19-09-22,80.33,19-09-22,79.99,19-09-22,79.50,19-09-22,77.97
18-09-22,91.96,18-09-22,90.58,18-09-22,89.05,18-09-22,87.66,18-09-22,86.44,18-09-22,85.36,18-09-22,84.52,18-09-22,83.78,18-09-22,83.19,18-09-22,82.25,18-09-22,81.70,18-09-22,81.19,18-09-22,80.79,18-09-22,80.64,18-09-22,79.83,18-09-22,79.35,18-09-22,77.92
16-09-22,91.66,16-09-22,90.31,16-09-22,88.74,16-09-22,87.34,16-09-22,86.14,16-09-22,85.09,16-09-22,84.23,16-09-22,83.52,16-09-22,82.94,16-09-22,82.25,16-09-22,81.70,16-09-22,81.19,16-09-22,80.79,16-09-22,80.39,16-09-22,79.83,16-09-22,79.35,16-09-22,77.92
15-09-22,90.78,15-09-22,89.59,15-09-22,88.15,15-09-22,86.88,15-09-22,85.78,15-09-22,84.77,15-09-22,84.00,15-09-22,83.37,15-09-22,82.84,15-09-22,85.69,15-09-22,84.62,15-09-22,81.27,15-09-22,80.86,15-09-22,80.49,15-09-22,79.93,15-09-22,79.47,15-09-22,81.13
14-09-22,94.58,14-09-22,93.61,14-09-22,92.17,14-09-22,90.88,14-09-22,89.75,14-09-22,88.78,14-09-22,87.96,14-09-22,87.23,14-09-22,86.65,14-09-22,86.56,14-09-22,85.96,14-09-22,84.91,14-09-22,84.41,14-09-22,83.87,14-09-22,83.35,14-09-22,82.83,14-09-22,78.99
13-09-22,93.53,13-09-22,92.56,13-09-22,91.16,13-09-22,90.04,13-09-22,89.04,13-09-22,88.16,13-09-22,87.39,13-09-22,86.66,13-09-22,86.08,13-09-22,85.29,13-09-22,75.16,13-09-22,84.00,13-09-22,83.72,13-09-22,83.31,13-09-22,82.70,13-09-22,82.20,13-09-22,78.75
12-09-22,94.27,12-09-22,93.17,12-09-22,91.90,12-09-22,90.81,12-09-22,89.83,12-09-22,88.91,12-09-22,88.08,12-09-22,87.31,12-09-22,86.67,12-09-22,85.25,12-09-22,85.36,12-09-22,84.77,12-09-22,84.18,12-09-22,83.67,12-09-22,83.08,12-09-22,82.51,12-09-22,77.81
11-09-22,92.46,11-09-22,91.36,11-09-22,90.07,11-09-22,88.98,11-09-22,88.00,11-09-22,87.12,11-09-22,86.35,11-09-22,85.64,11-09-22,85.05,11-09-22,84.28,11-09-22,83.69,11-09-22,83.12,11-09-22,82.64,11-09-22,82.25,11-09-22,81.55,11-09-22,81.01,11-09-22,77.27
09-09-22,92.26,09-09-22,91.15,09-09-22,89.86,09-09-22,88.78,09-09-22,87.83,09-09-22,86.95,09-09-22,86.17,09-09-22,85.45,09-09-22,84.84,09-09-22,84.28,09-09-22,83.69,09-09-22,83.12,09-09-22,82.64,09-09-22,82.09,09-09-22,81.55,09-09-22,81.01,09-09-22,77.27
08-09-22,88.49,08-09-22,87.56,08-09-22,86.48,08-09-22,85.49,08-09-22,84.61,08-09-22,83.81,08-09-22,83.09,08-09-22,82.44,08-09-22,81.88,08-09-22,81.45,08-09-22,80.15,08-09-22,80.40,08-09-22,79.92,08-09-22,79.31,08-09-22,78.92,08-09-22,78.41,08-09-22,76.29
07-09-22,87.73,07-09-22,86.87,07-09-22,85.97,07-09-22,85.09,07-09-22,84.24,07-09-22,83.49,07-09-22,82.82,07-09-22,82.20,07-09-22,81.66,07-09-22,81.27,07-09-22,80.81,07-09-22,80.08,07-09-22,79.72,07-09-22,79.13,07-09-22,78.64,07-09-22,78.14,07-09-22,76.20
06-09-22,92.88,06-09-22,91.96,06-09-22,90.92,06-09-22,89.90,06-09-22,88.90,06-09-22,88.00,06-09-22,87.20,06-09-22,86.45,06-09-22,85.81,06-09-22,85.80,06-09-22,83.99,06-09-22,84.47,06-09-22,84.17,06-09-22,82.61,06-09-22,82.33,06-09-22,82.07,06-09-22,77.39
05-09-22,95.20,05-09-22,93.92,05-09-22,92.63,05-09-22,91.36,05-09-22,90.22,05-09-22,89.25,05-09-22,88.38,05-09-22,87.57,05-09-22,86.86,05-09-22,86.00,05-09-22,85.80,05-09-22,83.73,05-09-22,83.53,05-09-22,83.43,05-09-22,82.04,05-09-22,81.46,05-09-22,77.42
04-09-22,94.54,04-09-22,93.17,04-09-22,91.88,04-09-22,90.61,04-09-22,89.49,04-09-22,88.56,04-09-22,87.76,04-09-22,86.99,04-09-22,86.33,04-09-22,84.95,04-09-22,108.72,04-09-22,83.73,04-09-22,83.53,04-09-22,83.16,04-09-22,82.04,04-09-22,81.46,04-09-22,77.42
02-09-22,93.05,02-09-22,91.84,02-09-22,90.67,02-09-22,89.58,02-09-22,88.57,02-09-22,87.72,02-09-22,86.97,02-09-22,86.26,02-09-22,85.57,02-09-22,84.95,02-09-22,108.72,02-09-22,83.73,02-09-22,83.53,02-09-22,82.90,02-09-22,82.04,02-09-22,81.46,02-09-22,77.42
01-09-22,92.23,01-09-22,91.06,01-09-22,89.97,01-09-22,88.91,01-09-22,87.94,01-09-22,87.11,01-09-22,86.37,01-09-22,85.67,01-09-22,85.07,01-09-22,84.28,01-09-22,107.30,01-09-22,83.12,01-09-22,82.62,01-09-22,82.24,01-09-22,81.52,01-09-22,80.94,01-09-22,77.23
31-08-22,96.46,31-08-22,95.65,31-08-22,94.22,31-08-22,92.94,31-08-22,91.75,31-08-22,90.78,31-08-22,89.94,31-08-22,89.21,31-08-22,88.51,31-08-22,87.99,31-08-22,87.22,31-08-22,86.72,31-08-22,86.27,31-08-22,85.51,31-08-22,84.97,31-08-22,84.34,31-08-22,83.77
30-08-22,99.98,30-08-22,98.55,30-08-22,97.12,30-08-22,95.70,30-08-22,94.31,30-08-22,93.10,30-08-22,92.05,30-08-22,91.14,30-08-22,90.25,30-08-22,89.32,30-08-22,88.90,30-08-22,81.02,30-08-22,87.59,30-08-22,86.92,30-08-22,86.29,30-08-22,85.66,30-08-22,85.03
29-08-22,105.11,29-08-22,102.95,29-08-22,100.95,29-08-22,99.08,29-08-22,97.41,29-08-22,96.01,29-08-22,94.81,29-08-22,93.77,29-08-22,92.82,29-08-22,91.54,29-08-22,91.00,29-08-22,80.74,29-08-22,89.45,29-08-22,89.02,29-08-22,88.55,29-08-22,87.58,29-08-22,86.90
28-08-22,100.65,28-08-22,98.89,28-08-22,97.26,28-08-22,95.82,28-08-22,94.49,28-08-22,93.33,28-08-22,92.29,28-08-22,91.39,28-08-22,90.56,28-08-22,89.72,28-08-22,89.05,28-08-22,81.03,28-08-22,87.88,28-08-22,87.31,28-08-22,86.83,28-08-22,86.08,28-08-22,85.47
26-08-22,100.75,26-08-22,98.87,26-08-22,97.08,26-08-22,95.59,26-08-22,94.23,26-08-22,93.04,26-08-22,92.00,26-08-22,91.10,26-08-22,90.29,26-08-22,89.72,26-08-22,89.05,26-08-22,81.03,26-08-22,87.88,26-08-22,87.31,26-08-22,86.67,26-08-22,86.08,26-08-22,85.47
25-08-22,99.94,25-08-22,99.06,25-08-22,97.81,25-08-22,96.56,25-08-22,95.32,25-08-22,94.20,25-08-22,93.21,25-08-22,92.32,25-08-22,91.52,25-08-22,90.42,25-08-22,89.96,25-08-22,81.07,25-08-22,88.55,25-08-22,87.98,25-08-22,87.76,25-08-22,86.68,25-08-22,86.05
24-08-22,101.74,24-08-22,100.80,24-08-22,99.56,24-08-22,98.32,24-08-22,97.06,24-08-22,95.90,24-08-22,94.86,24-08-22,93.92,24-08-22,93.04,24-08-22,92.22,24-08-22,91.50,24-08-22,81.18,24-08-22,90.19,24-08-22,89.53,24-08-22,88.90,24-08-22,88.09,24-08-22,87.38
23-08-22,100.16,23-08-22,99.12,23-08-22,97.95,23-08-22,96.81,23-08-22,95.72,23-08-22,94.69,23-08-22,93.81,23-08-22,93.02,23-08-22,92.27,23-08-22,91.77,23-08-22,91.07,23-08-22,81.14,23-08-22,89.93,23-08-22,89.10,23-08-22,88.50,23-08-22,87.77,23-08-22,87.12
22-08-22,96.63,22-08-22,95.94,22-08-22,95.04,22-08-22,94.15,22-08-22,93.29,22-08-22,92.47,22-08-22,91.71,22-08-22,91.03,22-08-22,90.39,22-08-22,89.73,22-08-22,89.16,22-08-22,81.04,22-08-22,88.16,22-08-22,87.65,22-08-22,87.21,22-08-22,86.41,22-08-22,85.83
21-08-22,95.69,21-08-22,95.12,21-08-22,94.24,21-08-22,93.33,21-08-22,92.45,21-08-22,91.63,21-08-22,90.90,21-08-22,90.24,21-08-22,89.60,21-08-22,89.23,21-08-22,88.67,21-08-22,81.01,21-08-22,87.67,21-08-22,87.15,21-08-22,86.44,21-08-22,85.95,21-08-22,85.36
19-08-22,95.91,19-08-22,95.35,19-08-22,94.50,19-08-22,93.57,19-08-22,92.71,19-08-22,91.91,19-08-22,91.17,19-08-22,90.33,19-08-22,89.84,19-08-22,89.23,19-08-22,88.67,19-08-22,81.01,19-08-22,87.67,19-08-22,87.15,19-08-22,86.47,19-08-22,85.95,19-08-22,85.36
18-08-22,96.55,18-08-22,95.75,18-08-22,94.66,18-08-22,93.61,18-08-22,92.67,18-08-22,91.85,18-08-22,91.04,18-08-22,90.34,18-08-22,89.63,18-08-22,89.06,18-08-22,88.52,18-08-22,81.00,18-08-22,87.55,18-08-22,87.05,18-08-22,86.48,18-08-22,85.04,18-08-22,84.57
17-08-22,93.00,17-08-22,92.43,17-08-22,91.74,17-08-22,91.00,17-08-22,90.25,17-08-22,89.53,17-08-22,88.86,17-08-22,88.28,17-08-22,87.73,17-08-22,87.67,17-08-22,87.23,17-08-22,80.93,17-08-22,86.44,17-08-22,86.00,17-08-22,85.29,17-08-22,85.04,17-08-22,84.57
16-08-22,92.70,16-08-22,92.12,16-08-22,91.45,16-08-22,90.73,16-08-22,90.05,16-08-22,89.40,16-08-22,88.81,16-08-22,88.31,16-08-22,87.81,16-08-22,87.20,16-08-22,86.80,16-08-22,85.99,16-08-22,86.06,16-08-22,85.66,16-08-22,85.35,16-08-22,84.75,16-08-22,84.26
15-08-22,93.54,15-08-22,92.82,15-08-22,92.05,15-08-22,91.23,15-08-22,90.56,15-08-22,89.88,15-08-22,89.25,15-08-22,88.70,15-08-22,88.16,15-08-22,87.11,15-08-22,86.75,15-08-22,80.91,15-08-22,85.88,15-08-22,85.79,15-08-22,85.59,15-08-22,84.75,15-08-22,84.26
14-08-22,97.59,14-08-22,96.35,14-08-22,95.22,14-08-22,94.18,14-08-22,93.28,14-08-22,92.47,14-08-22,91.72,14-08-22,91.06,14-08-22,90.44,14-08-22,90.14,14-08-22,89.59,14-08-22,81.07,14-08-22,88.62,14-08-22,88.15,14-08-22,87.44,14-08-22,87.03,14-08-22,86.50
12-08-22,98.15,12-08-22,96.97,12-08-22,95.83,12-08-22,94.79,12-08-22,93.90,12-08-22,93.04,12-08-22,92.22,12-08-22,91.53,12-08-22,90.88,12-08-22,90.14,12-08-22,89.59,12-08-22,81.07,12-08-22,88.62,12-08-22,88.15,12-08-22,87.83,12-08-22,87.03,12-08-22,86.50
11-08-22,99.34,11-08-22,98.08,11-08-22,96.92,11-08-22,95.83,11-08-22,94.90,11-08-22,94.06,11-08-22,93.27,11-08-22,92.57,11-08-22,91.88,11-08-22,91.29,11-08-22,90.69,11-08-22,80.74,11-08-22,89.41,11-08-22,89.09,11-08-22,88.50,11-08-22,87.84,11-08-22,87.25
10-08-22,97.07,10-08-22,95.95,10-08-22,94.90,10-08-22,93.89,10-08-22,93.07,10-08-22,92.34,10-08-22,91.59,10-08-22,90.99,10-08-22,90.39,10-08-22,89.91,10-08-22,89.41,10-08-22,81.06,10-08-22,88.53,10-08-22,88.03,10-08-22,87.50,10-08-22,86.97,10-08-22,86.45
09-08-22,96.54,09-08-22,95.08,09-08-22,93.86,09-08-22,92.80,09-08-22,91.99,09-08-22,91.27,09-08-22,90.59,09-08-22,89.98,09-08-22,89.39,09-08-22,88.67,09-08-22,88.17,09-08-22,80.98,09-08-22,87.27,09-08-22,86.78,09-08-22,86.46,09-08-22,85.70,09-08-22,85.19
08-08-22,96.63,08-08-22,95.10,08-08-22,93.92,08-08-22,92.87,08-08-22,92.06,08-08-22,91.33,08-08-22,90.65,08-08-22,90.05,08-08-22,89.48,08-08-22,89.03,08-08-22,88.06,08-08-22,80.04,08-08-22,87.14,08-08-22,86.65,08-08-22,86.53,08-08-22,87.80,08-08-22,87.25
07-08-22,94.00,07-08-22,92.31,07-08-22,91.09,07-08-22,89.99,07-08-22,89.16,07-08-22,88.45,07-08-22,87.82,07-08-22,87.24,07-08-22,86.66,07-08-22,86.29,07-08-22,85.79,07-08-22,79.90,07-08-22,84.92,07-08-22,84.45,07-08-22,83.83,07-08-22,87.80,07-08-22,87.25
05-08-22,94.46,05-08-22,92.68,05-08-22,91.46,05-08-22,90.34,05-08-22,89.49,05-08-22,88.77,05-08-22,88.10,05-08-22,87.58,05-08-22,86.89,05-08-22,86.29,05-08-22,85.79,05-08-22,79.90,05-08-22,84.92,05-08-22,84.45,05-08-22,84.13,05-08-22,87.80,05-08-22,87.25
04-08-22,93.61,04-08-22,91.93,04-08-22,90.75,04-08-22,89.69,04-08-22,88.89,04-08-22,88.21,04-08-22,87.58,04-08-22,87.00,04-08-22,86.43,04-08-22,85.92,04-08-22,85.44,04-08-22,79.88,04-08-22,84.61,04-08-22,84.19,04-08-22,83.81,04-08-22,87.80,04-08-22,87.25
03-08-22,97.06,03-08-22,95.43,03-08-22,94.26,03-08-22,93.21,03-08-22,92.39,03-08-22,91.69,03-08-22,91.03,03-08-22,90.42,03-08-22,89.81,03-08-22,89.51,03-08-22,88.94,03-08-22,86.17,03-08-22,88.07,03-08-22,87.38,03-08-22,86.98,03-08-22,87.80,03-08-22,87.25
02-08-22,99.93,02-08-22,98.07,02-08-22,96.76,02-08-22,95.56,02-08-22,94.59,02-08-22,93.79,02-08-22,93.05,02-08-22,92.36,02-08-22,91.68,02-08-22,91.12,02-08-22,90.53,02-08-22,80.19,02-08-22,89.47,02-08-22,88.93,02-08-22,88.38,02-08-22,87.80,02-08-22,87.25
01-08-22,99.87,01-08-22,97.81,01-08-22,96.33,01-08-22,94.98,01-08-22,93.88,01-08-22,92.97,01-08-22,92.16,01-08-22,91.42,01-08-22,90.69,01-08-22,90.34,01-08-22,89.73,01-08-22,80.14,01-08-22,88.41,01-08-22,88.06,01-08-22,87.25,01-08-22,89.38,01-08-22,88.46
31-07-22,103.43,31-07-22,100.94,31-07-22,99.15,31-07-22,97.57,31-07-22,96.29,31-07-22,95.27,31-07-22,94.38,31-07-22,93.57,31-07-22,92.81,31-07-22,93.14,31-07-22,92.51,31-07-22,79.99,31-07-22,91.02,31-07-22,90.80,31-07-22,89.10,31-07-22,89.38,31-07-22,88.46
29-07-22,109.95,29-07-22,103.88,29-07-22,101.34,29-07-22,99.53,29-07-22,97.94,29-07-22,96.66,29-07-22,95.63,29-07-22,94.74,29-07-22,93.93,29-07-22,93.14,29-07-22,92.51,29-07-22,91.65,29-07-22,91.02,29-07-22,90.80,29-07-22,90.06,29-07-22,89.38,29-07-22,88.46
28-07-22,107.70,28-07-22,102.45,28-07-22,100.11,28-07-22,98.34,28-07-22,96.77,28-07-22,95.51,28-07-22,94.52,28-07-22,93.65,28-07-22,92.86,28-07-22,92.09,28-07-22,91.57,28-07-22,90.87,28-07-22,80.19,28-07-22,89.48,28-07-22,88.89,28-07-22,88.37,28-07-22,88.11
27-07-22,107.39,27-07-22,102.39,27-07-22,100.12,27-07-22,98.33,27-07-22,96.82,27-07-22,95.61,27-07-22,94.65,27-07-22,93.80,27-07-22,93.03,27-07-22,92.37,27-07-22,91.69,27-07-22,91.06,27-07-22,80.22,27-07-22,89.90,27-07-22,89.30,27-07-22,88.81,27-07-22,88.11
26-07-22,104.65,26-07-22,99.71,26-07-22,97.39,26-07-22,95.57,26-07-22,94.06,26-07-22,92.88,26-07-22,91.92,26-07-22,91.09,26-07-22,90.35,26-07-22,89.66,26-07-22,88.88,26-07-22,88.32,26-07-22,79.71,26-07-22,87.06,26-07-22,86.77,26-07-22,86.44,26-07-22,85.00
25-07-22,104.93,25-07-22,99.98,25-07-22,97.59,25-07-22,95.72,25-07-22,94.17,25-07-22,93.00,25-07-22,92.05,25-07-22,91.22,25-07-22,90.47,25-07-22,89.76,25-07-22,89.05,25-07-22,88.42,25-07-22,80.05,25-07-22,87.30,25-07-22,86.83,25-07-22,86.36,25-07-22,85.00
24-07-22,103.53,24-07-22,98.64,24-07-22,96.28,24-07-22,94.45,24-07-22,92.93,24-07-22,91.73,24-07-22,90.80,24-07-22,89.95,24-07-22,89.18,24-07-22,88.52,24-07-22,87.79,24-07-22,87.12,24-07-22,79.96,24-07-22,86.15,24-07-22,85.41,24-07-22,85.21,24-07-22,85.00
22-07-22,103.41,22-07-22,98.55,22-07-22,96.17,22-07-22,94.31,22-07-22,92.78,22-07-22,91.49,22-07-22,90.51,22-07-22,89.66,22-07-22,88.94,22-07-22,88.25,22-07-22,87.79,22-07-22,87.12,22-07-22,79.96,22-07-22,86.15,22-07-22,85.41,22-07-22,85.10,22-07-22,85.00
21-07-22,104.06,21-07-22,99.42,21-07-22,96.86,21-07-22,94.88,21-07-22,93.27,21-07-22,92.14,21-07-22,91.13,21-07-22,90.25,21-07-22,89.51,21-07-22,88.78,21-07-22,88.11,21-07-22,87.50,21-07-22,80.00,21-07-22,86.71,21-07-22,85.81,21-07-22,85.27,21-07-22,85.00
20-07-22,106.72,20-07-22,102.18,20-07-22,99.38,20-07-22,97.17,20-07-22,95.41,20-07-22,94.04,20-07-22,92.94,20-07-22,92.01,20-07-22,91.24,20-07-22,90.59,20-07-22,89.78,20-07-22,88.84,20-07-22,79.72,20-07-22,88.02,20-07-22,87.49,20-07-22,87.04,20-07-22,85.39
19-07-22,107.28,19-07-22,102.84,19-07-22,99.88,19-07-22,97.58,19-07-22,95.69,19-07-22,94.22,19-07-22,93.06,19-07-22,92.11,19-07-22,91.32,19-07-22,90.58,19-07-22,89.94,19-07-22,89.34,19-07-22,88.77,19-07-22,88.23,19-07-22,87.65,19-07-22,87.04,19-07-22,85.39
18-07-22,105.72,18-07-22,101.31,18-07-22,98.36,18-07-22,96.06,18-07-22,94.20,18-07-22,92.80,18-07-22,91.70,18-07-22,90.80,18-07-22,90.04,18-07-22,89.35,18-07-22,88.37,18-07-22,87.97,18-07-22,87.31,18-07-22,86.82,18-07-22,86.53,18-07-22,86.20,18-07-22,85.39
17-07-22,100.83,17-07-22,96.84,17-07-22,94.29,17-07-22,92.25,17-07-22,90.63,17-07-22,89.31,17-07-22,88.37,17-07-22,87.55,17-07-22,86.90,17-07-22,86.31,17-07-22,86.11,17-07-22,85.55,17-07-22,84.85,17-07-22,84.62,17-07-22,83.94,17-07-22,83.43,17-07-22,83.11
15-07-22,100.94,15-07-22,96.86,15-07-22,94.27,15-07-22,92.33,15-07-22,90.66,15-07-22,89.28,15-07-22,88.29,15-07-22,87.56,15-07-22,86.90,15-07-22,86.28,15-07-22,86.11,15-07-22,85.55,15-07-22,84.85,15-07-22,84.62,15-07-22,83.94,15-07-22,83.11,15-07-22,83.11
14-07-22,99.70,14-07-22,95.91,14-07-22,93.41,14-07-22,91.52,14-07-22,89.85,14-07-22,88.62,14-07-22,87.77,14-07-22,86.96,14-07-22,86.31,14-07-22,85.69,14-07-22,85.16,14-07-22,84.62,14-07-22,84.10,14-07-22,83.62,14-07-22,83.10,14-07-22,82.63,14-07-22,86.62
13-07-22,99.82,13-07-22,96.57,13-07-22,94.24,13-07-22,92.46,13-07-22,90.94,13-07-22,89.75,13-07-22,88.83,13-07-22,88.06,13-07-22,87.46,13-07-22,86.88,13-07-22,86.09,13-07-22,85.62,13-07-22,85.14,13-07-22,84.71,13-07-22,84.27,13-07-22,83.96,13-07-22,86.62
12-07-22,99.19,12-07-22,95.81,12-07-22,93.38,12-07-22,91.52,12-07-22,89.94,12-07-22,88.75,12-07-22,87.92,12-07-22,87.17,12-07-22,86.59,12-07-22,86.04,12-07-22,85.56,12-07-22,85.11,12-07-22,84.69,12-07-22,84.28,12-07-22,83.86,12-07-22,83.28,12-07-22,86.62
11-07-22,106.32,11-07-22,102.88,11-07-22,100.06,11-07-22,97.78,11-07-22,95.84,11-07-22,94.33,11-07-22,93.14,11-07-22,92.17,11-07-22,91.42,11-07-22,90.78,11-07-22,89.83,11-07-22,89.50,11-07-22,88.90,11-07-22,88.34,11-07-22,87.83,11-07-22,87.25,11-07-22,86.62
10-07-22,106.89,10-07-22,103.37,10-07-22,100.41,10-07-22,98.03,10-07-22,95.97,10-07-22,94.35,10-07-22,93.08,10-07-22,92.03,10-07-22,91.18,10-07-22,90.43,10-07-22,89.72,10-07-22,89.05,10-07-22,88.39,10-07-22,87.77,10-07-22,87.12,10-07-22,86.56,10-07-22,85.82
08-07-22,107.08,08-07-22,103.50,08-07-22,100.52,08-07-22,98.01,08-07-22,95.92,08-07-22,94.29,08-07-22,93.10,08-07-22,92.02,08-07-22,91.16,08-07-22,90.41,08-07-22,89.72,08-07-22,89.05,08-07-22,88.39,08-07-22,87.77,08-07-22,87.12,08-07-22,86.36,08-07-22,85.82
07-07-22,104.29,07-07-22,100.67,07-07-22,97.77,07-07-22,95.39,07-07-22,93.36,07-07-22,91.81,07-07-22,90.60,07-07-22,89.60,07-07-22,88.81,07-07-22,88.14,07-07-22,87.34,07-07-22,86.75,07-07-22,86.19,07-07-22,85.65,07-07-22,85.11,07-07-22,84.69,07-07-22,83.98
06-07-22,99.82,06-07-22,96.21,06-07-22,93.33,06-07-22,91.08,06-07-22,89.23,06-07-22,87.85,06-07-22,86.82,06-07-22,85.96,06-07-22,85.28,06-07-22,84.69,06-07-22,80.78,06-07-22,81.25,06-07-22,80.97,06-07-22,80.43,06-07-22,80.85,06-07-22,81.75,06-07-22,80.79
05-07-22,104.83,05-07-22,100.73,05-07-22,97.34,05-07-22,94.73,05-07-22,92.53,05-07-22,90.80,05-07-22,89.56,05-07-22,88.56,05-07-22,87.80,05-07-22,87.14,05-07-22,81.69,05-07-22,81.80,05-07-22,80.37,05-07-22,81.64,05-07-22,80.93,05-07-22,83.65,05-07-22,81.21
04-07-22,113.81,04-07-22,109.78,04-07-22,106.42,04-07-22,103.82,04-07-22,101.55,04-07-22,99.75,04-07-22,98.34,04-07-22,97.18,04-07-22,96.22,04-07-22,95.39,04-07-22,92.67,04-07-22,91.89,04-07-22,91.13,04-07-22,90.13,04-07-22,89.67,04-07-22,90.97,04-07-22,88.19
03-07-22,111.30,03-07-22,107.50,03-07-22,104.29,03-07-22,101.76,03-07-22,99.61,03-07-22,97.84,03-07-22,96.45,03-07-22,95.27,03-07-22,94.28,03-07-22,93.40,03-07-22,92.67,03-07-22,91.89,03-07-22,91.13,03-07-22,90.42,03-07-22,89.67,03-07-22,88.81,03-07-22,88.19
01-07-22,111.57,01-07-22,107.76,01-07-22,104.58,01-07-22,102.08,01-07-22,99.92,01-07-22,98.19,01-07-22,96.79,01-07-22,95.61,01-07-22,94.61,01-07-22,93.72,01-07-22,92.67,01-07-22,91.89,01-07-22,91.13,01-07-22,90.42,01-07-22,89.67,01-07-22,89.09,01-07-22,88.19
30-06-22,114.83,30-06-22,109.02,30-06-22,105.56,30-06-22,102.78,30-06-22,100.53,30-06-22,98.55,30-06-22,96.89,30-06-22,95.58,30-06-22,94.48,30-06-22,93.48,30-06-22,92.77,30-06-22,92.16,30-06-22,91.36,30-06-22,90.47,30-06-22,90.06,30-06-22,89.41,30-06-22,88.70
29-06-22,115.69,29-06-22,112.26,29-06-22,109.09,29-06-22,106.44,29-06-22,104.25,29-06-22,102.27,29-06-22,100.58,29-06-22,99.23,29-06-22,98.11,29-06-22,97.00,29-06-22,96.38,29-06-22,95.41,29-06-22,94.67,29-06-22,93.97,29-06-22,93.29,29-06-22,92.64,29-06-22,92.04
28-06-22,118.24,28-06-22,113.99,28-06-22,111.00,28-06-22,108.51,28-06-22,106.29,28-06-22,104.39,28-06-22,102.68,28-06-22,101.28,28-06-22,100.08,28-06-22,90.31,28-06-22,98.12,28-06-22,97.31,28-06-22,96.52,28-06-22,95.75,28-06-22,95.03,28-06-22,94.30,28-06-22,93.53
27-06-22,115.44,27-06-22,111.24,27-06-22,108.10,27-06-22,105.48,27-06-22,103.27,27-06-22,101.29,27-06-22,99.64,27-06-22,98.30,27-06-22,97.12,27-06-22,88.28,27-06-22,95.35,27-06-22,94.20,27-06-22,93.48,27-06-22,92.70,27-06-22,92.00,27-06-22,91.52,27-06-22,90.91
26-06-22,112.06,26-06-22,108.00,26-06-22,105.02,26-06-22,102.57,26-06-22,100.53,26-06-22,98.70,26-06-22,97.14,26-06-22,95.81,26-06-22,94.69,26-06-22,88.44,26-06-22,93.00,26-06-22,92.94,26-06-22,92.17,26-06-22,91.42,26-06-22,90.72,26-06-22,90.01,26-06-22,88.77
24-06-22,112.93,24-06-22,108.81,24-06-22,105.77,24-06-22,103.28,24-06-22,101.24,24-06-22,99.44,24-06-22,97.86,24-06-22,96.61,24-06-22,95.47,24-06-22,94.72,24-06-22,93.75,24-06-22,92.94,24-06-22,92.17,24-06-22,91.42,24-06-22,90.72,24-06-22,90.01,24-06-22,89.37
23-06-22,109.80,23-06-22,106.17,23-06-22,103.41,23-06-22,101.14,23-06-22,99.28,23-06-22,97.61,23-06-22,96.16,23-06-22,94.84,23-06-22,93.71,23-06-22,92.66,23-06-22,91.95,23-06-22,91.01,23-06-22,90.22,23-06-22,92.75,23-06-22,88.72,23-06-22,88.02,23-06-22,87.53
22-06-22,110.08,22-06-22,107.05,22-06-22,104.58,22-06-22,102.68,22-06-22,101.03,22-06-22,99.49,22-06-22,98.14,22-06-22,96.94,22-06-22,95.88,22-06-22,97.77,22-06-22,94.27,22-06-22,93.44,22-06-22,92.47,22-06-22,91.72,22-06-22,91.06,22-06-22,90.37,22-06-22,89.86
21-06-22,114.73,21-06-22,111.87,21-06-22,109.31,21-06-22,107.22,21-06-22,105.40,21-06-22,103.69,21-06-22,102.16,21-06-22,100.79,21-06-22,99.57,21-06-22,95.14,21-06-22,97.67,21-06-22,96.66,21-06-22,96.04,21-06-22,95.18,21-06-22,94.36,21-06-22,93.56,21-06-22,92.61
20-06-22,114.23,20-06-22,111.46,20-06-22,109.01,20-06-22,106.99,20-06-22,105.26,20-06-22,103.67,20-06-22,102.22,20-06-22,100.95,20-06-22,99.80,20-06-22,95.25,20-06-22,98.01,20-06-22,96.86,20-06-22,96.05,20-06-22,95.25,20-06-22,94.49,20-06-22,93.72,20-06-22,93.13
19-06-22,113.97,19-06-22,111.26,19-06-22,108.81,19-06-22,106.88,19-06-22,105.24,19-06-22,103.69,19-06-22,102.29,19-06-22,101.05,19-06-22,99.93,19-06-22,95.26,19-06-22,98.16,19-06-22,96.07,19-06-22,96.33,19-06-22,95.57,19-06-22,94.73,19-06-22,93.84,19-06-22,93.41
17-06-22,113.67,17-06-22,110.94,17-06-22,108.50,17-06-22,106.57,17-06-22,104.90,17-06-22,103.35,17-06-22,101.92,17-06-22,100.69,17-06-22,99.60,17-06-22,95.26,17-06-22,97.83,17-06-22,96.07,17-06-22,96.33,17-06-22,95.57,17-06-22,94.73,17-06-22,93.84,17-06-22,93.14
16-06-22,119.11,16-06-22,116.24,16-06-22,113.62,16-06-22,111.48,16-06-22,109.57,16-06-22,107.78,16-06-22,106.11,16-06-22,104.66,16-06-22,103.31,16-06-22,90.80,16-06-22,101.05,16-06-22,100.20,16-06-22,99.22,16-06-22,98.28,16-06-22,95.11,16-06-22,96.48,16-06-22,95.48
15-06-22,118.91,15-06-22,115.82,15-06-22,113.22,15-06-22,111.15,15-06-22,109.40,15-06-22,107.64,15-06-22,106.03,15-06-22,104.58,15-06-22,103.24,15-06-22,102.26,15-06-22,101.08,15-06-22,99.79,15-06-22,99.11,15-06-22,98.40,15-06-22,96.53,15-06-22,96.36,15-06-22,95.34
14-06-22,120.94,14-06-22,117.53,14-06-22,114.67,14-06-22,112.39,14-06-22,110.45,14-06-22,108.66,14-06-22,107.00,14-06-22,105.50,14-06-22,104.11,14-06-22,102.81,14-06-22,101.81,14-06-22,100.69,14-06-22,99.47,14-06-22,98.44,14-06-22,96.47,14-06-22,96.79,14-06-22,95.89
13-06-22,122.25,13-06-22,119.12,13-06-22,116.42,13-06-22,114.13,13-06-22,112.24,13-06-22,110.45,13-06-22,108.83,13-06-22,107.38,13-06-22,106.03,13-06-22,90.51,13-06-22,103.57,13-06-22,102.68,13-06-22,101.87,13-06-22,100.64,13-06-22,99.66,13-06-22,98.69,13-06-22,97.89
12-06-22,120.20,12-06-22,117.21,12-06-22,114.59,12-06-22,112.44,12-06-22,110.56,12-06-22,108.83,12-06-22,107.21,12-06-22,105.77,12-06-22,104.42,12-06-22,103.04,12-06-22,102.12,12-06-22,100.80,12-06-22,100.06,12-06-22,99.03,12-06-22,98.02,12-06-22,97.03,12-06-22,95.99
10-06-22,121.76,10-06-22,118.82,10-06-22,116.17,10-06-22,114.00,10-06-22,112.09,10-06-22,110.31,10-06-22,108.66,10-06-22,107.15,10-06-22,105.72,10-06-22,98.58,10-06-22,103.39,10-06-22,102.10,10-06-22,101.00,10-06-22,99.94,10-06-22,98.69,10-06-22,97.89,10-06-22,97.03
09-06-22,122.95,09-06-22,120.20,09-06-22,117.77,09-06-22,115.64,09-06-22,113.73,09-06-22,111.92,09-06-22,110.22,09-06-22,108.69,09-06-22,107.22,09-06-22,107.00,09-06-22,104.75,09-06-22,103.50,09-06-22,102.39,09-06-22,101.09,09-06-22,100.23,09-06-22,99.14,09-06-22,98.09
08-06-22,123.85,08-06-22,121.22,08-06-22,118.76,08-06-22,116.63,08-06-22,114.68,08-06-22,112.80,08-06-22,111.00,08-06-22,109.28,08-06-22,107.66,08-06-22,95.74,08-06-22,104.83,08-06-22,103.78,08-06-22,102.61,08-06-22,101.47,08-06-22,100.37,08-06-22,99.27,08-06-22,98.11
07-06-22,120.91,07-06-22,118.49,07-06-22,116.14,07-06-22,114.09,07-06-22,112.21,07-06-22,110.35,07-06-22,108.55,07-06-22,106.94,07-06-22,105.39,07-06-22,100.29,07-06-22,102.82,07-06-22,101.66,07-06-22,100.53,07-06-22,99.45,07-06-22,98.59,07-06-22,97.39,07-06-22,96.31
06-06-22,119.99,06-06-22,117.45,06-06-22,114.94,06-06-22,112.76,06-06-22,110.75,06-06-22,108.86,06-06-22,106.96,06-06-22,105.25,06-06-22,103.69,06-06-22,102.50,06-06-22,101.09,06-06-22,100.25,06-06-22,99.14,06-06-22,98.11,06-06-22,97.04,06-06-22,96.06,06-06-22,94.66
05-06-22,121.24,05-06-22,118.47,05-06-22,115.74,05-06-22,113.39,05-06-22,111.31,05-06-22,109.34,05-06-22,107.44,05-06-22,105.69,05-06-22,104.09,05-06-22,102.50,05-06-22,101.47,05-06-22,100.28,05-06-22,99.16,05-06-22,98.07,05-06-22,96.81,05-06-22,96.00,05-06-22,94.91
03-06-22,121.19,03-06-22,118.33,03-06-22,115.65,03-06-22,113.32,03-06-22,111.24,03-06-22,109.25,03-06-22,107.34,03-06-22,105.61,03-06-22,104.02,03-06-22,102.50,03-06-22,101.43,03-06-22,100.28,03-06-22,99.16,03-06-22,98.07,03-06-22,96.81,03-06-22,96.00,03-06-22,94.97
02-06-22,118.16,02-06-22,115.53,02-06-22,112.98,02-06-22,110.75,02-06-22,108.73,02-06-22,106.82,02-06-22,105.03,02-06-22,103.39,02-06-22,101.89,02-06-22,99.50,02-06-22,99.39,02-06-22,98.27,02-06-22,97.20,02-06-22,96.23,02-06-22,95.46,02-06-22,94.27,02-06-22,93.27
01-06-22,115.89,01-06-22,113.21,01-06-22,110.76,01-06-22,108.61,01-06-22,106.64,01-06-22,104.79,01-06-22,103.07,01-06-22,101.56,01-06-22,100.14,01-06-22,98.00,01-06-22,97.91,01-06-22,96.55,01-06-22,95.34,01-06-22,94.64,01-06-22,94.08,01-06-22,92.83,01-06-22,92.21
31-05-22,123.02,31-05-22,115.85,31-05-22,112.86,31-05-22,110.22,31-05-22,107.99,31-05-22,105.99,31-05-22,104.17,31-05-22,102.48,31-05-22,100.98,31-05-22,102.06,31-05-22,100.86,31-05-22,97.30,31-05-22,98.38,31-05-22,97.35,31-05-22,96.18,31-05-22,95.32,31-05-22,94.39
30-05-22,121.73,30-05-22,117.69,30-05-22,114.59,30-05-22,111.89,30-05-22,109.61,30-05-22,107.61,30-05-22,105.78,30-05-22,104.06,30-05-22,102.51,30-05-22,100.26,30-05-22,96.67,30-05-22,98.69,30-05-22,96.98,30-05-22,95.98,30-05-22,94.96,30-05-22,94.17,30-05-22,93.29
29-05-22,119.79,29-05-22,116.08,29-05-22,113.25,29-05-22,110.76,29-05-22,108.61,29-05-22,106.74,29-05-22,104.98,29-05-22,103.32,29-05-22,101.81,29-05-22,100.05,29-05-22,98.00,29-05-22,98.11,29-05-22,96.72,29-05-22,95.75,29-05-22,94.80,29-05-22,93.89,29-05-22,93.02
27-05-22,119.20,27-05-22,115.41,27-05-22,112.55,27-05-22,110.06,27-05-22,107.95,27-05-22,106.08,27-05-22,104.34,27-05-22,102.76,27-05-22,101.24,27-05-22,100.05,27-05-22,98.00,27-05-22,97.54,27-05-22,96.72,27-05-22,95.75,27-05-22,94.80,27-05-22,93.89,27-05-22,93.02
26-05-22,117.52,26-05-22,114.29,26-05-22,111.71,26-05-22,109.40,26-05-22,107.44,26-05-22,105.65,26-05-22,103.97,26-05-22,102.36,26-05-22,100.89,26-05-22,99.46,26-05-22,97.00,26-05-22,97.28,26-05-22,96.39,26-05-22,93.02,26-05-22,92.01,26-05-22,93.63,26-05-22,92.55
25-05-22,114.42,25-05-22,111.50,25-05-22,109.02,25-05-22,106.82,25-05-22,104.94,25-05-22,103.23,25-05-22,101.64,25-05-22,100.14,25-05-22,98.81,25-05-22,98.06,25-05-22,94.33,25-05-22,95.59,25-05-22,94.69,25-05-22,92.91,25-05-22,92.09,25-05-22,92.08,25-05-22,91.42
24-05-22,113.73,24-05-22,110.87,24-05-22,108.28,24-05-22,106.07,24-05-22,104.25,24-05-22,102.47,24-05-22,100.88,24-05-22,99.41,24-05-22,98.16,24-05-22,96.74,24-05-22,100.81,24-05-22,95.06,24-05-22,94.15,24-05-22,93.25,24-05-22,92.47,24-05-22,91.68,24-05-22,90.70
23-05-22,113.43,23-05-22,110.83,23-05-22,108.23,23-05-22,105.93,23-05-22,103.99,23-05-22,102.25,23-05-22,100.64,23-05-22,99.14,23-05-22,97.84,23-05-22,96.30,23-05-22,95.88,23-05-22,94.74,23-05-22,93.81,23-05-22,92.98,23-05-22,92.17,23-05-22,91.37,23-05-22,90.62
22-05-22,112.74,22-05-22,110.19,22-05-22,107.53,22-05-22,105.10,22-05-22,103.03,22-05-22,101.18,22-05-22,99.51,22-05-22,97.99,22-05-22,96.69,22-05-22,96.50,22-05-22,95.80,22-05-22,93.59,22-05-22,93.08,22-05-22,92.84,22-05-22,92.34,22-05-22,90.70,22-05-22,89.91
20-05-22,112.76,20-05-22,110.19,20-05-22,107.52,20-05-22,105.10,20-05-22,103.07,20-05-22,101.26,20-05-22,99.60,20-05-22,98.08,20-05-22,96.83,20-05-22,96.50,20-05-22,95.80,20-05-22,93.75,20-05-22,93.08,20-05-22,92.84,20-05-22,92.34,20-05-22,90.70,20-05-22,89.91
19-05-22,111.44,19-05-22,109.16,19-05-22,106.61,19-05-22,104.27,19-05-22,102.31,19-05-22,100.51,19-05-22,98.90,19-05-22,97.43,19-05-22,96.17,19-05-22,95.02,19-05-22,100.53,19-05-22,93.18,19-05-22,92.32,19-05-22,91.28,19-05-22,90.73,19-05-22,89.97,19-05-22,89.30
18-05-22,109.27,18-05-22,107.16,18-05-22,104.79,18-05-22,102.59,18-05-22,100.73,18-05-22,99.03,18-05-22,97.50,18-05-22,96.10,18-05-22,94.86,18-05-22,96.73,18-05-22,100.72,18-05-22,92.11,18-05-22,94.29,18-05-22,93.49,18-05-22,92.76,18-05-22,91.91,18-05-22,91.22
17-05-22,112.78,17-05-22,110.69,17-05-22,108.25,17-05-22,105.92,17-05-22,103.88,17-05-22,101.99,17-05-22,100.27,17-05-22,98.70,17-05-22,97.39,17-05-22,97.80,17-05-22,100.59,17-05-22,94.35,17-05-22,93.28,17-05-22,92.49,17-05-22,91.68,17-05-22,90.91,17-05-22,90.17
16-05-22,114.06,16-05-22,111.97,16-05-22,109.55,16-05-22,107.27,16-05-22,105.21,16-05-22,103.28,16-05-22,101.42,16-05-22,99.86,16-05-22,98.53,16-05-22,97.33,16-05-22,99.73,16-05-22,95.28,16-05-22,94.12,16-05-22,93.35,16-05-22,92.60,16-05-22,91.77,16-05-22,90.95
15-05-22,112.39,15-05-22,110.59,15-05-22,108.55,15-05-22,106.56,15-05-22,104.75,15-05-22,103.05,15-05-22,101.45,15-05-22,99.98,15-05-22,98.69,15-05-22,97.49,15-05-22,95.87,15-05-22,95.58,15-05-22,94.00,15-05-22,93.23,15-05-22,92.28,15-05-22,91.69,15-05-22,90.90
13-05-22,111.38,13-05-22,109.57,13-05-22,107.53,13-05-22,105.58,13-05-22,103.79,13-05-22,102.08,13-05-22,100.50,13-05-22,99.04,13-05-22,97.78,13-05-22,97.49,13-05-22,95.87,13-05-22,94.66,13-05-22,94.00,13-05-22,93.23,13-05-22,92.28,13-05-22,91.69,13-05-22,90.90
12-05-22,107.87,12-05-22,106.39,12-05-22,104.60,12-05-22,102.93,12-05-22,101.39,12-05-22,99.88,12-05-22,98.44,12-05-22,97.10,12-05-22,95.93,12-05-22,91.46,12-05-22,90.63,12-05-22,93.16,12-05-22,92.39,12-05-22,91.61,12-05-22,90.83,12-05-22,90.09,12-05-22,89.34
11-05-22,107.53,11-05-22,106.14,11-05-22,104.50,11-05-22,102.94,11-05-22,101.53,11-05-22,100.08,11-05-22,98.67,11-05-22,97.36,11-05-22,96.22,11-05-22,91.94,11-05-22,89.95,11-05-22,93.52,11-05-22,88.43,11-05-22,87.80,11-05-22,90.88,11-05-22,90.15,11-05-22,89.42
10-05-22,101.58,10-05-22,100.40,10-05-22,98.97,10-05-22,97.66,10-05-22,96.40,10-05-22,95.16,10-05-22,93.93,10-05-22,92.82,10-05-22,91.83,10-05-22,90.70,10-05-22,93.29,10-05-22,89.34,10-05-22,87.63,10-05-22,87.30,10-05-22,87.72,10-05-22,87.02,10-05-22,86.36
09-05-22,105.31,09-05-22,103.97,09-05-22,102.38,09-05-22,100.97,09-05-22,99.55,09-05-22,98.11,09-05-22,96.73,09-05-22,95.41,09-05-22,94.25,09-05-22,92.68,09-05-22,90.09,09-05-22,91.34,09-05-22,90.03,09-05-22,89.51,09-05-22,88.70,09-05-22,87.94,09-05-22,87.19
08-05-22,111.84,08-05-22,110.31,08-05-22,108.45,08-05-22,106.64,08-05-22,104.92,08-05-22,103.23,08-05-22,101.56,08-05-22,99.96,08-05-22,98.55,08-05-22,97.65,08-05-22,96.50,08-05-22,95.04,08-05-22,94.33,08-05-22,93.62,08-05-22,93.00,08-05-22,91.75,08-05-22,90.89
06-05-22,113.11,06-05-22,111.49,06-05-22,109.58,06-05-22,107.72,06-05-22,105.86,06-05-22,104.07,06-05-22,102.34,06-05-22,100.71,06-05-22,99.24,06-05-22,97.65,06-05-22,96.50,06-05-22,95.46,06-05-22,94.33,06-05-22,93.62,06-05-22,93.00,06-05-22,91.75,06-05-22,90.89
05-05-22,111.05,05-05-22,109.37,05-05-22,107.46,05-05-22,105.60,05-05-22,103.83,05-05-22,102.07,05-05-22,100.39,05-05-22,98.86,05-05-22,97.55,05-05-22,97.95,05-05-22,96.57,05-05-22,94.38,05-05-22,94.51,05-05-22,93.53,05-05-22,92.59,05-05-22,90.71,05-05-22,91.08
04-05-22,110.12,04-05-22,108.67,04-05-22,106.88,04-05-22,105.03,04-05-22,103.25,04-05-22,101.58,04-05-22,99.94,04-05-22,98.42,04-05-22,97.09,04-05-22,95.77,04-05-22,97.25,04-05-22,93.87,04-05-22,92.79,04-05-22,91.88,04-05-22,90.97,04-05-22,90.11,04-05-22,89.30
03-05-22,105.92,03-05-22,104.61,03-05-22,102.98,03-05-22,101.30,03-05-22,99.70,03-05-22,98.14,03-05-22,96.68,03-05-22,95.32,03-05-22,94.20,03-05-22,92.84,03-05-22,99.44,03-05-22,91.36,03-05-22,90.00,03-05-22,88.98,03-05-22,88.40,03-05-22,87.64,03-05-22,86.89
02-05-22,107.57,02-05-22,105.99,02-05-22,104.13,02-05-22,102.25,02-05-22,100.52,02-05-22,98.90,02-05-22,97.33,02-05-22,95.90,02-05-22,94.66,02-05-22,93.62,02-05-22,90.00,02-05-22,91.69,02-05-22,90.89,02-05-22,90.04,02-05-22,89.19,02-05-22,88.36,02-05-22,87.61
01-05-22,106.96,01-05-22,105.28,01-05-22,103.40,01-05-22,101.54,01-05-22,99.83,01-05-22,98.19,01-05-22,96.65,01-05-22,95.23,01-05-22,93.96,01-05-22,93.86,01-05-22,90.00,01-05-22,91.00,01-05-22,90.95,01-05-22,90.02,01-05-22,89.18,01-05-22,88.35,01-05-22,87.57
29-04-22,109.34,29-04-22,107.05,29-04-22,105.38,29-04-22,103.42,29-04-22,101.50,29-04-22,99.75,29-04-22,98.10,29-04-22,96.56,29-04-22,95.14,29-04-22,93.86,29-04-22,92.81,29-04-22,91.85,29-04-22,90.95,29-04-22,90.02,29-04-22,89.18,29-04-22,88.35,29-04-22,87.57
28-04-22,107.39,28-04-22,107.19,28-04-22,105.67,28-04-22,103.90,28-04-22,102.06,28-04-22,100.33,28-04-22,98.72,28-04-22,97.22,28-04-22,95.78,28-04-22,94.31,28-04-22,93.54,28-04-22,95.75,28-04-22,91.64,28-04-22,90.85,28-04-22,89.99,28-04-22,89.14,28-04-22,88.33
27-04-22,105.25,27-04-22,104.91,27-04-22,103.76,27-04-22,102.37,27-04-22,100.83,27-04-22,99.31,27-04-22,97.86,27-04-22,96.52,27-04-22,95.24,27-04-22,91.02,27-04-22,93.00,27-04-22,95.72,27-04-22,91.27,27-04-22,90.51,27-04-22,89.72,27-04-22,88.94,27-04-22,88.17
26-04-22,105.49,26-04-22,105.17,26-04-22,104.06,26-04-22,102.47,26-04-22,100.87,26-04-22,99.53,26-04-22,97.97,26-04-22,96.56,26-04-22,95.28,26-04-22,94.27,26-04-22,92.97,26-04-22,95.73,26-04-22,91.47,26-04-22,90.63,26-04-22,89.90,26-04-22,89.14,26-04-22,88.42
25-04-22,102.49,25-04-22,102.29,25-04-22,101.29,25-04-22,100.14,25-04-22,98.82,25-04-22,97.50,25-04-22,96.21,25-04-22,94.96,25-04-22,93.81,25-04-22,90.23,25-04-22,89.71,25-04-22,93.64,25-04-22,90.44,25-04-22,89.63,25-04-22,88.93,25-04-22,88.24,25-04-22,87.58
24-04-22,104.99,24-04-22,104.56,24-04-22,103.34,24-04-22,102.01,24-04-22,100.55,24-04-22,99.09,24-04-22,97.67,24-04-22,96.28,24-04-22,95.03,24-04-22,95.60,24-04-22,93.36,24-04-22,96.00,24-04-22,91.42,24-04-22,90.97,24-04-22,90.25,24-04-22,89.52,24-04-22,88.80
22-04-22,105.90,22-04-22,105.52,22-04-22,104.25,22-04-22,102.83,22-04-22,101.27,22-04-22,99.94,22-04-22,98.49,22-04-22,97.08,22-04-22,95.83,22-04-22,95.41,22-04-22,93.36,22-04-22,96.00,22-04-22,91.81,22-04-22,90.97,22-04-22,90.25,22-04-22,89.52,22-04-22,88.80
21-04-22,108.74,21-04-22,108.35,21-04-22,107.17,21-04-22,105.79,21-04-22,104.31,21-04-22,102.81,21-04-22,101.27,21-04-22,99.81,21-04-22,98.47,21-04-22,95.40,21-04-22,96.04,21-04-22,96.00,21-04-22,94.54,21-04-22,93.50,21-04-22,92.70,21-04-22,91.92,21-04-22,91.17
20-04-22,107.31,20-04-22,106.83,20-04-22,105.61,20-04-22,104.19,20-04-22,102.76,20-04-22,101.31,20-04-22,99.97,20-04-22,98.61,20-04-22,97.33,20-04-22,96.06,20-04-22,95.08,20-04-22,96.00,20-04-22,93.37,20-04-22,92.56,20-04-22,91.76,20-04-22,91.00,20-04-22,90.23
19-04-22,107.56,19-04-22,106.85,19-04-22,105.45,19-04-22,103.94,19-04-22,102.42,19-04-22,100.97,19-04-22,99.53,19-04-22,98.33,19-04-22,97.04,19-04-22,95.16,19-04-22,94.46,19-04-22,96.00,19-04-22,92.90,19-04-22,91.95,19-04-22,91.19,19-04-22,90.44,19-04-22,89.72
18-04-22,112.80,18-04-22,111.61,18-04-22,109.91,18-04-22,108.24,18-04-22,106.63,18-04-22,105.05,18-04-22,103.47,18-04-22,102.02,18-04-22,100.61,18-04-22,99.31,18-04-22,98.21,18-04-22,96.00,18-04-22,96.49,18-04-22,95.46,18-04-22,94.60,18-04-22,93.77,18-04-22,92.94
17-04-22,113.21,17-04-22,112.14,17-04-22,110.62,17-04-22,108.95,17-04-22,107.38,17-04-22,105.91,17-04-22,104.43,17-04-22,103.02,17-04-22,101.67,17-04-22,99.42,17-04-22,98.34,17-04-22,100.00,17-04-22,97.54,17-04-22,95.46,17-04-22,94.80,17-04-22,93.79,17-04-22,92.96
14-04-22,111.07,14-04-22,110.13,14-04-22,108.78,14-04-22,107.28,14-04-22,105.80,14-04-22,104.38,14-04-22,103.00,14-04-22,101.66,14-04-22,100.37,14-04-22,99.42,14-04-22,98.34,14-04-22,96.00,14-04-22,96.74,14-04-22,95.46,14-04-22,94.80,14-04-22,93.79,14-04-22,92.96
13-04-22,108.85,13-04-22,108.06,13-04-22,106.87,13-04-22,105.64,13-04-22,104.42,13-04-22,103.23,13-04-22,102.03,13-04-22,100.93,13-04-22,99.82,13-04-22,98.81,13-04-22,97.92,13-04-22,96.00,13-04-22,96.19,13-04-22,95.52,13-04-22,94.72,13-04-22,94.00,13-04-22,93.28
12-04-22,104.92,12-04-22,104.45,12-04-22,103.77,12-04-22,102.91,12-04-22,101.91,12-04-22,100.89,12-04-22,99.66,12-04-22,98.68,12-04-22,97.65,12-04-22,96.73,12-04-22,95.88,12-04-22,96.00,12-04-22,94.37,12-04-22,93.73,12-04-22,93.05,12-04-22,92.40,12-04-22,91.93
11-04-22,99.40,11-04-22,99.22,11-04-22,98.84,11-04-22,98.34,11-04-22,97.80,11-04-22,97.14,11-04-22,96.43,11-04-22,95.72,11-04-22,95.00,11-04-22,93.89,11-04-22,93.40,11-04-22,87.40,11-04-22,92.39,11-04-22,91.52,11-04-22,90.90,11-04-22,90.12,11-04-22,89.84
10-04-22,101.25,10-04-22,100.69,10-04-22,99.94,10-04-22,99.20,10-04-22,98.40,10-04-22,97.61,10-04-22,96.78,10-04-22,95.91,10-04-22,95.09,10-04-22,94.36,10-04-22,93.59,10-04-22,92.71,10-04-22,92.28,10-04-22,91.61,10-04-22,90.98,10-04-22,90.42,10-04-22,89.84
08-04-22,102.72,08-04-22,102.30,08-04-22,101.50,08-04-22,100.60,08-04-22,99.55,08-04-22,98.69,08-04-22,97.80,08-04-22,96.91,08-04-22,96.09,08-04-22,95.33,08-04-22,94.49,08-04-22,96.00,08-04-22,93.35,08-04-22,92.47,08-04-22,91.84,08-04-22,91.42,08-04-22,90.62
07-04-22,101.46,07-04-22,100.86,07-04-22,100.09,07-04-22,99.28,07-04-22,98.38,07-04-22,97.48,07-04-22,96.64,07-04-22,95.78,07-04-22,94.97,07-04-22,94.34,07-04-22,93.61,07-04-22,96.00,07-04-22,92.40,07-04-22,91.77,07-04-22,91.20,07-04-22,90.64,07-04-22,90.11
06-04-22,101.77,06-04-22,100.88,06-04-22,99.83,06-04-22,98.87,06-04-22,97.76,06-04-22,96.82,06-04-22,96.11,06-04-22,95.26,06-04-22,94.30,06-04-22,93.44,06-04-22,92.79,06-04-22,96.00,06-04-22,91.93,06-04-22,91.00,06-04-22,90.42,06-04-22,89.89,06-04-22,89.35
05-04-22,105.63,05-04-22,104.19,05-04-22,102.77,05-04-22,101.50,05-04-22,100.32,05-04-22,99.23,05-04-22,98.20,05-04-22,97.17,05-04-22,96.17,05-04-22,97.79,05-04-22,96.82,05-04-22,88.64,05-04-22,93.03,05-04-22,94.32,05-04-22,93.55,05-04-22,92.88,05-04-22,92.19
04-04-22,107.93,04-04-22,106.31,04-04-22,104.82,04-04-22,103.44,04-04-22,102.17,04-04-22,100.97,04-04-22,99.83,04-04-22,98.72,04-04-22,97.69,04-04-22,97.07,04-04-22,96.14,04-04-22,95.93,04-04-22,94.59,04-04-22,93.95,04-04-22,93.27,04-04-22,92.61,04-04-22,91.98
03-04-22,103.53,03-04-22,101.98,03-04-22,100.67,03-04-22,99.52,03-04-22,98.45,03-04-22,97.45,03-04-22,96.51,03-04-22,95.56,03-04-22,94.66,03-04-22,94.31,03-04-22,93.57,03-04-22,95.77,03-04-22,91.91,03-04-22,91.64,03-04-22,91.04,03-04-22,90.46,03-04-22,89.89
01-04-22,104.56,01-04-22,103.00,01-04-22,101.62,01-04-22,100.34,01-04-22,99.05,01-04-22,97.90,01-04-22,97.09,01-04-22,96.08,01-04-22,95.16,01-04-22,94.31,01-04-22,93.57,01-04-22,95.77,01-04-22,92.41,01-04-22,91.64,01-04-22,91.04,01-04-22,90.46,01-04-22,89.89
31-03-22,107.96,31-03-22,104.35,31-03-22,102.34,31-03-22,100.58,31-03-22,99.02,31-03-22,97.64,31-03-22,96.36,31-03-22,95.12,31-03-22,93.97,31-03-22,92.91,31-03-22,92.08,31-03-22,91.54,31-03-22,90.73,31-03-22,90.10,31-03-22,89.37,31-03-22,88.75,31-03-22,88.14
30-03-22,112.65,30-03-22,110.98,30-03-22,108.25,30-03-22,105.71,30-03-22,103.46,30-03-22,101.42,30-03-22,99.69,30-03-22,98.09,30-03-22,96.63,30-03-22,80.98,30-03-22,94.16,30-03-22,93.12,30-03-22,95.73,30-03-22,91.60,30-03-22,90.54,30-03-22,89.76,30-03-22,89.00
29-03-22,111.18,29-03-22,108.66,29-03-22,105.50,29-03-22,102.79,29-03-22,100.50,29-03-22,98.75,29-03-22,97.17,29-03-22,95.72,29-03-22,94.37,29-03-22,80.85,29-03-22,91.94,29-03-22,91.17,29-03-22,95.61,29-03-22,89.61,29-03-22,88.75,29-03-22,88.03,29-03-22,87.34
28-03-22,109.52,28-03-22,106.67,28-03-22,103.50,28-03-22,100.72,28-03-22,98.39,28-03-22,96.43,28-03-22,94.73,28-03-22,93.11,28-03-22,91.72,28-03-22,80.69,28-03-22,89.48,28-03-22,88.60,28-03-22,85.50,28-03-22,87.25,28-03-22,86.46,28-03-22,85.80,28-03-22,85.20
27-03-22,117.21,27-03-22,114.13,27-03-22,110.53,27-03-22,107.33,27-03-22,104.49,27-03-22,102.08,27-03-22,100.01,27-03-22,98.16,27-03-22,96.48,27-03-22,81.04,27-03-22,94.90,27-03-22,93.70,27-03-22,95.76,27-03-22,91.02,27-03-22,91.01,27-03-22,90.17,27-03-22,89.41
25-03-22,119.74,25-03-22,116.59,25-03-22,112.80,25-03-22,109.42,25-03-22,106.38,25-03-22,103.88,25-03-22,101.76,25-03-22,99.90,25-03-22,98.16,25-03-22,81.04,25-03-22,94.90,25-03-22,93.70,25-03-22,95.76,25-03-22,92.42,25-03-22,91.01,25-03-22,90.17,25-03-22,89.41
24-03-22,118.22,24-03-22,114.61,24-03-22,110.82,24-03-22,107.61,24-03-22,104.89,24-03-22,102.58,24-03-22,100.64,24-03-22,98.80,24-03-22,97.24,24-03-22,81.00,24-03-22,94.33,24-03-22,93.27,24-03-22,95.73,24-03-22,91.51,24-03-22,90.44,24-03-22,89.60,24-03-22,88.83
23-03-22,121.45,23-03-22,117.58,23-03-22,113.69,23-03-22,110.33,23-03-22,107.48,23-03-22,105.02,23-03-22,102.83,23-03-22,100.91,23-03-22,99.19,23-03-22,81.12,23-03-22,97.53,23-03-22,95.92,23-03-22,95.43,23-03-22,93.44,23-03-22,93.44,23-03-22,92.37,23-03-22,90.90
22-03-22,114.54,22-03-22,110.89,22-03-22,107.63,22-03-22,104.92,22-03-22,102.74,22-03-22,100.82,22-03-22,99.14,22-03-22,97.55,22-03-22,96.08,22-03-22,80.98,22-03-22,94.14,22-03-22,93.41,22-03-22,95.74,22-03-22,91.14,22-03-22,91.89,22-03-22,90.42,22-03-22,90.34
21-03-22,116.40,21-03-22,112.68,21-03-22,109.39,21-03-22,106.64,21-03-22,104.35,21-03-22,102.30,21-03-22,100.48,21-03-22,98.84,21-03-22,97.35,21-03-22,81.04,21-03-22,94.96,21-03-22,93.91,21-03-22,93.08,21-03-22,92.25,21-03-22,91.65,21-03-22,90.57,21-03-22,89.90
20-03-22,109.00,20-03-22,106.18,20-03-22,103.62,20-03-22,101.44,20-03-22,99.58,20-03-22,97.98,20-03-22,96.55,20-03-22,95.17,20-03-22,93.90,20-03-22,82.12,20-03-22,91.92,20-03-22,90.97,20-03-22,93.99,20-03-22,89.59,20-03-22,88.44,20-03-22,87.41,20-03-22,86.88
18-03-22,108.25,18-03-22,105.44,18-03-22,102.93,18-03-22,100.82,18-03-22,99.03,18-03-22,97.51,18-03-22,96.14,18-03-22,94.84,18-03-22,93.68,18-03-22,82.12,18-03-22,91.92,18-03-22,90.97,18-03-22,90.41,18-03-22,89.45,18-03-22,88.44,18-03-22,87.41,18-03-22,86.88
17-03-22,106.90,17-03-22,103.85,17-03-22,101.26,17-03-22,99.21,17-03-22,97.37,17-03-22,95.81,17-03-22,94.49,17-03-22,93.15,17-03-22,91.96,17-03-22,80.75,17-03-22,90.19,17-03-22,89.44,17-03-22,94.56,17-03-22,87.74,17-03-22,87.51,17-03-22,86.89,17-03-22,86.30
16-03-22,98.02,16-03-22,95.60,16-03-22,93.60,16-03-22,91.92,16-03-22,90.56,16-03-22,89.44,16-03-22,88.47,16-03-22,87.53,16-03-22,86.66,16-03-22,80.59,16-03-22,85.33,16-03-22,84.68,16-03-22,93.09,16-03-22,83.42,16-03-22,83.07,16-03-22,82.56,16-03-22,82.08
15-03-22,98.75,15-03-22,96.51,15-03-22,94.63,15-03-22,93.05,15-03-22,91.84,15-03-22,90.79,15-03-22,89.77,15-03-22,88.81,15-03-22,87.95,15-03-22,86.59,15-03-22,85.92,15-03-22,85.34,15-03-22,93.18,15-03-22,84.71,15-03-22,83.66,15-03-22,83.12,15-03-22,82.66
14-03-22,105.93,14-03-22,102.64,14-03-22,100.06,14-03-22,97.75,14-03-22,95.92,14-03-22,94.33,14-03-22,92.98,14-03-22,91.64,14-03-22,90.45,14-03-22,89.33,14-03-22,88.48,14-03-22,87.74,14-03-22,93.56,14-03-22,86.65,14-03-22,85.78,14-03-22,85.14,14-03-22,84.57
13-03-22,111.39,13-03-22,107.80,13-03-22,104.88,13-03-22,102.29,13-03-22,99.97,13-03-22,98.01,13-03-22,96.20,13-03-22,94.62,13-03-22,93.28,13-03-22,92.75,13-03-22,91.81,13-03-22,90.99,13-03-22,94.09,13-03-22,89.02,13-03-22,88.73,13-03-22,88.04,13-03-22,87.37
11-03-22,112.46,11-03-22,108.83,11-03-22,105.81,11-03-22,103.25,11-03-22,100.91,11-03-22,98.92,11-03-22,97.12,11-03-22,95.54,11-03-22,94.11,11-03-22,92.75,11-03-22,91.81,11-03-22,90.99,11-03-22,94.09,11-03-22,89.79,11-03-22,88.73,11-03-22,88.04,11-03-22,87.37
10-03-22,109.20,10-03-22,105.57,10-03-22,102.73,10-03-22,100.34,10-03-22,98.33,10-03-22,96.44,10-03-22,94.72,10-03-22,93.16,10-03-22,91.83,10-03-22,90.58,10-03-22,91.84,10-03-22,90.94,10-03-22,90.14,10-03-22,87.60,10-03-22,87.50,10-03-22,87.42,10-03-22,86.82
09-03-22,112.54,09-03-22,108.42,09-03-22,104.94,09-03-22,101.89,09-03-22,99.22,09-03-22,97.05,09-03-22,95.16,09-03-22,93.47,09-03-22,92.00,09-03-22,90.77,09-03-22,94.54,09-03-22,93.45,09-03-22,93.75,09-03-22,87.13,09-03-22,88.57,09-03-22,87.80,09-03-22,87.07
08-03-22,129.38,08-03-22,124.90,08-03-22,120.66,08-03-22,116.75,08-03-22,113.25,08-03-22,110.03,08-03-22,107.48,08-03-22,105.32,08-03-22,103.47,08-03-22,101.48,08-03-22,101.52,08-03-22,99.00,08-03-22,92.75,08-03-22,97.00,08-03-22,95.69,08-03-22,94.69,08-03-22,93.69
07-03-22,124.44,07-03-22,120.14,07-03-22,116.17,07-03-22,112.58,07-03-22,109.48,07-03-22,107.05,07-03-22,105.16,07-03-22,103.50,07-03-22,102.01,07-03-22,100.41,07-03-22,100.48,07-03-22,98.27,07-03-22,92.60,07-03-22,96.59,07-03-22,95.44,07-03-22,94.60,07-03-22,93.77
04-03-22,118.00,04-03-22,114.00,04-03-22,110.59,04-03-22,107.52,04-03-22,104.94,04-03-22,103.06,04-03-22,101.56,04-03-22,100.19,04-03-22,98.86,04-03-22,97.20,04-03-22,96.23,04-03-22,95.36,04-03-22,86.71,04-03-22,94.05,04-03-22,92.81,04-03-22,92.00,04-03-22,91.27
03-03-22,110.47,03-03-22,106.30,03-03-22,102.67,03-03-22,99.67,03-03-22,97.23,03-03-22,95.53,03-03-22,94.31,03-03-22,93.15,03-03-22,92.03,03-03-22,90.92,03-03-22,90.13,03-03-22,89.45,03-03-22,93.84,03-03-22,88.18,03-03-22,87.38,03-03-22,86.77,03-03-22,86.22
02-03-22,114.66,02-03-22,109.71,02-03-22,105.50,02-03-22,101.91,02-03-22,99.06,02-03-22,96.92,02-03-22,95.30,02-03-22,93.86,02-03-22,92.64,02-03-22,91.19,02-03-22,90.16,02-03-22,89.62,02-03-22,80.59,02-03-22,88.18,02-03-22,87.30,02-03-22,86.68,02-03-22,85.99
01-03-22,107.65,01-03-22,103.48,01-03-22,99.93,01-03-22,96.96,01-03-22,94.56,01-03-22,92.90,01-03-22,91.75,01-03-22,90.67,01-03-22,89.63,01-03-22,87.93,01-03-22,86.95,01-03-22,84.29,01-03-22,84.14,01-03-22,85.64,01-03-22,84.13,01-03-22,83.68,01-03-22,83.05
28-02-22,100.92,28-02-22,97.82,28-02-22,94.93,28-02-22,92.72,28-02-22,90.97,28-02-22,89.57,28-02-22,88.48,28-02-22,87.55,28-02-22,86.69,28-02-22,85.79,28-02-22,85.16,28-02-22,84.23,28-02-22,83.74,28-02-22,82.95,28-02-22,82.38,28-02-22,81.86,28-02-22,81.38
25-02-22,98.49,25-02-22,94.57,25-02-22,92.16,25-02-22,90.44,25-02-22,89.09,25-02-22,87.98,25-02-22,87.05,25-02-22,86.28,25-02-22,85.61,25-02-22,84.93,25-02-22,84.04,25-02-22,83.43,25-02-22,82.87,25-02-22,82.31,25-02-22,81.88,25-02-22,81.25,25-02-22,80.79
24-02-22,99.50,24-02-22,95.88,24-02-22,93.22,24-02-22,91.44,24-02-22,90.03,24-02-22,88.89,24-02-22,87.94,24-02-22,87.12,24-02-22,86.31,24-02-22,85.47,24-02-22,84.75,24-02-22,87.50,24-02-22,83.49,24-02-22,82.89,24-02-22,82.42,24-02-22,81.78,24-02-22,81.34
23-02-22,97.62,23-02-22,94.75,23-02-22,92.82,23-02-22,91.43,23-02-22,90.35,23-02-22,89.41,23-02-22,88.55,23-02-22,87.80,23-02-22,87.08,23-02-22,86.47,23-02-22,85.20,23-02-22,84.62,23-02-22,84.09,23-02-22,83.56,23-02-22,83.50,23-02-22,82.56,23-02-22,82.13
22-02-22,96.66,22-02-22,93.58,22-02-22,91.50,22-02-22,89.99,22-02-22,88.85,22-02-22,87.92,22-02-22,87.08,22-02-22,86.34,22-02-22,85.66,22-02-22,84.61,22-02-22,84.19,22-02-22,85.87,22-02-22,82.93,22-02-22,82.41,22-02-22,82.25,22-02-22,81.47,22-02-22,81.05
21-02-22,97.40,21-02-22,94.84,21-02-22,92.86,21-02-22,91.32,21-02-22,90.19,21-02-22,89.23,21-02-22,88.35,21-02-22,87.60,21-02-22,86.90,21-02-22,85.61,21-02-22,84.97,21-02-22,84.74,21-02-22,84.23,21-02-22,83.72,21-02-22,83.45,21-02-22,82.42,21-02-22,81.98
18-02-22,93.71,18-02-22,91.48,18-02-22,89.73,18-02-22,88.38,18-02-22,87.34,18-02-22,86.45,18-02-22,85.65,18-02-22,84.91,18-02-22,84.30,18-02-22,83.46,18-02-22,82.84,18-02-22,82.47,18-02-22,81.97,18-02-22,81.47,18-02-22,80.94,18-02-22,80.52,18-02-22,80.11
17-02-22,92.94,17-02-22,90.77,17-02-22,89.05,17-02-22,87.66,17-02-22,86.57,17-02-22,85.64,17-02-22,84.81,17-02-22,84.12,17-02-22,83.45,17-02-22,82.92,17-02-22,82.15,17-02-22,81.77,17-02-22,81.12,17-02-22,80.64,17-02-22,80.22,17-02-22,79.76,17-02-22,79.39
16-02-22,92.04,16-02-22,89.95,16-02-22,88.30,16-02-22,86.99,16-02-22,85.95,16-02-22,85.05,16-02-22,84.26,16-02-22,83.58,16-02-22,82.85,16-02-22,82.22,16-02-22,81.63,16-02-22,81.12,16-02-22,80.65,16-02-22,80.19,16-02-22,79.69,16-02-22,79.33,16-02-22,78.78
15-02-22,93.52,15-02-22,91.30,15-02-22,89.48,15-02-22,88.07,15-02-22,87.00,15-02-22,86.03,15-02-22,85.15,15-02-22,84.39,15-02-22,83.66,15-02-22,82.79,15-02-22,81.96,15-02-22,81.58,15-02-22,81.06,15-02-22,80.74,15-02-22,80.26,15-02-22,79.67,15-02-22,79.30
14-02-22,95.83,14-02-22,93.77,14-02-22,91.99,14-02-22,90.54,14-02-22,89.40,14-02-22,88.35,14-02-22,87.44,14-02-22,86.59,14-02-22,85.84,14-02-22,84.85,14-02-22,84.33,14-02-22,83.55,14-02-22,82.96,14-02-22,82.61,14-02-22,82.23,14-02-22,81.63,14-02-22,81.20
11-02-22,95.07,11-02-22,93.18,11-02-22,91.44,11-02-22,90.12,11-02-22,89.05,11-02-22,88.08,11-02-22,87.18,11-02-22,86.38,11-02-22,85.61,11-02-22,84.81,11-02-22,84.12,11-02-22,83.51,11-02-22,82.96,11-02-22,82.45,11-02-22,82.05,11-02-22,81.50,11-02-22,81.22
10-02-22,91.42,10-02-22,90.03,10-02-22,88.81,10-02-22,87.76,10-02-22,86.89,10-02-22,86.06,10-02-22,85.29,10-02-22,84.60,10-02-22,83.93,10-02-22,83.17,10-02-22,82.55,10-02-22,82.02,10-02-22,81.53,10-02-22,81.23,10-02-22,80.70,10-02-22,80.21,10-02-22,79.85
09-02-22,91.79,09-02-22,90.43,09-02-22,89.21,09-02-22,88.17,09-02-22,87.29,09-02-22,86.46,09-02-22,85.68,09-02-22,84.96,09-02-22,84.29,09-02-22,83.58,09-02-22,82.95,09-02-22,82.67,09-02-22,82.09,09-02-22,81.42,09-02-22,81.03,09-02-22,80.55,09-02-22,80.16
08-02-22,91.31,08-02-22,89.91,08-02-22,88.64,08-02-22,87.56,08-02-22,86.66,08-02-22,85.81,08-02-22,85.00,08-02-22,84.27,08-02-22,83.58,08-02-22,82.77,08-02-22,81.94,08-02-22,81.56,08-02-22,81.07,08-02-22,80.58,08-02-22,80.28,08-02-22,79.51,08-02-22,79.14
07-02-22,92.98,07-02-22,91.52,07-02-22,90.18,07-02-22,89.02,07-02-22,88.05,07-02-22,87.18,07-02-22,86.33,07-02-22,85.53,07-02-22,84.74,07-02-22,84.46,07-02-22,83.33,07-02-22,82.72,07-02-22,82.15,07-02-22,81.61,07-02-22,81.09,07-02-22,80.62,07-02-22,80.18
04-02-22,92.67,04-02-22,90.98,04-02-22,89.57,04-02-22,88.39,04-02-22,87.39,04-02-22,86.44,04-02-22,85.55,04-02-22,84.72,04-02-22,83.95,04-02-22,84.26,04-02-22,82.93,04-02-22,82.25,04-02-22,81.66,04-02-22,81.09,04-02-22,80.15,04-02-22,80.02,04-02-22,79.57
03-02-22,91.02,03-02-22,89.59,03-02-22,88.30,03-02-22,87.20,03-02-22,86.28,03-02-22,85.41,03-02-22,84.58,03-02-22,83.81,03-02-22,83.08,03-02-22,82.57,03-02-22,81.89,03-02-22,81.14,03-02-22,80.75,03-02-22,80.05,03-02-22,79.56,03-02-22,79.03,03-02-22,78.78
02-02-22,89.29,02-02-22,87.92,02-02-22,86.70,02-02-22,85.65,02-02-22,84.78,02-02-22,83.95,02-02-22,83.18,02-02-22,82.46,02-02-22,81.82,02-02-22,81.11,02-02-22,80.49,02-02-22,79.92,02-02-22,79.41,02-02-22,78.72,02-02-22,78.47,02-02-22,77.97,02-02-22,77.56
01-02-22,89.31,01-02-22,87.93,01-02-22,86.71,01-02-22,85.64,01-02-22,84.75,01-02-22,83.94,01-02-22,83.12,01-02-22,82.40,01-02-22,81.71,01-02-22,81.16,01-02-22,80.52,01-02-22,79.97,01-02-22,79.62,01-02-22,78.94,01-02-22,78.29,01-02-22,77.97,01-02-22,77.56
31-01-22,89.36,31-01-22,87.94,31-01-22,86.73,31-01-22,85.64,31-01-22,84.75,31-01-22,83.93,31-01-22,83.15,31-01-22,82.43,31-01-22,81.74,31-01-22,81.55,31-01-22,80.94,31-01-22,80.41,31-01-22,79.67,31-01-22,79.16,31-01-22,78.35,31-01-22,78.14,31-01-22,77.75
28-01-22,90.57,28-01-22,88.94,28-01-22,87.59,28-01-22,86.39,28-01-22,85.35,28-01-22,84.45,28-01-22,83.61,28-01-22,82.82,28-01-22,82.09,28-01-22,81.44,28-01-22,80.75,28-01-22,79.61,28-01-22,79.56,28-01-22,79.22,28-01-22,78.54,28-01-22,78.05,28-01-22,77.58
27-01-22,90.07,27-01-22,88.87,27-01-22,87.69,27-01-22,86.63,27-01-22,85.65,27-01-22,84.77,27-01-22,83.95,27-01-22,83.17,27-01-22,82.45,27-01-22,81.83,27-01-22,81.08,27-01-22,79.69,27-01-22,79.92,27-01-22,79.59,27-01-22,78.91,27-01-22,78.56,27-01-22,77.98
26-01-22,89.79,26-01-22,88.58,26-01-22,87.50,26-01-22,86.51,26-01-22,85.60,26-01-22,84.76,26-01-22,83.94,26-01-22,83.09,26-01-22,82.37,26-01-22,81.70,26-01-22,81.66,26-01-22,80.59,26-01-22,79.85,26-01-22,79.34,26-01-22,78.84,26-01-22,78.41,26-01-22,78.06
25-01-22,88.05,25-01-22,87.06,25-01-22,86.12,25-01-22,85.23,25-01-22,84.38,25-01-22,83.59,25-01-22,82.83,25-01-22,82.12,25-01-22,81.52,25-01-22,80.90,25-01-22,80.09,25-01-22,79.53,25-01-22,79.03,25-01-22,78.56,25-01-22,78.09,25-01-22,77.83,25-01-22,77.21
24-01-22,87.18,24-01-22,86.33,24-01-22,85.45,24-01-22,84.59,24-01-22,83.78,24-01-22,83.05,24-01-22,82.33,24-01-22,81.65,24-01-22,81.01,24-01-22,80.42,24-01-22,79.75,24-01-22,79.36,24-01-22,78.70,24-01-22,78.24,24-01-22,77.98,24-01-22,77.43,24-01-22,77.10
21-01-22,87.80,21-01-22,86.97,21-01-22,86.07,21-01-22,85.24,21-01-22,84.39,21-01-22,83.65,21-01-22,82.92,21-01-22,82.22,21-01-22,81.56,21-01-22,80.92,21-01-22,78.61,21-01-22,79.54,21-01-22,79.01,21-01-22,78.52,21-01-22,78.04,21-01-22,77.66,21-01-22,77.11
20-01-22,87.42,20-01-22,86.64,20-01-22,85.77,20-01-22,84.90,20-01-22,84.08,20-01-22,83.34,20-01-22,82.62,20-01-22,81.93,20-01-22,81.27,20-01-22,80.64,20-01-22,79.66,20-01-22,79.07,20-01-22,78.55,20-01-22,78.17,20-01-22,77.51,20-01-22,77.34,20-01-22,76.53
19-01-22,87.68,19-01-22,86.84,19-01-22,85.94,19-01-22,85.05,19-01-22,84.20,19-01-22,83.42,19-01-22,82.67,19-01-22,81.93,19-01-22,81.24,19-01-22,80.57,19-01-22,80.03,19-01-22,79.39,19-01-22,78.83,19-01-22,78.26,19-01-22,77.92,19-01-22,77.08,19-01-22,76.77
18-01-22,88.56,18-01-22,87.79,18-01-22,86.89,18-01-22,85.98,18-01-22,85.10,18-01-22,84.30,18-01-22,83.53,18-01-22,82.78,18-01-22,82.06,18-01-22,81.37,18-01-22,80.66,18-01-22,79.78,18-01-22,79.41,18-01-22,78.68,18-01-22,78.33,18-01-22,77.81,18-01-22,77.30
17-01-22,86.52,17-01-22,85.79,17-01-22,84.98,17-01-22,84.17,17-01-22,83.35,17-01-22,82.62,17-01-22,81.89,17-01-22,81.19,17-01-22,80.53,17-01-22,79.90,17-01-22,75.32,17-01-22,79.49,17-01-22,78.95,17-01-22,78.44,17-01-22,77.50,17-01-22,76.66,17-01-22,76.75
14-01-22,86.42,14-01-22,85.69,14-01-22,84.89,14-01-22,84.04,14-01-22,83.22,14-01-22,82.48,14-01-22,81.75,14-01-22,81.04,14-01-22,80.37,14-01-22,79.63,14-01-22,79.28,14-01-22,78.48,14-01-22,77.94,14-01-22,77.42,14-01-22,76.92,14-01-22,76.28,14-01-22,75.96
13-01-22,84.13,13-01-22,83.44,13-01-22,82.71,13-01-22,81.97,13-01-22,81.25,13-01-22,80.58,13-01-22,79.91,13-01-22,79.28,13-01-22,78.67,13-01-22,78.06,13-01-22,77.33,13-01-22,76.76,13-01-22,76.25,13-01-22,75.77,13-01-22,75.31,13-01-22,75.00,13-01-22,74.41
12-01-22,84.81,12-01-22,84.12,12-01-22,83.39,12-01-22,82.66,12-01-22,81.92,12-01-22,81.22,12-01-22,80.52,12-01-22,79.86,12-01-22,79.22,12-01-22,78.60,12-01-22,77.97,12-01-22,77.38,12-01-22,76.86,12-01-22,76.36,12-01-22,76.06,12-01-22,75.48,12-01-22,74.95
11-01-22,83.76,11-01-22,83.10,11-01-22,82.44,11-01-22,81.77,11-01-22,81.06,11-01-22,80.41,11-01-22,79.76,11-01-22,79.13,11-01-22,78.52,11-01-22,77.92,11-01-22,77.25,11-01-22,76.91,11-01-22,76.22,11-01-22,75.75,11-01-22,75.31,11-01-22,74.97,11-01-22,74.45
10-01-22,81.02,10-01-22,80.45,10-01-22,79.85,10-01-22,79.25,10-01-22,78.62,10-01-22,78.03,10-01-22,77.45,10-01-22,76.90,10-01-22,76.38,10-01-22,75.83,10-01-22,75.20,10-01-22,74.71,10-01-22,74.28,10-01-22,73.88,10-01-22,73.50,10-01-22,73.20,10-01-22,72.90
07-01-22,81.82,07-01-22,81.11,07-01-22,80.42,07-01-22,79.78,07-01-22,79.13,07-01-22,78.53,07-01-22,77.94,07-01-22,77.37,07-01-22,76.88,07-01-22,76.33,07-01-22,75.68,07-01-22,75.19,07-01-22,74.76,07-01-22,74.54,07-01-22,73.95,07-01-22,73.64,07-01-22,73.21
06-01-22,81.95,06-01-22,81.24,06-01-22,80.55,06-01-22,79.93,06-01-22,79.29,06-01-22,78.68,06-01-22,78.08,06-01-22,77.52,06-01-22,76.96,06-01-22,76.39,06-01-22,75.94,06-01-22,75.43,06-01-22,74.98,06-01-22,75.13,06-01-22,74.33,06-01-22,73.66,06-01-22,73.37
05-01-22,80.23,05-01-22,79.61,05-01-22,79.00,05-01-22,78.41,05-01-22,77.78,05-01-22,77.21,05-01-22,76.69,05-01-22,76.17,05-01-22,75.67,05-01-22,75.13,05-01-22,74.59,05-01-22,74.13,05-01-22,73.72,05-01-22,75.42,05-01-22,72.99,05-01-22,72.66,05-01-22,72.28
04-01-22,80.18,04-01-22,79.70,04-01-22,79.23,04-01-22,78.70,04-01-22,78.21,04-01-22,77.70,04-01-22,77.18,04-01-22,76.70,04-01-22,76.21,04-01-22,75.71,04-01-22,75.13,04-01-22,74.86,04-01-22,74.30,04-01-22,75.15,04-01-22,73.58,04-01-22,73.31,04-01-22,73.06
03-01-22,78.92,03-01-22,78.50,03-01-22,78.05,03-01-22,77.55,03-01-22,77.03,03-01-22,76.52,03-01-22,76.01,03-01-22,75.53,03-01-22,75.06,03-01-22,74.58,03-01-22,71.66,03-01-22,73.84,03-01-22,73.31,03-01-22,72.96,03-01-22,72.83,03-01-22,72.34,03-01-22,72.03
31-12-21,77.92,31-12-21,77.51,31-12-21,77.05,31-12-21,76.55,31-12-21,76.01,31-12-21,75.48,31-12-21,74.97,31-12-21,74.52,31-12-21,74.03,31-12-21,73.57,31-12-21,71.13,31-12-21,72.63,31-12-21,65.37,31-12-21,71.91,31-12-21,71.58,31-12-21,71.31,31-12-21,70.94
30-12-21,79.10,30-12-21,78.68,30-12-21,78.22,30-12-21,77.70,30-12-21,77.15,30-12-21,76.62,30-12-21,76.09,30-12-21,75.60,30-12-21,75.84,30-12-21,74.59,30-12-21,74.87,30-12-21,74.65,30-12-21,74.06,30-12-21,73.53,30-12-21,73.11,30-12-21,72.25,30-12-21,72.47
29-12-21,79.27,29-12-21,79.23,29-12-21,78.80,29-12-21,78.32,29-12-21,77.79,29-12-21,77.23,29-12-21,76.70,29-12-21,76.16,29-12-21,75.65,29-12-21,68.43,29-12-21,74.62,29-12-21,73.08,29-12-21,73.92,29-12-21,73.35,29-12-21,73.00,29-12-21,72.48,29-12-21,72.25
28-12-21,79.15,28-12-21,78.87,28-12-21,78.41,28-12-21,77.92,28-12-21,77.39,28-12-21,76.85,28-12-21,76.30,28-12-21,75.76,28-12-21,75.24,28-12-21,74.65,28-12-21,74.23,28-12-21,74.43,28-12-21,73.22,28-12-21,72.83,28-12-21,72.67,28-12-21,72.33,28-12-21,71.84
27-12-21,78.96,27-12-21,78.61,27-12-21,78.13,27-12-21,77.65,27-12-21,77.12,27-12-21,76.57,27-12-21,76.03,27-12-21,75.50,27-12-21,74.99,27-12-21,74.43,27-12-21,74.03,27-12-21,73.49,27-12-21,73.06,27-12-21,72.70,27-12-21,72.37,27-12-21,72.05,27-12-21,71.78
24-12-21,75.91,24-12-21,75.59,24-12-21,75.07,24-12-21,74.58,24-12-21,74.04,24-12-21,73.47,24-12-21,72.89,24-12-21,72.30,24-12-21,71.78,24-12-21,70.24,24-12-21,70.85,24-12-21,72.74,24-12-21,72.33,24-12-21,69.17,24-12-21,71.28,24-12-21,70.98,24-12-21,68.80
23-12-21,76.74,23-12-21,76.54,23-12-21,76.07,23-12-21,75.59,23-12-21,75.07,23-12-21,74.55,23-12-21,74.04,23-12-21,73.55,23-12-21,73.07,23-12-21,70.24,23-12-21,72.16,23-12-21,72.74,23-12-21,72.33,23-12-21,65.36,23-12-21,71.28,23-12-21,70.98,23-12-21,70.07
22-12-21,75.60,22-12-21,75.56,22-12-21,75.14,22-12-21,74.69,22-12-21,74.21,22-12-21,73.70,22-12-21,73.21,22-12-21,72.71,22-12-21,72.25,22-12-21,71.86,22-12-21,71.38,22-12-21,71.19,22-12-21,70.79,22-12-21,65.27,22-12-21,69.97,22-12-21,69.68,22-12-21,69.34
21-12-21,73.98,21-12-21,73.96,21-12-21,73.62,21-12-21,73.27,21-12-21,72.87,21-12-21,72.43,21-12-21,72.00,21-12-21,71.60,21-12-21,71.20,21-12-21,70.99,21-12-21,70.48,21-12-21,65.14,21-12-21,70.02,21-12-21,69.55,21-12-21,69.27,21-12-21,69.04,21-12-21,68.76
20-12-21,72.06,20-12-21,72.13,20-12-21,71.84,20-12-21,71.53,20-12-21,71.21,20-12-21,70.81,20-12-21,70.42,20-12-21,70.03,20-12-21,69.67,20-12-21,68.09,20-12-21,68.97,20-12-21,65.20,20-12-21,68.27,20-12-21,68.02,20-12-21,67.80,20-12-21,67.59,20-12-21,67.41
17-12-21,72.81,17-12-21,72.85,17-12-21,72.50,17-12-21,72.11,17-12-21,71.73,17-12-21,71.33,17-12-21,70.93,17-12-21,70.46,17-12-21,70.07,17-12-21,69.86,17-12-21,69.35,17-12-21,69.15,17-12-21,68.80,17-12-21,68.54,17-12-21,68.29,17-12-21,68.05,17-12-21,67.65
16-12-21,74.61,16-12-21,74.50,16-12-21,74.15,16-12-21,73.79,16-12-21,73.41,16-12-21,73.03,16-12-21,72.63,16-12-21,72.23,16-12-21,71.84,16-12-21,71.52,16-12-21,71.11,16-12-21,70.84,16-12-21,70.45,16-12-21,70.17,16-12-21,69.92,16-12-21,69.66,16-12-21,69.41
15-12-21,74.39,15-12-21,74.28,15-12-21,73.95,15-12-21,73.62,15-12-21,73.30,15-12-21,72.94,15-12-21,72.58,15-12-21,72.19,15-12-21,71.82,15-12-21,70.59,15-12-21,71.12,15-12-21,70.81,15-12-21,70.49,15-12-21,70.23,15-12-21,69.81,15-12-21,69.77,15-12-21,69.51
14-12-21,73.22,14-12-21,73.16,14-12-21,72.90,14-12-21,72.63,14-12-21,72.37,14-12-21,72.09,14-12-21,71.78,14-12-21,71.47,14-12-21,71.16,14-12-21,70.64,14-12-21,70.63,14-12-21,70.03,14-12-21,69.76,14-12-21,69.76,14-12-21,69.56,14-12-21,69.36,14-12-21,69.28
13-12-21,74.26,13-12-21,74.17,13-12-21,73.84,13-12-21,73.56,13-12-21,73.28,13-12-21,72.95,13-12-21,72.62,13-12-21,72.30,13-12-21,71.96,13-12-21,71.04,13-12-21,71.35,13-12-21,71.08,13-12-21,70.79,13-12-21,70.39,13-12-21,70.34,13-12-21,70.12,13-12-21,69.83
10-12-21,75.26,10-12-21,75.04,10-12-21,74.68,10-12-21,74.34,10-12-21,74.02,10-12-21,73.68,10-12-21,73.33,10-12-21,72.98,10-12-21,72.63,10-12-21,71.22,10-12-21,72.00,10-12-21,71.87,10-12-21,71.35,10-12-21,71.29,10-12-21,70.91,10-12-21,70.69,10-12-21,70.48
09-12-21,74.05,09-12-21,73.84,09-12-21,73.53,09-12-21,73.24,09-12-21,72.97,09-12-21,72.66,09-12-21,72.36,09-12-21,72.05,09-12-21,71.72,09-12-21,71.42,09-12-21,71.14,09-12-21,70.80,09-12-21,70.52,09-12-21,70.30,09-12-21,70.10,09-12-21,69.90,09-12-21,69.72
08-12-21,75.94,08-12-21,75.67,08-12-21,75.31,08-12-21,74.99,08-12-21,74.67,08-12-21,74.31,08-12-21,73.96,08-12-21,73.59,08-12-21,73.23,08-12-21,73.03,08-12-21,72.56,08-12-21,72.34,08-12-21,72.02,08-12-21,71.77,08-12-21,71.35,08-12-21,71.49,08-12-21,70.98
07-12-21,75.31,07-12-21,74.97,07-12-21,74.60,07-12-21,74.28,07-12-21,73.97,07-12-21,73.62,07-12-21,73.28,07-12-21,72.91,07-12-21,72.56,07-12-21,72.13,07-12-21,71.92,07-12-21,70.26,07-12-21,70.95,07-12-21,70.88,07-12-21,70.69,07-12-21,70.46,07-12-21,70.40
06-12-21,73.56,06-12-21,73.16,06-12-21,72.77,06-12-21,72.43,06-12-21,72.10,06-12-21,71.77,06-12-21,71.42,06-12-21,71.06,06-12-21,70.71,06-12-21,68.36,06-12-21,70.13,06-12-21,69.77,06-12-21,69.48,06-12-21,69.40,06-12-21,68.99,06-12-21,68.97,06-12-21,68.61
03-12-21,70.13,03-12-21,69.73,03-12-21,69.41,03-12-21,69.17,03-12-21,68.92,03-12-21,68.66,03-12-21,68.40,03-12-21,68.14,03-12-21,67.92,03-12-21,66.93,03-12-21,67.43,03-12-21,64.57,03-12-21,66.60,03-12-21,66.60,03-12-21,66.45,03-12-21,66.28,03-12-21,66.23
02-12-21,70.45,02-12-21,70.08,02-12-21,69.74,02-12-21,69.44,02-12-21,69.12,02-12-21,68.78,02-12-21,68.45,02-12-21,68.14,02-12-21,67.82,02-12-21,65.36,02-12-21,67.31,02-12-21,60.85,02-12-21,66.80,02-12-21,66.62,02-12-21,66.25,02-12-21,66.38,02-12-21,65.95
01-12-21,68.90,01-12-21,68.59,01-12-21,68.28,01-12-21,68.00,01-12-21,67.69,01-12-21,67.34,01-12-21,67.01,01-12-21,66.72,01-12-21,66.42,01-12-21,65.95,01-12-21,65.91,01-12-21,65.61,01-12-21,65.36,01-12-21,65.32,01-12-21,65.23,01-12-21,64.88,01-12-21,64.64
30-11-21,70.25,30-11-21,69.88,30-11-21,69.54,30-11-21,69.20,30-11-21,68.80,30-11-21,68.38,30-11-21,68.02,30-11-21,67.69,30-11-21,66.74,30-11-21,66.44,30-11-21,66.86,30-11-21,65.96,30-11-21,65.68,30-11-21,65.46,30-11-21,65.27,30-11-21,65.05,30-11-21,65.51
29-11-21,73.48,29-11-21,73.23,29-11-21,72.84,29-11-21,72.46,29-11-21,72.07,29-11-21,71.65,29-11-21,71.20,29-11-21,70.82,29-11-21,70.50,29-11-21,70.00,29-11-21,69.55,29-11-21,69.58,29-11-21,69.14,29-11-21,68.85,29-11-21,68.46,29-11-21,68.41,29-11-21,68.19
26-11-21,72.84,26-11-21,71.74,26-11-21,71.39,26-11-21,71.01,26-11-21,70.58,26-11-21,70.10,26-11-21,69.62,26-11-21,69.18,26-11-21,68.82,26-11-21,69.75,26-11-21,68.10,26-11-21,67.81,26-11-21,67.23,26-11-21,67.20,26-11-21,66.96,26-11-21,66.74,26-11-21,66.55
25-11-21,82.28,25-11-21,81.00,25-11-21,80.45,25-11-21,79.90,25-11-21,79.35,25-11-21,78.74,25-11-21,78.16,25-11-21,77.66,25-11-21,77.17,25-11-21,76.60,25-11-21,76.23,25-11-21,75.82,25-11-21,75.39,25-11-21,74.94,25-11-21,74.55,25-11-21,74.47,25-11-21,73.42
24-11-21,82.22,24-11-21,81.03,24-11-21,80.41,24-11-21,79.83,24-11-21,79.26,24-11-21,78.67,24-11-21,78.08,24-11-21,77.54,24-11-21,77.03,24-11-21,76.42,24-11-21,76.05,24-11-21,75.59,24-11-21,75.39,24-11-21,74.94,24-11-21,74.55,24-11-21,74.47,24-11-21,73.42
23-11-21,82.18,23-11-21,81.17,23-11-21,80.49,23-11-21,79.87,23-11-21,79.28,23-11-21,78.70,23-11-21,78.10,23-11-21,77.55,23-11-21,77.03,23-11-21,76.51,23-11-21,76.41,23-11-21,75.58,23-11-21,75.33,23-11-21,74.87,23-11-21,74.47,23-11-21,74.08,23-11-21,73.70
22-11-21,79.48,22-11-21,78.79,22-11-21,78.13,22-11-21,77.56,22-11-21,77.03,22-11-21,76.50,22-11-21,75.96,22-11-21,75.46,22-11-21,75.00,22-11-21,78.89,22-11-21,74.17,22-11-21,73.68,22-11-21,73.14,22-11-21,72.71,22-11-21,72.37,22-11-21,72.03,22-11-21,71.89
19-11-21,78.65,19-11-21,77.91,19-11-21,77.19,19-11-21,76.58,19-11-21,76.03,19-11-21,75.51,19-11-21,74.97,19-11-21,74.47,19-11-21,74.01,19-11-21,73.26,19-11-21,72.83,19-11-21,72.74,19-11-21,72.05,19-11-21,71.85,19-11-21,71.18,19-11-21,70.85,19-11-21,70.78
18-11-21,81.03,18-11-21,80.15,18-11-21,79.37,18-11-21,78.67,18-11-21,78.02,18-11-21,77.42,18-11-21,76.82,18-11-21,76.28,18-11-21,75.77,18-11-21,75.31,18-11-21,74.85,18-11-21,74.41,18-11-21,73.99,18-11-21,73.56,18-11-21,73.22,18-11-21,72.89,18-11-21,72.75
17-11-21,80.21,17-11-21,79.28,17-11-21,78.45,17-11-21,77.75,17-11-21,77.13,17-11-21,76.53,17-11-21,75.94,17-11-21,75.42,17-11-21,74.95,17-11-21,74.33,17-11-21,73.86,17-11-21,73.70,17-11-21,73.03,17-11-21,72.88,17-11-21,72.59,17-11-21,72.21,17-11-21,72.42
16-11-21,82.26,16-11-21,81.25,16-11-21,80.32,16-11-21,79.50,16-11-21,78.76,16-11-21,78.06,16-11-21,77.40,16-11-21,76.81,16-11-21,76.26,16-11-21,75.88,16-11-21,75.41,16-11-21,74.88,16-11-21,73.82,16-11-21,73.41,16-11-21,73.05,16-11-21,72.73,16-11-21,72.41
15-11-21,82.15,15-11-21,81.14,15-11-21,80.23,15-11-21,79.44,15-11-21,78.71,15-11-21,78.04,15-11-21,77.38,15-11-21,76.81,15-11-21,76.28,15-11-21,75.73,15-11-21,75.26,15-11-21,74.88,15-11-21,74.39,15-11-21,73.98,15-11-21,73.62,15-11-21,73.28,15-11-21,72.96
12-11-21,82.08,12-11-21,81.03,12-11-21,80.11,12-11-21,79.29,12-11-21,78.55,12-11-21,77.87,12-11-21,77.24,12-11-21,76.68,12-11-21,76.16,12-11-21,75.70,12-11-21,75.25,12-11-21,74.72,12-11-21,74.37,12-11-21,73.94,12-11-21,73.58,12-11-21,73.23,12-11-21,72.91
11-11-21,82.58,11-11-21,81.52,11-11-21,80.58,11-11-21,79.73,11-11-21,78.94,11-11-21,78.21,11-11-21,77.55,11-11-21,76.97,11-11-21,76.44,11-11-21,75.94,11-11-21,75.50,11-11-21,75.07,11-11-21,74.66,11-11-21,74.23,11-11-21,73.89,11-11-21,73.74,11-11-21,73.22
10-11-21,82.71,10-11-21,81.63,10-11-21,80.62,10-11-21,79.73,10-11-21,78.92,10-11-21,78.18,10-11-21,77.52,10-11-21,76.96,10-11-21,76.45,10-11-21,75.82,10-11-21,75.40,10-11-21,75.09,10-11-21,74.56,10-11-21,74.13,10-11-21,73.80,10-11-21,73.47,10-11-21,73.32
09-11-21,85.20,09-11-21,83.97,09-11-21,82.87,09-11-21,81.88,09-11-21,80.99,09-11-21,80.17,09-11-21,79.42,09-11-21,78.77,09-11-21,78.17,09-11-21,77.52,09-11-21,77.01,09-11-21,76.62,09-11-21,76.03,09-11-21,75.56,09-11-21,75.17,09-11-21,74.58,09-11-21,74.41
08-11-21,83.70,08-11-21,82.63,08-11-21,81.64,08-11-21,80.80,08-11-21,80.06,08-11-21,79.36,08-11-21,78.70,08-11-21,78.13,08-11-21,77.59,08-11-21,77.01,08-11-21,76.53,08-11-21,76.15,08-11-21,75.61,08-11-21,75.16,08-11-21,74.80,08-11-21,74.44,08-11-21,74.09
05-11-21,82.53,05-11-21,81.47,05-11-21,80.51,05-11-21,79.70,05-11-21,78.99,05-11-21,78.32,05-11-21,77.67,05-11-21,77.11,05-11-21,76.57,05-11-21,76.17,05-11-21,74.84,05-11-21,75.11,05-11-21,74.74,05-11-21,74.07,05-11-21,73.91,05-11-21,73.41,05-11-21,73.41
04-11-21,80.94,04-11-21,79.89,04-11-21,78.89,04-11-21,78.04,04-11-21,77.33,04-11-21,76.68,04-11-21,76.04,04-11-21,75.50,04-11-21,74.98,04-11-21,74.52,04-11-21,74.08,04-11-21,73.66,04-11-21,73.24,04-11-21,72.84,04-11-21,72.53,04-11-21,72.20,04-11-21,71.90
03-11-21,81.34,03-11-21,80.22,03-11-21,79.18,03-11-21,78.29,03-11-21,77.51,03-11-21,76.80,03-11-21,76.11,03-11-21,75.51,03-11-21,74.93,03-11-21,74.20,03-11-21,73.70,03-11-21,73.39,03-11-21,72.72,03-11-21,72.28,03-11-21,71.88,03-11-21,71.54,03-11-21,71.36
02-11-21,84.13,02-11-21,82.85,02-11-21,81.67,02-11-21,80.64,02-11-21,79.77,02-11-21,78.98,02-11-21,78.24,02-11-21,77.58,02-11-21,76.96,02-11-21,76.27,02-11-21,75.70,02-11-21,75.15,02-11-21,74.56,02-11-21,74.01,02-11-21,73.55,02-11-21,73.31,02-11-21,72.76
01-11-21,84.55,01-11-21,83.22,01-11-21,81.99,01-11-21,80.91,01-11-21,80.00,01-11-21,79.18,01-11-21,78.40,01-11-21,77.73,01-11-21,77.08,01-11-21,76.45,01-11-21,75.85,01-11-21,75.29,01-11-21,74.69,01-11-21,74.14,01-11-21,73.64,01-11-21,73.17,01-11-21,72.73
31-10-21,83.25,31-10-21,82.01,31-10-21,80.91,31-10-21,79.94,31-10-21,79.11,31-10-21,78.35,31-10-21,77.60,31-10-21,76.98,31-10-21,76.33,31-10-21,76.52,31-10-21,75.99,31-10-21,74.65,31-10-21,74.98,31-10-21,74.28,31-10-21,73.92,31-10-21,73.43,31-10-21,72.97
29-10-21,84.38,29-10-21,83.67,29-10-21,82.50,29-10-21,81.38,29-10-21,80.40,29-10-21,79.57,29-10-21,78.80,29-10-21,78.04,29-10-21,77.39,29-10-21,76.52,29-10-21,75.99,29-10-21,75.62,29-10-21,74.98,29-10-21,74.28,29-10-21,73.92,29-10-21,73.43,29-10-21,72.97
28-10-21,84.51,28-10-21,83.92,28-10-21,82.82,28-10-21,81.77,28-10-21,80.85,28-10-21,80.06,28-10-21,79.30,28-10-21,78.58,28-10-21,77.93,28-10-21,78.92,28-10-21,76.73,28-10-21,76.34,28-10-21,75.56,28-10-21,75.01,28-10-21,74.49,28-10-21,74.25,28-10-21,73.63
27-10-21,84.18,27-10-21,83.50,27-10-21,82.42,27-10-21,81.42,27-10-21,80.54,27-10-21,79.78,27-10-21,79.06,27-10-21,78.33,27-10-21,77.70,27-10-21,76.17,27-10-21,75.65,27-10-21,74.81,27-10-21,75.34,27-10-21,74.72,27-10-21,74.19,27-10-21,73.73,27-10-21,73.30
26-10-21,86.15,26-10-21,85.41,26-10-21,84.30,26-10-21,83.25,26-10-21,82.31,26-10-21,81.45,26-10-21,80.64,26-10-21,79.86,26-10-21,79.15,26-10-21,78.85,26-10-21,78.37,26-10-21,77.23,26-10-21,76.54,26-10-21,76.03,26-10-21,75.48,26-10-21,74.98,26-10-21,74.50
25-10-21,85.95,25-10-21,85.14,25-10-21,84.06,25-10-21,83.06,25-10-21,82.16,25-10-21,81.33,25-10-21,80.58,25-10-21,79.83,25-10-21,79.16,25-10-21,77.80,25-10-21,76.10,25-10-21,75.04,25-10-21,76.63,25-10-21,75.97,25-10-21,75.25,25-10-21,74.82,25-10-21,74.54
24-10-21,85.60,24-10-21,84.67,24-10-21,83.58,24-10-21,82.57,24-10-21,81.68,24-10-21,80.86,24-10-21,80.08,24-10-21,79.32,24-10-21,78.63,24-10-21,77.94,24-10-21,77.02,24-10-21,76.65,24-10-21,76.05,24-10-21,75.29,24-10-21,74.71,24-10-21,74.25,24-10-21,74.16
22-10-21,85.67,22-10-21,84.79,22-10-21,83.78,22-10-21,82.72,22-10-21,81.84,22-10-21,80.99,22-10-21,80.22,22-10-21,79.43,22-10-21,78.73,22-10-21,78.19,22-10-21,77.52,22-10-21,76.92,22-10-21,76.18,22-10-21,75.68,22-10-21,75.13,22-10-21,74.64,22-10-21,74.18
21-10-21,84.78,21-10-21,84.07,21-10-21,83.17,21-10-21,82.30,21-10-21,81.50,21-10-21,80.75,21-10-21,80.02,21-10-21,79.34,21-10-21,78.68,21-10-21,76.34,21-10-21,76.10,21-10-21,75.30,21-10-21,76.10,21-10-21,75.47,21-10-21,74.91,21-10-21,74.42,21-10-21,73.95
20-10-21,85.88,20-10-21,85.21,20-10-21,84.33,20-10-21,83.48,20-10-21,82.69,20-10-21,81.95,20-10-21,81.24,20-10-21,80.53,20-10-21,79.86,20-10-21,76.25,20-10-21,76.51,20-10-21,75.62,20-10-21,77.31,20-10-21,76.67,20-10-21,76.12,20-10-21,75.61,20-10-21,75.11
19-10-21,85.10,19-10-21,84.36,19-10-21,83.50,19-10-21,82.66,19-10-21,81.88,19-10-21,81.14,19-10-21,80.43,19-10-21,79.73,19-10-21,79.07,19-10-21,80.15,19-10-21,76.23,19-10-21,75.41,19-10-21,76.48,19-10-21,75.69,19-10-21,75.29,19-10-21,74.75,19-10-21,74.04
18-10-21,84.13,18-10-21,83.45,18-10-21,82.62,18-10-21,81.83,18-10-21,81.09,18-10-21,80.40,18-10-21,79.72,18-10-21,79.06,18-10-21,78.42,18-10-21,74.83,18-10-21,77.14,18-10-21,76.55,18-10-21,75.98,18-10-21,75.34,18-10-21,74.75,18-10-21,74.89,18-10-21,74.03
17-10-21,85.34,17-10-21,84.61,17-10-21,83.72,17-10-21,82.88,17-10-21,82.11,17-10-21,81.39,17-10-21,80.71,17-10-21,80.03,17-10-21,79.39,17-10-21,83.94,17-10-21,77.73,17-10-21,77.12,17-10-21,76.89,17-10-21,75.92,17-10-21,75.37,17-10-21,74.84,17-10-21,74.34
15-10-21,84.86,15-10-21,84.15,15-10-21,83.30,15-10-21,82.46,15-10-21,81.69,15-10-21,80.99,15-10-21,80.31,15-10-21,79.65,15-10-21,79.00,15-10-21,79.14,15-10-21,77.73,15-10-21,77.12,15-10-21,76.62,15-10-21,75.92,15-10-21,75.37,15-10-21,74.84,15-10-21,74.34
14-10-21,84.11,14-10-21,83.42,14-10-21,82.64,14-10-21,81.85,14-10-21,81.12,14-10-21,80.46,14-10-21,79.83,14-10-21,79.17,14-10-21,78.56,14-10-21,81.02,14-10-21,77.49,14-10-21,76.93,14-10-21,76.26,14-10-21,75.81,14-10-21,75.24,14-10-21,74.76,14-10-21,74.29
13-10-21,83.35,13-10-21,82.73,13-10-21,82.01,13-10-21,81.27,13-10-21,80.60,13-10-21,79.98,13-10-21,79.38,13-10-21,78.78,13-10-21,78.21,13-10-21,77.01,13-10-21,77.06,13-10-21,76.52,13-10-21,76.00,13-10-21,75.42,13-10-21,74.93,13-10-21,74.47,13-10-21,74.03
12-10-21,83.31,12-10-21,82.61,12-10-21,81.84,12-10-21,81.09,12-10-21,80.41,12-10-21,79.77,12-10-21,79.16,12-10-21,78.54,12-10-21,77.94,12-10-21,76.88,12-10-21,76.99,12-10-21,76.19,12-10-21,75.63,12-10-21,75.09,12-10-21,74.56,12-10-21,73.02,12-10-21,73.84
11-10-21,83.67,11-10-21,82.93,11-10-21,82.13,11-10-21,81.35,11-10-21,80.63,11-10-21,79.98,11-10-21,79.38,11-10-21,78.74,11-10-21,78.12,11-10-21,76.31,11-10-21,76.80,11-10-21,76.22,11-10-21,75.72,11-10-21,75.06,11-10-21,74.51,11-10-21,72.98,11-10-21,73.56
10-10-21,82.60,10-10-21,81.89,10-10-21,81.11,10-10-21,80.35,10-10-21,79.64,10-10-21,79.00,10-10-21,78.38,10-10-21,77.73,10-10-21,77.11,10-10-21,79.33,10-10-21,76.95,10-10-21,75.17,10-10-21,74.71,10-10-21,74.39,10-10-21,73.77,10-10-21,72.31,10-10-21,72.71
08-10-21,82.60,08-10-21,81.90,08-10-21,81.11,08-10-21,80.36,08-10-21,79.64,08-10-21,79.00,08-10-21,78.37,08-10-21,77.72,08-10-21,77.11,08-10-21,76.08,08-10-21,76.95,08-10-21,75.17,08-10-21,74.74,08-10-21,74.22,08-10-21,73.66,08-10-21,72.31,08-10-21,72.71
07-10-21,82.46,07-10-21,81.76,07-10-21,81.00,07-10-21,80.27,07-10-21,79.58,07-10-21,78.94,07-10-21,78.33,07-10-21,77.69,07-10-21,77.09,07-10-21,76.23,07-10-21,76.87,07-10-21,75.25,07-10-21,74.70,07-10-21,74.13,07-10-21,73.58,07-10-21,72.37,07-10-21,72.62
06-10-21,80.86,06-10-21,80.19,06-10-21,79.43,06-10-21,78.70,06-10-21,78.02,06-10-21,77.40,06-10-21,76.79,06-10-21,76.18,06-10-21,75.61,06-10-21,74.59,06-10-21,75.52,06-10-21,73.63,06-10-21,73.33,06-10-21,72.74,06-10-21,72.21,06-10-21,71.76,06-10-21,71.31
05-10-21,82.56,05-10-21,81.83,05-10-21,81.04,05-10-21,80.28,05-10-21,79.56,05-10-21,78.90,05-10-21,78.27,05-10-21,77.64,05-10-21,77.04,05-10-21,77.40,05-10-21,76.88,05-10-21,75.39,05-10-21,74.73,05-10-21,74.32,05-10-21,73.79,05-10-21,73.33,05-10-21,72.88
04-10-21,81.30,04-10-21,80.50,04-10-21,79.70,04-10-21,78.97,04-10-21,78.28,04-10-21,77.65,04-10-21,77.04,04-10-21,76.44,04-10-21,75.87,04-10-21,72.58,04-10-21,74.78,04-10-21,74.09,04-10-21,73.75,04-10-21,73.24,04-10-21,72.77,04-10-21,72.18,04-10-21,71.92
03-10-21,79.26,03-10-21,78.49,03-10-21,77.73,03-10-21,77.05,03-10-21,76.41,03-10-21,75.86,03-10-21,75.34,03-10-21,74.80,03-10-21,74.29,03-10-21,74.40,03-10-21,73.38,03-10-21,72.73,03-10-21,72.38,03-10-21,71.76,03-10-21,71.34,03-10-21,70.96,03-10-21,70.77
01-10-21,79.32,01-10-21,78.56,01-10-21,77.78,01-10-21,77.12,01-10-21,76.47,01-10-21,75.91,01-10-21,75.37,01-10-21,74.84,01-10-21,74.33,01-10-21,73.69,01-10-21,73.38,01-10-21,72.73,01-10-21,72.41,01-10-21,71.76,01-10-21,71.34,01-10-21,70.96,01-10-21,70.77
30-09-21,78.54,30-09-21,78.35,30-09-21,77.56,30-09-21,76.78,30-09-21,76.08,30-09-21,75.44,30-09-21,74.86,30-09-21,74.31,30-09-21,73.76,30-09-21,73.23,30-09-21,72.67,30-09-21,72.37,30-09-21,71.77,30-09-21,71.32,30-09-21,70.94,30-09-21,70.41,30-09-21,70.03
29-09-21,78.46,29-09-21,77.94,29-09-21,77.18,29-09-21,76.46,29-09-21,75.83,29-09-21,75.22,29-09-21,74.66,29-09-21,74.12,29-09-21,73.60,29-09-21,73.02,29-09-21,73.59,29-09-21,72.37,29-09-21,71.46,29-09-21,71.22,29-09-21,70.72,29-09-21,70.31,29-09-21,69.94
28-09-21,78.19,28-09-21,77.46,28-09-21,76.69,28-09-21,75.97,28-09-21,75.31,28-09-21,74.71,28-09-21,74.15,28-09-21,73.62,28-09-21,73.09,28-09-21,72.88,28-09-21,71.46,28-09-21,71.92,28-09-21,71.47,28-09-21,70.79,28-09-21,70.57,28-09-21,70.15,28-09-21,69.62
27-09-21,79.38,27-09-21,78.58,27-09-21,77.74,27-09-21,76.96,27-09-21,76.26,27-09-21,75.61,27-09-21,75.05,27-09-21,74.47,27-09-21,73.91,27-09-21,3.36,27-09-21,70.45,27-09-21,72.63,27-09-21,71.93,27-09-21,71.44,27-09-21,71.01,27-09-21,70.55,27-09-21,70.14
26-09-21,78.86,26-09-21,78.01,26-09-21,77.13,26-09-21,76.31,26-09-21,75.58,26-09-21,74.91,26-09-21,74.32,26-09-21,73.73,26-09-21,73.16,26-09-21,3.29,26-09-21,72.30,26-09-21,70.95,26-09-21,70.50,26-09-21,70.60,26-09-21,69.57,26-09-21,69.14,26-09-21,68.75
24-09-21,78.02,24-09-21,77.16,24-09-21,76.29,24-09-21,75.48,24-09-21,74.78,24-09-21,74.13,24-09-21,73.55,24-09-21,73.03,24-09-21,72.44,24-09-21,71.95,24-09-21,71.74,24-09-21,70.95,24-09-21,70.50,24-09-21,70.00,24-09-21,69.57,24-09-21,69.14,24-09-21,68.75
23-09-21,77.25,23-09-21,76.45,23-09-21,75.60,23-09-21,74.80,23-09-21,74.10,23-09-21,73.49,23-09-21,72.93,23-09-21,72.40,23-09-21,71.89,23-09-21,71.36,23-09-21,71.29,23-09-21,70.46,23-09-21,70.01,23-09-21,69.53,23-09-21,69.09,23-09-21,68.70,23-09-21,68.33
22-09-21,75.88,22-09-21,75.06,22-09-21,74.20,22-09-21,73.41,22-09-21,72.76,22-09-21,72.15,22-09-21,71.62,22-09-21,71.10,22-09-21,70.58,22-09-21,70.18,22-09-21,69.74,22-09-21,69.30,22-09-21,68.89,22-09-21,68.39,22-09-21,68.03,22-09-21,67.65,22-09-21,67.30
21-09-21,74.70,21-09-21,73.89,21-09-21,73.08,21-09-21,72.35,21-09-21,71.73,21-09-21,71.18,21-09-21,70.70,21-09-21,70.24,21-09-21,69.79,21-09-21,69.22,21-09-21,69.50,21-09-21,68.42,21-09-21,68.04,21-09-21,67.83,21-09-21,67.30,21-09-21,66.92,21-09-21,66.61
20-09-21,74.25,20-09-21,73.40,20-09-21,72.59,20-09-21,71.86,20-09-21,71.24,20-09-21,70.69,20-09-21,70.21,20-09-21,69.76,20-09-21,69.32,20-09-21,68.92,20-09-21,68.51,20-09-21,68.12,20-09-21,67.76,20-09-21,67.39,20-09-21,66.74,20-09-21,66.48,20-09-21,66.36
19-09-21,75.04,19-09-21,74.25,19-09-21,73.45,19-09-21,72.72,19-09-21,72.10,19-09-21,71.53,19-09-21,71.03,19-09-21,70.58,19-09-21,70.15,19-09-21,69.82,19-09-21,69.50,19-09-21,68.89,19-09-21,68.77,19-09-21,68.14,19-09-21,68.00,19-09-21,67.59,19-09-21,67.10
17-09-21,75.48,17-09-21,74.70,17-09-21,73.90,17-09-21,73.18,17-09-21,72.54,17-09-21,71.98,17-09-21,71.49,17-09-21,71.01,17-09-21,70.57,17-09-21,69.82,17-09-21,69.27,17-09-21,68.89,17-09-21,68.77,17-09-21,68.49,17-09-21,68.00,17-09-21,67.59,17-09-21,67.10
16-09-21,75.62,16-09-21,74.92,16-09-21,74.16,16-09-21,73.44,16-09-21,72.82,16-09-21,72.26,16-09-21,71.76,16-09-21,71.29,16-09-21,70.83,16-09-21,70.49,16-09-21,69.78,16-09-21,69.38,16-09-21,69.24,16-09-21,68.84,16-09-21,68.47,16-09-21,67.88,16-09-21,67.74
15-09-21,75.49,15-09-21,74.81,15-09-21,74.10,15-09-21,73.45,15-09-21,72.87,15-09-21,72.34,15-09-21,71.85,15-09-21,71.38,15-09-21,70.93,15-09-21,70.32,15-09-21,72.50,15-09-21,69.63,15-09-21,69.25,15-09-21,68.91,15-09-21,68.30,15-09-21,68.09,15-09-21,67.74
14-09-21,73.96,14-09-21,73.33,14-09-21,72.66,14-09-21,72.06,14-09-21,71.53,14-09-21,71.06,14-09-21,70.63,14-09-21,70.26,14-09-21,69.88,14-09-21,69.95,14-09-21,69.03,14-09-21,68.90,14-09-21,68.32,14-09-21,68.13,14-09-21,67.61,14-09-21,67.30,14-09-21,67.02
13-09-21,73.65,13-09-21,73.03,13-09-21,72.41,13-09-21,71.85,13-09-21,71.37,13-09-21,70.94,13-09-21,70.53,13-09-21,70.15,13-09-21,69.77,13-09-21,69.95,13-09-21,68.83,13-09-21,68.73,13-09-21,68.40,13-09-21,68.03,13-09-21,67.71,13-09-21,67.41,13-09-21,67.11
12-09-21,73.29,12-09-21,72.61,12-09-21,71.97,12-09-21,71.40,12-09-21,70.95,12-09-21,70.52,12-09-21,70.13,12-09-21,69.75,12-09-21,69.39,12-09-21,69.92,12-09-21,69.00,12-09-21,68.30,12-09-21,67.90,12-09-21,67.69,12-09-21,67.08,12-09-21,66.78,12-09-21,66.50
10-09-21,72.95,10-09-21,72.29,10-09-21,71.66,10-09-21,71.10,10-09-21,70.64,10-09-21,70.23,10-09-21,69.87,10-09-21,69.51,10-09-21,69.16,10-09-21,69.92,10-09-21,68.39,10-09-21,68.30,10-09-21,67.90,10-09-21,67.52,10-09-21,67.08,10-09-21,66.78,10-09-21,66.50
09-09-21,71.36,09-09-21,70.68,09-09-21,70.05,09-09-21,69.50,09-09-21,69.08,09-09-21,68.68,09-09-21,68.33,09-09-21,67.98,09-09-21,67.65,09-09-21,69.85,09-09-21,66.89,09-09-21,66.59,09-09-21,66.28,09-09-21,66.09,09-09-21,65.66,09-09-21,65.38,09-09-21,65.13
08-09-21,72.69,08-09-21,71.90,08-09-21,71.23,08-09-21,70.62,08-09-21,70.16,08-09-21,69.75,08-09-21,69.37,08-09-21,69.00,08-09-21,68.65,08-09-21,69.90,08-09-21,67.95,08-09-21,67.62,08-09-21,67.30,08-09-21,67.00,08-09-21,66.66,08-09-21,66.38,08-09-21,66.10
07-09-21,71.55,07-09-21,70.92,07-09-21,70.33,07-09-21,69.84,07-09-21,69.43,07-09-21,69.04,07-09-21,68.70,07-09-21,68.38,07-09-21,68.05,07-09-21,69.88,07-09-21,67.50,07-09-21,67.23,07-09-21,66.93,07-09-21,66.54,07-09-21,66.33,07-09-21,66.06,07-09-21,65.81
06-09-21,72.09,06-09-21,71.48,06-09-21,70.90,06-09-21,70.40,06-09-21,69.99,06-09-21,69.62,06-09-21,69.27,06-09-21,68.92,06-09-21,68.57,06-09-21,69.92,06-09-21,65.00,06-09-21,67.92,06-09-21,67.59,06-09-21,67.02,06-09-21,66.75,06-09-21,66.59,06-09-21,66.30
05-09-21,72.05,05-09-21,71.47,05-09-21,70.92,05-09-21,70.44,05-09-21,70.03,05-09-21,69.66,05-09-21,69.29,05-09-21,68.95,05-09-21,68.61,05-09-21,69.92,05-09-21,68.26,05-09-21,67.92,05-09-21,67.59,05-09-21,66.95,05-09-21,66.75,05-09-21,66.59,05-09-21,66.30
03-09-21,72.53,03-09-21,71.91,03-09-21,71.32,03-09-21,70.83,03-09-21,70.42,03-09-21,70.04,03-09-21,69.68,03-09-21,69.31,03-09-21,68.96,03-09-21,69.92,03-09-21,68.26,03-09-21,67.92,03-09-21,67.59,03-09-21,67.28,03-09-21,66.75,03-09-21,66.59,03-09-21,66.30
02-09-21,72.81,02-09-21,72.17,02-09-21,71.60,02-09-21,71.12,02-09-21,70.69,02-09-21,70.30,02-09-21,69.91,02-09-21,69.52,02-09-21,69.15,02-09-21,69.92,02-09-21,68.00,02-09-21,67.81,02-09-21,67.70,02-09-21,67.40,02-09-21,67.02,02-09-21,66.66,02-09-21,66.27
01-09-21,71.31,01-09-21,70.75,01-09-21,70.23,01-09-21,69.77,01-09-21,69.36,01-09-21,69.00,01-09-21,68.65,01-09-21,68.30,01-09-21,67.95,01-09-21,69.87,01-09-21,66.98,01-09-21,66.92,01-09-21,66.58,01-09-21,66.30,01-09-21,65.91,01-09-21,65.59,01-09-21,65.33
31-08-21,72.96,31-08-21,71.58,31-08-21,70.95,31-08-21,70.41,31-08-21,69.95,31-08-21,69.52,31-08-21,69.14,31-08-21,68.77,31-08-21,68.41,31-08-21,68.20,31-08-21,67.89,31-08-21,67.59,31-08-21,67.00,31-08-21,66.84,31-08-21,66.38,31-08-21,66.00,31-08-21,65.87
30-08-21,73.48,30-08-21,72.10,30-08-21,71.40,30-08-21,70.79,30-08-21,70.27,30-08-21,69.79,30-08-21,69.36,30-08-21,68.97,30-08-21,68.59,30-08-21,68.00,30-08-21,69.95,30-08-21,67.71,30-08-21,67.48,30-08-21,67.05,30-08-21,66.56,30-08-21,66.18,30-08-21,66.06
29-08-21,73.58,29-08-21,72.57,29-08-21,71.89,29-08-21,71.27,29-08-21,70.75,29-08-21,70.28,29-08-21,69.87,29-08-21,69.49,29-08-21,69.12,29-08-21,68.00,29-08-21,69.87,29-08-21,67.82,29-08-21,67.06,29-08-21,66.73,29-08-21,67.03,29-08-21,66.08,29-08-21,65.80
27-08-21,72.69,27-08-21,71.63,27-08-21,71.00,27-08-21,70.41,27-08-21,69.91,27-08-21,69.46,27-08-21,69.06,27-08-21,68.69,27-08-21,68.34,27-08-21,68.00,27-08-21,69.87,27-08-21,67.45,27-08-21,67.06,27-08-21,66.73,27-08-21,66.41,27-08-21,66.08,27-08-21,65.80
26-08-21,71.48,26-08-21,70.55,26-08-21,69.92,26-08-21,69.35,26-08-21,68.86,26-08-21,68.43,26-08-21,68.05,26-08-21,67.71,26-08-21,67.42,26-08-21,68.00,26-08-21,69.83,26-08-21,66.47,26-08-21,65.91,26-08-21,70.57,26-08-21,65.60,26-08-21,65.23,26-08-21,64.78
25-08-21,71.97,25-08-21,71.02,25-08-21,70.34,25-08-21,69.73,25-08-21,69.23,25-08-21,68.77,25-08-21,68.38,25-08-21,68.03,25-08-21,67.69,25-08-21,68.88,25-08-21,67.03,25-08-21,66.72,25-08-21,66.42,25-08-21,70.67,25-08-21,65.83,25-08-21,65.34,25-08-21,65.21
24-08-21,71.14,24-08-21,70.48,24-08-21,69.84,24-08-21,69.28,24-08-21,68.78,24-08-21,68.31,24-08-21,67.93,24-08-21,67.59,24-08-21,67.27,24-08-21,68.00,24-08-21,66.65,24-08-21,66.35,24-08-21,66.05,24-08-21,65.75,24-08-21,65.39,24-08-21,65.13,24-08-21,64.87
23-08-21,68.79,23-08-21,68.39,23-08-21,67.88,23-08-21,67.39,23-08-21,66.92,23-08-21,66.49,23-08-21,66.14,23-08-21,65.83,23-08-21,65.52,23-08-21,67.00,23-08-21,64.75,23-08-21,64.49,23-08-21,64.22,23-08-21,63.95,23-08-21,63.85,23-08-21,63.40,23-08-21,63.17
22-08-21,65.45,22-08-21,65.00,22-08-21,64.53,22-08-21,64.09,22-08-21,63.71,22-08-21,63.38,22-08-21,63.07,22-08-21,62.81,22-08-21,62.56,22-08-21,70.53,22-08-21,61.74,22-08-21,61.51,22-08-21,61.04,22-08-21,61.06,22-08-21,61.13,22-08-21,60.61,22-08-21,60.41
20-08-21,65.02,20-08-21,64.59,20-08-21,64.12,20-08-21,63.70,20-08-21,63.33,20-08-21,63.00,20-08-21,62.71,20-08-21,62.46,20-08-21,62.20,20-08-21,70.53,20-08-21,61.74,20-08-21,61.51,20-08-21,61.04,20-08-21,61.06,20-08-21,60.76,20-08-21,60.61,20-08-21,60.41
19-08-21,66.51,19-08-21,66.08,19-08-21,65.57,19-08-21,65.12,19-08-21,64.71,19-08-21,64.36,19-08-21,64.07,19-08-21,63.81,19-08-21,63.57,19-08-21,70.60,19-08-21,63.16,19-08-21,64.37,19-08-21,62.73,19-08-21,62.51,19-08-21,62.17,19-08-21,61.98,19-08-21,61.80
18-08-21,67.52,18-08-21,67.08,18-08-21,66.60,18-08-21,66.16,18-08-21,65.78,18-08-21,65.44,18-08-21,65.16,18-08-21,64.91,18-08-21,64.68,18-08-21,68.08,18-08-21,63.95,18-08-21,63.71,18-08-21,63.48,18-08-21,63.22,18-08-21,63.16,18-08-21,62.74,18-08-21,62.51
17-08-21,69.13,17-08-21,68.69,17-08-21,68.19,17-08-21,67.75,17-08-21,67.33,17-08-21,66.96,17-08-21,66.64,17-08-21,66.35,17-08-21,66.07,17-08-21,68.12,17-08-21,65.36,17-08-21,65.12,17-08-21,65.69,17-08-21,64.58,17-08-21,64.44,17-08-21,64.01,17-08-21,63.80
16-08-21,69.58,16-08-21,69.20,16-08-21,68.72,16-08-21,68.28,16-08-21,67.87,16-08-21,67.51,16-08-21,67.19,16-08-21,66.90,16-08-21,66.64,16-08-21,66.72,16-08-21,66.17,16-08-21,66.16,16-08-21,65.89,16-08-21,65.36,16-08-21,65.01,16-08-21,64.82,16-08-21,64.76
15-08-21,70.25,15-08-21,69.87,15-08-21,69.41,15-08-21,68.98,15-08-21,68.55,15-08-21,68.17,15-08-21,67.85,15-08-21,67.56,15-08-21,67.28,15-08-21,66.72,15-08-21,66.62,15-08-21,66.34,15-08-21,66.05,15-08-21,65.75,15-08-21,65.57,15-08-21,65.19,15-08-21,64.94
13-08-21,70.22,13-08-21,69.87,13-08-21,69.41,13-08-21,68.98,13-08-21,68.56,13-08-21,68.17,13-08-21,67.85,13-08-21,67.56,13-08-21,67.29,13-08-21,66.72,13-08-21,66.62,13-08-21,66.34,13-08-21,66.05,13-08-21,65.75,13-08-21,65.53,13-08-21,65.19,13-08-21,64.94
12-08-21,71.16,12-08-21,70.75,12-08-21,70.28,12-08-21,69.83,12-08-21,69.38,12-08-21,68.98,12-08-21,68.64,12-08-21,68.34,12-08-21,68.04,12-08-21,67.41,12-08-21,67.45,12-08-21,67.14,12-08-21,66.82,12-08-21,66.50,12-08-21,66.16,12-08-21,65.88,12-08-21,65.79
11-08-21,71.62,11-08-21,71.25,11-08-21,70.78,11-08-21,70.32,11-08-21,69.85,11-08-21,69.42,11-08-21,69.06,11-08-21,68.73,11-08-21,68.43,11-08-21,67.88,11-08-21,67.74,11-08-21,67.47,11-08-21,67.16,11-08-21,66.83,11-08-21,66.57,11-08-21,65.82,11-08-21,65.91
10-08-21,70.88,10-08-21,70.47,10-08-21,70.02,10-08-21,69.53,10-08-21,69.08,10-08-21,68.69,10-08-21,68.35,10-08-21,68.02,10-08-21,67.72,10-08-21,67.88,10-08-21,66.97,10-08-21,66.70,10-08-21,66.41,10-08-21,66.09,10-08-21,65.89,10-08-21,65.47,10-08-21,65.22
09-08-21,69.21,09-08-21,68.77,09-08-21,68.33,09-08-21,67.88,09-08-21,67.42,09-08-21,67.03,09-08-21,66.69,09-08-21,66.39,09-08-21,66.11,09-08-21,70.72,09-08-21,65.59,09-08-21,65.31,09-08-21,65.05,09-08-21,64.93,09-08-21,64.52,09-08-21,64.26,09-08-21,64.01
08-08-21,69.59,08-08-21,69.23,08-08-21,68.83,08-08-21,68.39,08-08-21,67.96,08-08-21,67.58,08-08-21,67.26,08-08-21,66.95,08-08-21,66.66,08-08-21,67.75,08-08-21,66.58,08-08-21,66.28,08-08-21,65.98,08-08-21,65.70,08-08-21,64.98,08-08-21,65.14,08-08-21,64.86
06-08-21,70.37,06-08-21,69.97,06-08-21,69.48,06-08-21,69.02,06-08-21,68.56,06-08-21,68.17,06-08-21,67.83,06-08-21,67.50,06-08-21,67.19,06-08-21,67.75,06-08-21,66.58,06-08-21,66.28,06-08-21,65.98,06-08-21,65.70,06-08-21,65.40,06-08-21,65.14,06-08-21,64.86
05-08-21,71.19,05-08-21,70.69,05-08-21,70.15,05-08-21,69.61,05-08-21,69.10,05-08-21,68.68,05-08-21,68.30,05-08-21,67.95,05-08-21,67.63,05-08-21,67.75,05-08-21,67.08,05-08-21,66.75,05-08-21,66.45,05-08-21,66.15,05-08-21,65.80,05-08-21,65.59,05-08-21,65.30
04-08-21,70.31,04-08-21,69.80,04-08-21,69.26,04-08-21,68.72,04-08-21,68.23,04-08-21,67.82,04-08-21,67.46,04-08-21,67.12,04-08-21,66.81,04-08-21,67.75,04-08-21,66.05,04-08-21,65.76,04-08-21,65.47,04-08-21,65.01,04-08-21,65.02,04-08-21,64.61,04-08-21,64.17
03-08-21,72.31,03-08-21,71.69,03-08-21,71.05,03-08-21,70.44,03-08-21,69.90,03-08-21,69.44,03-08-21,69.03,03-08-21,68.65,03-08-21,68.28,03-08-21,70.83,03-08-21,67.66,03-08-21,67.37,03-08-21,66.94,03-08-21,66.58,03-08-21,66.19,03-08-21,65.96,03-08-21,65.64
02-08-21,73.25,02-08-21,72.56,02-08-21,71.84,02-08-21,71.17,02-08-21,70.58,02-08-21,70.09,02-08-21,69.64,02-08-21,69.23,02-08-21,68.84,02-08-21,70.84,02-08-21,67.91,02-08-21,67.80,02-08-21,67.42,02-08-21,66.79,02-08-21,66.61,02-08-21,66.12,02-08-21,65.79
01-08-21,75.13,01-08-21,74.30,01-08-21,73.52,01-08-21,72.80,01-08-21,72.16,01-08-21,71.63,01-08-21,71.17,01-08-21,70.73,01-08-21,70.32,01-08-21,69.50,01-08-21,70.29,01-08-21,69.65,01-08-21,69.31,01-08-21,69.17,01-08-21,67.98,01-08-21,68.13,01-08-21,67.77
30-07-21,76.32,30-07-21,75.33,30-07-21,74.50,30-07-21,73.71,30-07-21,72.99,30-07-21,72.35,30-07-21,71.83,30-07-21,71.36,30-07-21,70.92,30-07-21,70.51,30-07-21,70.29,30-07-21,69.65,30-07-21,69.31,30-07-21,69.17,30-07-21,68.69,30-07-21,68.13,30-07-21,67.77
29-07-21,75.88,29-07-21,74.87,29-07-21,74.14,29-07-21,73.38,29-07-21,72.69,29-07-21,72.08,29-07-21,71.56,29-07-21,71.09,29-07-21,70.66,29-07-21,70.25,29-07-21,68.12,29-07-21,69.29,29-07-21,69.08,29-07-21,68.45,29-07-21,68.31,29-07-21,67.91,29-07-21,67.58
28-07-21,74.78,28-07-21,73.90,28-07-21,73.14,28-07-21,72.36,28-07-21,71.67,28-07-21,71.06,28-07-21,70.55,28-07-21,70.11,28-07-21,69.69,28-07-21,69.31,28-07-21,68.07,28-07-21,68.46,28-07-21,68.12,28-07-21,67.76,28-07-21,67.39,28-07-21,67.07,28-07-21,66.64
27-07-21,74.72,27-07-21,73.76,27-07-21,72.94,27-07-21,72.15,27-07-21,71.45,27-07-21,70.82,27-07-21,70.30,27-07-21,69.85,27-07-21,69.42,27-07-21,69.02,27-07-21,68.64,27-07-21,68.25,27-07-21,67.91,27-07-21,67.53,27-07-21,67.17,27-07-21,66.76,27-07-21,66.39
26-07-21,74.82,26-07-21,73.96,26-07-21,73.14,26-07-21,72.30,26-07-21,71.58,26-07-21,70.95,26-07-21,70.42,26-07-21,69.95,26-07-21,69.52,26-07-21,69.10,26-07-21,68.67,26-07-21,68.28,26-07-21,67.92,26-07-21,67.55,26-07-21,67.35,26-07-21,66.78,26-07-21,66.41
25-07-21,74.38,25-07-21,73.72,25-07-21,72.94,25-07-21,72.14,25-07-21,71.44,25-07-21,70.81,25-07-21,70.28,25-07-21,69.81,25-07-21,69.38,25-07-21,68.98,25-07-21,68.37,25-07-21,67.99,25-07-21,67.65,25-07-21,67.28,25-07-21,66.90,25-07-21,66.69,25-07-21,66.12
23-07-21,74.14,23-07-21,73.52,23-07-21,72.73,23-07-21,71.94,23-07-21,71.24,23-07-21,70.63,23-07-21,70.08,23-07-21,69.64,23-07-21,69.21,23-07-21,68.78,23-07-21,68.37,23-07-21,67.99,23-07-21,67.65,23-07-21,67.28,23-07-21,66.90,23-07-21,66.53,23-07-21,66.12
22-07-21,73.64,22-07-21,73.02,22-07-21,72.28,22-07-21,71.55,22-07-21,70.89,22-07-21,70.28,22-07-21,69.77,22-07-21,69.32,22-07-21,68.91,22-07-21,68.53,22-07-21,68.12,22-07-21,67.75,22-07-21,67.41,22-07-21,67.29,22-07-21,66.85,22-07-21,66.32,22-07-21,65.95
21-07-21,72.23,21-07-21,71.61,21-07-21,70.95,21-07-21,70.27,21-07-21,69.66,21-07-21,69.12,21-07-21,68.66,21-07-21,68.26,21-07-21,67.90,21-07-21,67.52,21-07-21,67.12,21-07-21,62.24,21-07-21,66.45,21-07-21,66.13,21-07-21,65.80,21-07-21,65.53,21-07-21,65.18
20-07-21,68.66,20-07-21,68.06,20-07-21,67.49,20-07-21,66.91,20-07-21,66.40,20-07-21,65.94,20-07-21,65.53,20-07-21,65.19,20-07-21,64.87,20-07-21,64.55,20-07-21,64.20,20-07-21,62.11,20-07-21,63.38,20-07-21,63.37,20-07-21,63.09,20-07-21,62.83,20-07-21,62.52
19-07-21,68.76,19-07-21,68.18,19-07-21,67.61,19-07-21,67.05,19-07-21,66.56,19-07-21,66.12,19-07-21,65.76,19-07-21,65.44,19-07-21,65.16,19-07-21,64.89,19-07-21,64.59,19-07-21,64.33,19-07-21,63.82,19-07-21,63.56,19-07-21,63.55,19-07-21,63.25,19-07-21,62.98
18-07-21,73.07,18-07-21,72.44,18-07-21,71.77,18-07-21,71.10,18-07-21,70.51,18-07-21,69.99,18-07-21,69.54,18-07-21,69.16,18-07-21,68.80,18-07-21,68.43,18-07-21,68.17,18-07-21,67.84,18-07-21,67.55,18-07-21,67.23,18-07-21,67.07,18-07-21,66.51,18-07-21,66.23
16-07-21,73.17,16-07-21,72.54,16-07-21,71.87,16-07-21,71.22,16-07-21,70.63,16-07-21,70.12,16-07-21,69.68,16-07-21,69.29,16-07-21,68.97,16-07-21,68.61,16-07-21,68.17,16-07-21,67.84,16-07-21,67.55,16-07-21,67.23,16-07-21,67.07,16-07-21,66.63,16-07-21,66.23
15-07-21,73.27,15-07-21,72.60,15-07-21,71.92,15-07-21,71.24,15-07-21,70.66,15-07-21,70.13,15-07-21,69.68,15-07-21,69.29,15-07-21,68.93,15-07-21,68.56,15-07-21,68.19,15-07-21,67.85,15-07-21,67.50,15-07-21,67.16,15-07-21,66.82,15-07-21,66.51,15-07-21,66.18
14-07-21,74.56,14-07-21,73.81,14-07-21,73.06,14-07-21,72.32,14-07-21,71.66,14-07-21,71.08,14-07-21,70.58,14-07-21,70.16,14-07-21,69.76,14-07-21,69.35,14-07-21,68.86,14-07-21,68.50,14-07-21,68.42,14-07-21,68.04,14-07-21,67.59,14-07-21,67.14,14-07-21,66.69
13-07-21,76.36,13-07-21,75.58,13-07-21,74.81,13-07-21,74.02,13-07-21,73.33,13-07-21,72.70,13-07-21,72.15,13-07-21,71.68,13-07-21,71.23,13-07-21,70.77,13-07-21,70.44,13-07-21,70.03,13-07-21,69.66,13-07-21,69.27,13-07-21,68.88,13-07-21,68.39,13-07-21,68.09
12-07-21,75.19,12-07-21,74.43,12-07-21,73.66,12-07-21,72.86,12-07-21,72.17,12-07-21,71.56,12-07-21,71.03,12-07-21,70.56,12-07-21,70.10,12-07-21,69.66,12-07-21,69.30,12-07-21,68.90,12-07-21,68.50,12-07-21,68.11,12-07-21,67.73,12-07-21,67.27,12-07-21,66.93
11-07-21,75.62,11-07-21,74.79,11-07-21,73.96,11-07-21,73.15,11-07-21,72.42,11-07-21,71.78,11-07-21,71.23,11-07-21,70.74,11-07-21,70.27,11-07-21,69.82,11-07-21,69.34,11-07-21,68.92,11-07-21,68.51,11-07-21,68.11,11-07-21,67.71,11-07-21,67.36,11-07-21,66.89
09-07-21,75.54,09-07-21,74.70,09-07-21,73.91,09-07-21,73.10,09-07-21,72.37,09-07-21,71.73,09-07-21,71.17,09-07-21,70.69,09-07-21,70.23,09-07-21,69.76,09-07-21,69.34,09-07-21,68.92,09-07-21,68.51,09-07-21,68.11,09-07-21,67.71,09-07-21,67.30,09-07-21,66.89
08-07-21,74.36,08-07-21,73.52,08-07-21,72.71,08-07-21,71.92,08-07-21,71.22,08-07-21,70.58,08-07-21,70.05,08-07-21,69.57,08-07-21,69.12,08-07-21,68.68,08-07-21,66.47,08-07-21,67.86,08-07-21,67.43,08-07-21,67.05,08-07-21,66.65,08-07-21,66.28,08-07-21,65.87
07-07-21,73.35,07-07-21,72.46,07-07-21,71.66,07-07-21,70.89,07-07-21,70.20,07-07-21,69.59,07-07-21,69.05,07-07-21,68.59,07-07-21,68.16,07-07-21,67.76,07-07-21,66.66,07-07-21,66.90,07-07-21,66.17,07-07-21,66.17,07-07-21,65.77,07-07-21,65.47,07-07-21,65.02
06-07-21,74.97,06-07-21,74.00,06-07-21,73.14,06-07-21,72.34,06-07-21,71.63,06-07-21,71.00,06-07-21,70.47,06-07-21,70.02,06-07-21,69.58,06-07-21,69.15,06-07-21,67.96,06-07-21,68.28,06-07-21,69.99,06-07-21,67.24,06-07-21,67.11,06-07-21,66.81,06-07-21,66.36
05-07-21,77.10,05-07-21,76.13,05-07-21,75.25,05-07-21,74.45,05-07-21,73.71,05-07-21,73.08,05-07-21,72.52,05-07-21,72.03,05-07-21,71.56,05-07-21,71.10,05-07-21,67.69,05-07-21,69.81,05-07-21,69.41,05-07-21,69.03,05-07-21,68.62,05-07-21,68.57,05-07-21,67.79
04-07-21,76.14,04-07-21,75.25,04-07-21,74.47,04-07-21,73.72,04-07-21,73.06,04-07-21,72.49,04-07-21,71.99,04-07-21,71.52,04-07-21,71.08,04-07-21,70.65,04-07-21,67.69,04-07-21,69.81,04-07-21,69.41,04-07-21,69.03,04-07-21,68.62,04-07-21,68.23,04-07-21,67.79
02-07-21,76.11,02-07-21,75.21,02-07-21,74.43,02-07-21,73.68,02-07-21,73.01,02-07-21,72.43,02-07-21,71.96,02-07-21,71.49,02-07-21,71.04,02-07-21,70.63,02-07-21,67.69,02-07-21,69.81,02-07-21,69.41,02-07-21,69.03,02-07-21,68.62,02-07-21,68.10,02-07-21,67.79
01-07-21,75.61,01-07-21,74.73,01-07-21,73.95,01-07-21,73.19,01-07-21,72.55,01-07-21,71.98,01-07-21,71.49,01-07-21,71.03,01-07-21,70.59,01-07-21,70.14,01-07-21,67.50,01-07-21,69.29,01-07-21,68.90,01-07-21,68.51,01-07-21,68.29,01-07-21,67.74,01-07-21,67.29
30-06-21,75.13,30-06-21,74.61,30-06-21,73.76,30-06-21,73.02,30-06-21,72.34,30-06-21,71.74,30-06-21,71.21,30-06-21,70.72,30-06-21,70.27,30-06-21,69.86,30-06-21,69.43,30-06-21,69.14,30-06-21,68.70,30-06-21,68.27,30-06-21,67.92,30-06-21,67.55,30-06-21,67.15
29-06-21,75.10,29-06-21,74.67,29-06-21,73.91,29-06-21,73.23,29-06-21,72.58,29-06-21,72.02,29-06-21,71.51,29-06-21,71.05,29-06-21,70.62,29-06-21,70.16,29-06-21,69.79,29-06-21,67.40,29-06-21,69.03,29-06-21,68.91,29-06-21,68.27,29-06-21,67.90,29-06-21,67.57
28-06-21,74.64,28-06-21,74.07,28-06-21,73.30,28-06-21,72.64,28-06-21,72.06,28-06-21,71.50,28-06-21,71.00,28-06-21,70.56,28-06-21,70.13,28-06-21,70.73,28-06-21,69.35,28-06-21,67.31,28-06-21,68.59,28-06-21,68.23,28-06-21,67.88,28-06-21,67.52,28-06-21,67.22
27-06-21,76.29,27-06-21,75.48,27-06-21,74.63,27-06-21,73.87,27-06-21,73.20,27-06-21,72.62,27-06-21,72.09,27-06-21,71.60,27-06-21,71.14,27-06-21,70.45,27-06-21,70.28,27-06-21,67.55,27-06-21,69.44,27-06-21,69.34,27-06-21,68.67,27-06-21,68.28,27-06-21,67.99
25-06-21,76.13,25-06-21,75.30,25-06-21,74.49,25-06-21,73.75,25-06-21,73.08,25-06-21,72.50,25-06-21,71.98,25-06-21,71.49,25-06-21,71.05,25-06-21,70.45,25-06-21,70.18,25-06-21,67.55,25-06-21,69.44,25-06-21,69.34,25-06-21,68.67,25-06-21,68.28,25-06-21,67.91
24-06-21,75.58,24-06-21,74.83,24-06-21,74.03,24-06-21,73.33,24-06-21,72.69,24-06-21,72.13,24-06-21,71.62,24-06-21,71.15,24-06-21,70.70,24-06-21,70.28,24-06-21,69.85,24-06-21,67.43,24-06-21,69.08,24-06-21,68.54,24-06-21,68.34,24-06-21,67.98,24-06-21,67.59
23-06-21,75.39,23-06-21,74.68,23-06-21,73.86,23-06-21,73.13,23-06-21,72.48,23-06-21,71.90,23-06-21,71.38,23-06-21,70.91,23-06-21,70.45,23-06-21,70.08,23-06-21,69.59,23-06-21,67.40,23-06-21,68.91,23-06-21,68.53,23-06-21,68.14,23-06-21,67.76,23-06-21,67.31
22-06-21,74.75,22-06-21,74.03,22-06-21,73.16,22-06-21,72.41,22-06-21,71.75,22-06-21,71.18,22-06-21,70.65,22-06-21,70.18,22-06-21,69.72,22-06-21,69.57,22-06-21,68.89,22-06-21,67.24,22-06-21,68.42,22-06-21,67.84,22-06-21,67.67,22-06-21,67.27,22-06-21,66.65
21-06-21,74.85,21-06-21,73.98,21-06-21,73.06,21-06-21,72.28,21-06-21,71.63,21-06-21,71.05,21-06-21,70.51,21-06-21,70.03,21-06-21,69.57,21-06-21,69.17,21-06-21,68.72,21-06-21,67.03,21-06-21,67.96,21-06-21,68.38,21-06-21,67.22,21-06-21,66.84,21-06-21,66.43
20-06-21,73.67,20-06-21,72.88,20-06-21,72.06,20-06-21,71.34,20-06-21,70.73,20-06-21,70.18,20-06-21,69.67,20-06-21,69.20,20-06-21,68.77,20-06-21,68.24,20-06-21,67.96,20-06-21,67.64,20-06-21,67.28,20-06-21,66.89,20-06-21,66.52,20-06-21,65.93,20-06-21,65.76
18-06-21,73.19,18-06-21,72.40,18-06-21,71.58,18-06-21,70.89,18-06-21,70.29,18-06-21,69.75,18-06-21,69.24,18-06-21,68.80,18-06-21,68.36,18-06-21,68.17,18-06-21,67.64,18-06-21,66.67,18-06-21,66.92,18-06-21,67.85,18-06-21,66.18,18-06-21,66.02,18-06-21,65.46
17-06-21,73.05,17-06-21,72.23,17-06-21,71.44,17-06-21,70.76,17-06-21,70.18,17-06-21,69.65,17-06-21,69.16,17-06-21,68.71,17-06-21,68.28,17-06-21,68.38,17-06-21,67.48,17-06-21,67.17,17-06-21,66.82,17-06-21,67.70,17-06-21,66.12,17-06-21,65.71,17-06-21,65.31
16-06-21,73.86,16-06-21,73.05,16-06-21,72.30,16-06-21,71.66,16-06-21,71.08,16-06-21,70.56,16-06-21,70.06,16-06-21,69.62,16-06-21,69.19,16-06-21,68.84,16-06-21,68.39,16-06-21,67.36,16-06-21,67.76,16-06-21,67.94,16-06-21,66.75,16-06-21,66.62,16-06-21,66.18
15-06-21,74.23,15-06-21,73.51,15-06-21,72.79,15-06-21,72.14,15-06-21,71.55,15-06-21,71.00,15-06-21,70.49,15-06-21,70.02,15-06-21,69.56,15-06-21,69.09,15-06-21,68.77,15-06-21,68.32,15-06-21,67.95,15-06-21,67.54,15-06-21,67.17,15-06-21,66.81,15-06-21,66.49
14-06-21,73.11,14-06-21,72.52,14-06-21,71.84,14-06-21,71.23,14-06-21,70.69,14-06-21,70.19,14-06-21,69.74,14-06-21,69.30,14-06-21,68.89,14-06-21,68.72,14-06-21,68.14,14-06-21,67.84,14-06-21,67.51,14-06-21,67.17,14-06-21,66.92,14-06-21,66.49,14-06-21,66.04
13-06-21,72.77,13-06-21,72.18,13-06-21,71.53,13-06-21,70.95,13-06-21,70.40,13-06-21,69.91,13-06-21,69.46,13-06-21,69.04,13-06-21,68.64,13-06-21,68.33,13-06-21,67.90,13-06-21,67.48,13-06-21,67.16,13-06-21,63.66,13-06-21,66.73,13-06-21,66.35,13-06-21,65.85
11-06-21,72.65,11-06-21,72.07,11-06-21,71.44,11-06-21,70.87,11-06-21,70.35,11-06-21,69.87,11-06-21,69.44,11-06-21,69.02,11-06-21,68.62,11-06-21,68.33,11-06-21,67.90,11-06-21,67.48,11-06-21,67.16,11-06-21,63.66,11-06-21,66.73,11-06-21,66.35,11-06-21,65.85
10-06-21,72.38,10-06-21,71.85,10-06-21,71.24,10-06-21,70.66,10-06-21,70.12,10-06-21,69.65,10-06-21,69.20,10-06-21,68.80,10-06-21,68.41,10-06-21,67.97,10-06-21,67.71,10-06-21,67.32,10-06-21,67.01,10-06-21,63.57,10-06-21,66.32,10-06-21,65.77,10-06-21,65.74
09-06-21,72.05,09-06-21,71.56,09-06-21,70.97,09-06-21,70.44,09-06-21,69.92,09-06-21,69.45,09-06-21,69.01,09-06-21,68.61,09-06-21,68.23,09-06-21,67.89,09-06-21,67.54,09-06-21,67.21,09-06-21,66.89,09-06-21,63.55,09-06-21,66.26,09-06-21,65.94,09-06-21,65.60
08-06-21,72.06,08-06-21,71.65,08-06-21,71.08,08-06-21,70.53,08-06-21,70.00,08-06-21,69.54,08-06-21,69.10,08-06-21,68.69,08-06-21,68.31,08-06-21,68.02,08-06-21,67.61,08-06-21,67.34,08-06-21,67.02,08-06-21,63.60,08-06-21,66.36,08-06-21,66.24,08-06-21,65.65
07-06-21,71.49,07-06-21,71.11,07-06-21,70.56,07-06-21,70.08,07-06-21,69.60,07-06-21,69.12,07-06-21,68.70,07-06-21,68.32,07-06-21,67.95,07-06-21,67.60,07-06-21,67.24,07-06-21,66.93,07-06-21,66.63,07-06-21,63.42,07-06-21,66.02,07-06-21,65.70,07-06-21,65.36
06-06-21,71.95,06-06-21,71.54,06-06-21,70.96,06-06-21,70.44,06-06-21,69.92,06-06-21,69.42,06-06-21,68.96,06-06-21,68.52,06-06-21,68.12,06-06-21,67.48,06-06-21,67.37,06-06-21,66.78,06-06-21,66.45,06-06-21,63.30,06-06-21,65.76,06-06-21,65.44,06-06-21,65.35
04-06-21,71.72,04-06-21,71.30,04-06-21,70.73,04-06-21,70.19,04-06-21,69.70,04-06-21,69.19,04-06-21,68.79,04-06-21,68.30,04-06-21,67.89,04-06-21,67.48,04-06-21,67.22,04-06-21,66.78,04-06-21,66.45,04-06-21,63.30,04-06-21,65.76,04-06-21,65.44,04-06-21,65.20
03-06-21,71.41,03-06-21,71.00,03-06-21,70.44,03-06-21,69.91,03-06-21,69.38,03-06-21,68.89,03-06-21,68.44,03-06-21,68.02,03-06-21,67.62,03-06-21,67.06,03-06-21,66.89,03-06-21,66.50,03-06-21,66.16,03-06-21,63.23,03-06-21,65.47,03-06-21,65.18,03-06-21,64.89
02-06-21,71.22,02-06-21,70.81,02-06-21,70.26,02-06-21,69.73,02-06-21,69.20,02-06-21,68.72,02-06-21,68.25,02-06-21,67.82,02-06-21,67.42,02-06-21,67.16,02-06-21,66.69,02-06-21,66.45,02-06-21,66.12,02-06-21,63.16,02-06-21,65.23,02-06-21,65.17,02-06-21,64.74
01-06-21,70.61,01-06-21,70.20,01-06-21,69.67,01-06-21,69.18,01-06-21,68.66,01-06-21,68.20,01-06-21,67.76,01-06-21,67.35,01-06-21,66.98,01-06-21,66.52,01-06-21,66.31,01-06-21,65.87,01-06-21,65.56,01-06-21,62.88,01-06-21,64.69,01-06-21,64.63,01-06-21,64.36
31-05-21,69.45,31-05-21,69.08,31-05-21,68.58,31-05-21,68.10,31-05-21,67.63,31-05-21,67.19,31-05-21,66.79,31-05-21,66.41,31-05-21,66.08,31-05-21,65.42,31-05-21,65.45,31-05-21,64.75,31-05-21,64.53,31-05-21,63.23,31-05-21,63.68,31-05-21,63.66,31-05-21,63.72
30-05-21,68.93,30-05-21,68.54,30-05-21,68.05,30-05-21,67.57,30-05-21,67.09,30-05-21,66.65,30-05-21,66.26,30-05-21,65.89,30-05-21,65.56,30-05-21,65.42,30-05-21,64.92,30-05-21,64.75,30-05-21,64.53,30-05-21,63.23,30-05-21,63.68,30-05-21,63.66,30-05-21,63.23
28-05-21,69.64,28-05-21,68.74,28-05-21,68.35,28-05-21,67.85,28-05-21,67.37,28-05-21,66.90,28-05-21,66.47,28-05-21,66.07,28-05-21,65.71,28-05-21,65.42,28-05-21,65.08,28-05-21,64.75,28-05-21,64.53,28-05-21,64.25,28-05-21,63.68,28-05-21,63.66,28-05-21,63.17
27-05-21,69.38,27-05-21,69.21,27-05-21,68.81,27-05-21,68.33,27-05-21,67.86,27-05-21,67.39,27-05-21,66.96,27-05-21,66.56,27-05-21,66.20,27-05-21,65.84,27-05-21,65.70,27-05-21,65.17,27-05-21,64.95,27-05-21,64.67,27-05-21,62.46,27-05-21,64.11,27-05-21,63.84
26-05-21,68.79,26-05-21,68.67,26-05-21,68.28,26-05-21,67.83,26-05-21,67.40,26-05-21,66.97,26-05-21,66.58,26-05-21,66.19,26-05-21,65.84,26-05-21,65.44,26-05-21,65.14,26-05-21,64.95,26-05-21,64.58,26-05-21,64.32,26-05-21,62.35,26-05-21,63.77,26-05-21,63.51
25-05-21,68.61,25-05-21,68.45,25-05-21,68.04,25-05-21,67.58,25-05-21,67.13,25-05-21,66.68,25-05-21,66.26,25-05-21,65.90,25-05-21,65.56,25-05-21,65.19,25-05-21,64.90,25-05-21,64.66,25-05-21,64.36,25-05-21,64.10,25-05-21,62.23,25-05-21,63.55,25-05-21,63.31
24-05-21,68.42,24-05-21,68.34,24-05-21,67.97,24-05-21,67.53,24-05-21,67.09,24-05-21,66.65,24-05-21,66.25,24-05-21,65.88,24-05-21,65.55,24-05-21,65.35,24-05-21,65.08,24-05-21,64.66,24-05-21,64.52,24-05-21,64.26,24-05-21,62.27,24-05-21,63.73,24-05-21,63.45
23-05-21,66.46,23-05-21,66.39,23-05-21,66.08,23-05-21,65.71,23-05-21,65.34,23-05-21,64.95,23-05-21,64.60,23-05-21,64.27,23-05-21,63.98,23-05-21,63.90,23-05-21,63.65,23-05-21,63.21,23-05-21,63.16,23-05-21,62.93,23-05-21,61.62,23-05-21,62.48,23-05-21,62.25
21-05-21,66.70,21-05-21,66.64,21-05-21,66.33,21-05-21,65.96,21-05-21,65.58,21-05-21,65.13,21-05-21,64.77,21-05-21,64.44,21-05-21,64.16,21-05-21,63.90,21-05-21,63.65,21-05-21,63.38,21-05-21,63.16,21-05-21,62.93,21-05-21,61.62,21-05-21,62.48,21-05-21,62.25
20-05-21,65.01,20-05-21,64.94,20-05-21,64.64,20-05-21,64.28,20-05-21,63.90,20-05-21,63.54,20-05-21,63.20,20-05-21,62.88,20-05-21,62.60,20-05-21,62.19,20-05-21,63.36,20-05-21,61.87,20-05-21,61.52,20-05-21,61.30,20-05-21,61.07,20-05-21,62.60,20-05-21,60.65
19-05-21,66.69,19-05-21,66.54,19-05-21,66.14,19-05-21,65.69,19-05-21,65.22,19-05-21,64.75,19-05-21,64.34,19-05-21,63.97,19-05-21,63.64,19-05-21,63.29,19-05-21,63.17,19-05-21,62.82,19-05-21,62.53,19-05-21,62.30,19-05-21,62.33,19-05-21,61.85,19-05-21,61.62
18-05-21,68.53,18-05-21,68.34,18-05-21,67.92,18-05-21,67.46,18-05-21,67.00,18-05-21,66.52,18-05-21,66.09,18-05-21,65.70,18-05-21,65.35,18-05-21,64.99,18-05-21,64.54,18-05-21,64.45,18-05-21,64.14,18-05-21,63.59,18-05-21,63.31,18-05-21,63.34,18-05-21,63.09
17-05-21,69.59,17-05-21,69.27,17-05-21,68.83,17-05-21,68.34,17-05-21,67.86,17-05-21,67.37,17-05-21,66.93,17-05-21,66.51,17-05-21,66.12,17-05-21,65.81,17-05-21,65.35,17-05-21,65.11,17-05-21,64.92,17-05-21,64.62,17-05-21,64.34,17-05-21,64.06,17-05-21,63.81
16-05-21,68.91,16-05-21,68.56,16-05-21,68.13,16-05-21,67.66,16-05-21,67.22,16-05-21,66.77,16-05-21,66.36,16-05-21,65.98,16-05-21,65.64,16-05-21,65.20,16-05-21,65.09,16-05-21,64.77,16-05-21,64.39,16-05-21,64.12,16-05-21,64.13,16-05-21,63.62,16-05-21,63.35
14-05-21,68.78,14-05-21,68.44,14-05-21,67.99,14-05-21,67.52,14-05-21,67.08,14-05-21,66.64,14-05-21,66.23,14-05-21,65.84,14-05-21,65.49,14-05-21,65.20,14-05-21,65.09,14-05-21,64.63,14-05-21,64.39,14-05-21,64.12,14-05-21,64.13,14-05-21,63.62,14-05-21,63.35
13-05-21,67.03,13-05-21,66.85,13-05-21,66.53,13-05-21,66.17,13-05-21,65.83,13-05-21,65.46,13-05-21,65.13,13-05-21,64.82,13-05-21,64.55,13-05-21,64.28,13-05-21,64.06,13-05-21,63.83,13-05-21,63.56,13-05-21,63.34,13-05-21,63.43,13-05-21,62.91,13-05-21,62.72
12-05-21,69.04,12-05-21,68.86,12-05-21,68.53,12-05-21,68.15,12-05-21,67.79,12-05-21,67.42,12-05-21,67.05,12-05-21,66.72,12-05-21,66.45,12-05-21,65.97,12-05-21,65.69,12-05-21,65.58,12-05-21,65.34,12-05-21,65.08,12-05-21,64.78,12-05-21,64.54,12-05-21,64.30
11-05-21,68.68,11-05-21,68.50,11-05-21,68.17,11-05-21,67.79,11-05-21,67.44,11-05-21,67.05,11-05-21,66.70,11-05-21,66.37,11-05-21,66.07,11-05-21,65.77,11-05-21,65.53,11-05-21,65.26,11-05-21,64.98,11-05-21,64.72,11-05-21,64.47,11-05-21,64.23,11-05-21,63.99
10-05-21,68.27,10-05-21,68.04,10-05-21,67.69,10-05-21,67.30,10-05-21,66.91,10-05-21,66.52,10-05-21,66.17,10-05-21,65.84,10-05-21,65.53,10-05-21,65.23,10-05-21,64.98,10-05-21,64.70,10-05-21,64.46,10-05-21,64.20,10-05-21,63.96,10-05-21,63.71,10-05-21,63.47
09-05-21,68.91,09-05-21,68.60,09-05-21,68.20,09-05-21,67.76,09-05-21,67.32,09-05-21,66.90,09-05-21,66.51,09-05-21,66.14,09-05-21,65.81,09-05-21,64.96,09-05-21,64.71,09-05-21,64.94,09-05-21,64.15,09-05-21,63.89,09-05-21,63.64,09-05-21,63.39,09-05-21,63.13
07-05-21,68.26,07-05-21,67.99,07-05-21,67.56,07-05-21,67.19,07-05-21,66.73,07-05-21,66.36,07-05-21,65.92,07-05-21,65.57,07-05-21,65.27,07-05-21,64.96,07-05-21,64.71,07-05-21,64.49,07-05-21,64.15,07-05-21,63.89,07-05-21,63.64,07-05-21,63.39,07-05-21,63.13
06-05-21,68.28,06-05-21,67.92,06-05-21,67.51,06-05-21,67.07,06-05-21,66.63,06-05-21,66.19,06-05-21,65.80,06-05-21,65.42,06-05-21,65.12,06-05-21,64.80,06-05-21,64.36,06-05-21,64.29,06-05-21,63.98,06-05-21,63.70,06-05-21,63.16,06-05-21,62.94,06-05-21,62.95
05-05-21,68.53,05-05-21,68.11,05-05-21,67.65,05-05-21,67.16,05-05-21,66.67,05-05-21,66.17,05-05-21,65.74,05-05-21,65.34,05-05-21,64.98,05-05-21,64.80,05-05-21,64.47,05-05-21,64.02,05-05-21,63.90,05-05-21,63.60,05-05-21,61.26,05-05-21,63.02,05-05-21,62.74
04-05-21,69.49,04-05-21,69.03,04-05-21,68.55,04-05-21,68.03,04-05-21,67.52,04-05-21,66.99,04-05-21,66.53,04-05-21,66.10,04-05-21,65.73,04-05-21,65.35,04-05-21,65.02,04-05-21,64.73,04-05-21,64.17,04-05-21,64.09,04-05-21,60.05,04-05-21,63.19,04-05-21,63.20
03-05-21,67.62,03-05-21,67.22,03-05-21,66.78,03-05-21,66.31,03-05-21,65.84,03-05-21,65.37,03-05-21,64.96,03-05-21,64.57,03-05-21,64.25,03-05-21,64.00,03-05-21,63.73,03-05-21,63.35,03-05-21,62.99,03-05-21,62.72,03-05-21,60.84,03-05-21,62.20,03-05-21,61.95
02-05-21,66.91,02-05-21,66.45,02-05-21,65.96,02-05-21,65.47,02-05-21,64.97,02-05-21,64.49,02-05-21,64.07,02-05-21,63.69,02-05-21,63.37,02-05-21,62.93,02-05-21,62.92,02-05-21,62.51,02-05-21,62.32,02-05-21,61.93,02-05-21,61.63,02-05-21,61.36,02-05-21,61.30
30-04-21,67.25,30-04-21,66.69,30-04-21,66.21,30-04-21,65.72,30-04-21,65.24,30-04-21,64.76,30-04-21,64.27,30-04-21,63.86,30-04-21,63.50,30-04-21,62.93,30-04-21,62.92,30-04-21,62.51,30-04-21,62.32,30-04-21,61.93,30-04-21,61.63,30-04-21,61.36,30-04-21,61.30
29-04-21,68.51,29-04-21,68.00,29-04-21,67.52,29-04-21,67.07,29-04-21,66.56,29-04-21,66.08,29-04-21,65.61,29-04-21,65.19,29-04-21,64.81,29-04-21,63.18,29-04-21,64.10,29-04-21,63.81,29-04-21,63.63,29-04-21,63.28,29-04-21,63.02,29-04-21,63.10,29-04-21,62.41
28-04-21,67.03,28-04-21,66.55,28-04-21,66.15,28-04-21,65.70,28-04-21,65.27,28-04-21,64.91,28-04-21,64.49,28-04-21,64.10,28-04-21,63.77,28-04-21,64.73,28-04-21,63.22,28-04-21,62.99,28-04-21,62.73,28-04-21,62.49,28-04-21,62.25,28-04-21,62.01,28-04-21,61.73
27-04-21,66.60,27-04-21,66.06,27-04-21,65.66,27-04-21,65.30,27-04-21,64.90,27-04-21,64.51,27-04-21,64.11,27-04-21,63.75,27-04-21,63.42,27-04-21,75.73,27-04-21,62.84,27-04-21,62.58,27-04-21,62.39,27-04-21,62.15,27-04-21,61.91,27-04-21,61.63,27-04-21,61.41
26-04-21,65.75,26-04-21,65.18,26-04-21,64.74,26-04-21,64.36,26-04-21,63.93,26-04-21,63.56,26-04-21,63.18,26-04-21,62.85,26-04-21,62.55,26-04-21,61.17,26-04-21,62.13,26-04-21,61.41,26-04-21,61.55,26-04-21,61.29,26-04-21,61.07,26-04-21,60.85,26-04-21,60.66
25-04-21,65.86,25-04-21,65.18,25-04-21,64.71,25-04-21,64.29,25-04-21,63.86,25-04-21,63.48,25-04-21,63.10,25-04-21,62.76,25-04-21,62.45,25-04-21,74.74,25-04-21,61.92,25-04-21,61.46,25-04-21,61.41,25-04-21,61.35,25-04-21,60.86,25-04-21,60.83,25-04-21,60.60
23-04-21,66.03,23-04-21,65.35,23-04-21,64.87,23-04-21,64.44,23-04-21,64.01,23-04-21,63.62,23-04-21,63.23,23-04-21,62.89,23-04-21,62.58,23-04-21,73.75,23-04-21,61.92,23-04-21,61.46,23-04-21,61.50,23-04-21,61.35,23-04-21,60.86,23-04-21,60.83,23-04-21,60.60
22-04-21,65.70,22-04-21,65.07,22-04-21,64.58,22-04-21,64.14,22-04-21,63.71,22-04-21,63.32,22-04-21,62.94,22-04-21,62.60,22-04-21,62.26,22-04-21,60.78,22-04-21,61.53,22-04-21,61.28,22-04-21,61.21,22-04-21,60.81,22-04-21,60.58,22-04-21,60.35,22-04-21,60.14
21-04-21,65.05,21-04-21,64.41,21-04-21,63.90,21-04-21,63.47,21-04-21,63.06,21-04-21,62.69,21-04-21,62.32,21-04-21,61.98,21-04-21,61.65,21-04-21,60.42,21-04-21,61.07,21-04-21,60.81,21-04-21,60.54,21-04-21,60.29,21-04-21,60.05,21-04-21,59.81,21-04-21,59.78
20-04-21,66.29,20-04-21,65.64,20-04-21,65.09,20-04-21,64.60,20-04-21,64.12,20-04-21,63.67,20-04-21,63.23,20-04-21,62.82,20-04-21,62.43,20-04-21,75.24,20-04-21,61.80,20-04-21,61.48,20-04-21,61.23,20-04-21,60.96,20-04-21,60.69,20-04-21,60.41,20-04-21,60.15
19-04-21,67.12,19-04-21,66.53,19-04-21,66.00,19-04-21,65.50,19-04-21,65.02,19-04-21,64.57,19-04-21,64.11,19-04-21,63.72,19-04-21,63.30,19-04-21,61.73,19-04-21,62.59,19-04-21,62.24,19-04-21,62.02,19-04-21,61.69,19-04-21,61.41,19-04-21,61.12,19-04-21,60.85
18-04-21,66.41,18-04-21,65.94,18-04-21,65.49,18-04-21,65.05,18-04-21,64.60,18-04-21,64.17,18-04-21,63.74,18-04-21,63.35,18-04-21,62.98,18-04-21,61.76,18-04-21,62.42,18-04-21,62.09,18-04-21,61.77,18-04-21,61.71,18-04-21,61.43,18-04-21,61.13,18-04-21,60.88
16-04-21,66.71,16-04-21,66.22,16-04-21,65.75,16-04-21,65.29,16-04-21,64.84,16-04-21,64.39,16-04-21,63.95,16-04-21,63.55,16-04-21,63.16,16-04-21,62.29,16-04-21,62.42,16-04-21,62.09,16-04-21,61.98,16-04-21,61.71,16-04-21,61.43,16-04-21,61.13,16-04-21,60.88
15-04-21,66.83,15-04-21,66.36,15-04-21,65.89,15-04-21,65.45,15-04-21,64.99,15-04-21,64.56,15-04-21,64.08,15-04-21,63.67,15-04-21,63.29,15-04-21,61.82,15-04-21,62.70,15-04-21,62.37,15-04-21,62.08,15-04-21,61.81,15-04-21,61.55,15-04-21,61.26,15-04-21,61.01
14-04-21,66.28,14-04-21,65.84,14-04-21,65.45,14-04-21,65.07,14-04-21,64.66,14-04-21,64.27,14-04-21,63.87,14-04-21,63.51,14-04-21,63.17,14-04-21,62.74,14-04-21,62.44,14-04-21,62.14,14-04-21,62.02,14-04-21,61.65,14-04-21,61.52,14-04-21,61.28,14-04-21,61.03
13-04-21,63.96,13-04-21,63.57,13-04-21,63.21,13-04-21,62.88,13-04-21,62.54,13-04-21,62.24,13-04-21,61.92,13-04-21,61.64,13-04-21,61.37,13-04-21,60.92,13-04-21,60.85,13-04-21,60.83,13-04-21,60.54,13-04-21,60.21,13-04-21,60.01,13-04-21,59.82,13-04-21,59.65
12-04-21,63.15,12-04-21,62.73,12-04-21,62.39,12-04-21,62.04,12-04-21,61.69,12-04-21,61.38,12-04-21,61.05,12-04-21,60.78,12-04-21,60.51,12-04-21,57.77,12-04-21,59.99,12-04-21,60.70,12-04-21,59.67,12-04-21,59.57,12-04-21,59.39,12-04-21,59.23,12-04-21,59.06
11-04-21,63.28,11-04-21,62.85,11-04-21,62.47,11-04-21,62.09,11-04-21,61.71,11-04-21,61.35,11-04-21,61.00,11-04-21,60.69,11-04-21,60.39,11-04-21,70.78,11-04-21,59.73,11-04-21,60.62,11-04-21,59.50,11-04-21,59.12,11-04-21,58.93,11-04-21,58.73,11-04-21,58.55
09-04-21,63.02,09-04-21,62.59,09-04-21,62.21,09-04-21,61.84,09-04-21,61.47,09-04-21,61.13,09-04-21,60.74,09-04-21,60.47,09-04-21,60.17,09-04-21,70.78,09-04-21,59.73,09-04-21,60.62,09-04-21,59.24,09-04-21,59.12,09-04-21,58.93,09-04-21,58.73,09-04-21,58.55
08-04-21,63.36,08-04-21,62.87,08-04-21,62.49,08-04-21,62.13,08-04-21,61.74,08-04-21,61.36,08-04-21,60.97,08-04-21,60.64,08-04-21,60.35,08-04-21,59.85,08-04-21,59.78,08-04-21,60.63,08-04-21,59.39,08-04-21,59.12,08-04-21,58.92,08-04-21,58.73,08-04-21,58.53
07-04-21,62.93,07-04-21,62.57,07-04-21,62.28,07-04-21,61.98,07-04-21,61.66,07-04-21,61.34,07-04-21,61.01,07-04-21,60.71,07-04-21,60.44,07-04-21,73.75,07-04-21,60.11,07-04-21,60.70,07-04-21,59.69,07-04-21,59.58,07-04-21,59.41,07-04-21,59.24,07-04-21,59.09
06-04-21,62.67,06-04-21,62.37,06-04-21,62.11,06-04-21,61.84,06-04-21,61.54,06-04-21,61.25,06-04-21,60.97,06-04-21,60.70,06-04-21,60.44,06-04-21,71.77,06-04-21,60.24,06-04-21,60.82,06-04-21,59.66,06-04-21,59.56,06-04-21,59.40,06-04-21,59.26,06-04-21,59.12
05-04-21,62.30,05-04-21,61.98,05-04-21,61.73,05-04-21,61.45,05-04-21,61.15,05-04-21,60.82,05-04-21,60.53,05-04-21,60.27,05-04-21,60.02,05-04-21,59.06,05-04-21,59.54,05-04-21,59.37,05-04-21,59.23,05-04-21,59.02,05-04-21,58.85,05-04-21,58.69,05-04-21,58.55
04-04-21,64.64,04-04-21,64.27,04-04-21,63.95,04-04-21,63.59,04-04-21,63.18,04-04-21,62.77,04-04-21,62.37,04-04-21,62.03,04-04-21,61.70,04-04-21,72.76,04-04-21,61.08,04-04-21,60.83,04-04-21,60.63,04-04-21,60.34,04-04-21,60.12,04-04-21,59.92,04-04-21,59.72
01-04-21,64.62,01-04-21,64.23,01-04-21,63.91,01-04-21,63.55,01-04-21,63.14,01-04-21,62.73,01-04-21,62.32,01-04-21,61.96,01-04-21,61.61,01-04-21,58.52,01-04-21,61.08,01-04-21,60.83,01-04-21,60.62,01-04-21,60.34,01-04-21,60.12,01-04-21,59.92,01-04-21,59.72
31-03-21,63.58,31-03-21,62.77,31-03-21,62.34,31-03-21,61.95,31-03-21,61.51,31-03-21,61.07,31-03-21,60.65,31-03-21,60.24,31-03-21,59.88,31-03-21,59.58,31-03-21,59.21,31-03-21,58.97,31-03-21,58.57,31-03-21,58.43,31-03-21,58.23,31-03-21,58.02,31-03-21,57.79
30-03-21,63.99,30-03-21,64.03,30-03-21,63.48,30-03-21,63.03,30-03-21,62.55,30-03-21,62.05,30-03-21,61.59,30-03-21,61.13,30-03-21,60.74,30-03-21,60.37,30-03-21,73.75,30-03-21,59.73,30-03-21,59.80,30-03-21,59.16,30-03-21,58.94,30-03-21,58.73,30-03-21,58.55
29-03-21,65.17,29-03-21,65.16,29-03-21,64.61,29-03-21,64.16,29-03-21,63.68,29-03-21,63.16,29-03-21,62.67,29-03-21,62.19,29-03-21,61.78,29-03-21,61.27,29-03-21,73.75,29-03-21,60.62,29-03-21,60.33,29-03-21,60.20,29-03-21,59.70,29-03-21,59.59,29-03-21,59.34
28-03-21,64.47,28-03-21,64.37,28-03-21,63.90,28-03-21,63.47,28-03-21,63.03,28-03-21,62.54,28-03-21,62.10,28-03-21,61.64,28-03-21,61.27,28-03-21,61.02,28-03-21,73.75,28-03-21,60.40,28-03-21,60.13,28-03-21,59.81,28-03-21,59.62,28-03-21,59.41,28-03-21,59.18
26-03-21,64.40,26-03-21,64.29,26-03-21,63.80,26-03-21,63.40,26-03-21,62.95,26-03-21,62.49,26-03-21,62.05,26-03-21,61.62,26-03-21,61.25,26-03-21,59.45,26-03-21,72.47,26-03-21,60.40,26-03-21,60.13,26-03-21,59.78,26-03-21,59.62,26-03-21,59.41,26-03-21,59.18
25-03-21,61.81,25-03-21,61.67,25-03-21,61.27,25-03-21,60.94,25-03-21,60.59,25-03-21,60.21,25-03-21,59.84,25-03-21,59.48,25-03-21,59.18,25-03-21,59.06,25-03-21,60.78,25-03-21,58.15,25-03-21,58.37,25-03-21,57.98,25-03-21,57.80,25-03-21,57.62,25-03-21,57.47
24-03-21,64.16,24-03-21,64.04,24-03-21,63.63,24-03-21,63.28,24-03-21,62.91,24-03-21,62.48,24-03-21,62.08,24-03-21,61.67,24-03-21,61.33,24-03-21,60.97,24-03-21,58.00,24-03-21,60.21,24-03-21,60.12,24-03-21,59.93,24-03-21,59.66,24-03-21,59.45,24-03-21,59.25
23-03-21,60.45,23-03-21,60.49,23-03-21,60.24,23-03-21,60.01,23-03-21,59.75,23-03-21,59.47,23-03-21,59.20,23-03-21,58.92,23-03-21,58.62,23-03-21,58.17,23-03-21,67.32,23-03-21,57.95,23-03-21,57.80,23-03-21,57.70,23-03-21,57.39,23-03-21,57.12,23-03-21,57.30
22-03-21,64.26,22-03-21,64.19,22-03-21,63.78,22-03-21,63.40,22-03-21,63.01,22-03-21,62.56,22-03-21,62.13,22-03-21,61.67,22-03-21,61.30,22-03-21,60.97,22-03-21,57.98,22-03-21,60.36,22-03-21,60.08,22-03-21,59.80,22-03-21,59.60,22-03-21,59.40,22-03-21,59.16
21-03-21,64.14,21-03-21,64.01,21-03-21,63.60,21-03-21,63.24,21-03-21,62.84,21-03-21,62.39,21-03-21,61.94,21-03-21,61.50,21-03-21,61.12,21-03-21,61.02,21-03-21,71.77,21-03-21,60.41,21-03-21,60.29,21-03-21,59.69,21-03-21,59.65,21-03-21,59.44,21-03-21,59.22
19-03-21,64.51,19-03-21,64.32,19-03-21,63.88,19-03-21,63.50,19-03-21,63.08,19-03-21,62.62,19-03-21,62.16,19-03-21,61.71,19-03-21,61.32,19-03-21,61.02,19-03-21,69.79,19-03-21,60.41,19-03-21,60.29,19-03-21,59.86,19-03-21,59.65,19-03-21,59.44,19-03-21,59.22
18-03-21,62.91,18-03-21,62.68,18-03-21,62.28,18-03-21,61.95,18-03-21,61.59,18-03-21,61.20,18-03-21,60.81,18-03-21,60.42,18-03-21,60.09,18-03-21,59.68,18-03-21,69.79,18-03-21,59.12,18-03-21,58.94,18-03-21,58.86,18-03-21,58.58,18-03-21,58.60,18-03-21,58.27
17-03-21,67.76,17-03-21,67.33,17-03-21,66.75,17-03-21,66.25,17-03-21,65.70,17-03-21,65.16,17-03-21,64.64,17-03-21,64.12,17-03-21,63.66,17-03-21,63.28,17-03-21,76.72,17-03-21,62.52,17-03-21,62.19,17-03-21,61.78,17-03-21,61.08,17-03-21,61.30,17-03-21,61.01
16-03-21,68.49,16-03-21,67.97,16-03-21,67.29,16-03-21,66.69,16-03-21,66.09,16-03-21,65.49,16-03-21,64.94,16-03-21,64.40,16-03-21,63.91,16-03-21,63.73,16-03-21,67.81,16-03-21,62.90,16-03-21,62.33,16-03-21,61.95,16-03-21,61.67,16-03-21,61.65,16-03-21,61.13
15-03-21,68.78,15-03-21,68.23,15-03-21,67.50,15-03-21,66.85,15-03-21,66.23,15-03-21,65.61,15-03-21,65.03,15-03-21,64.49,15-03-21,63.99,15-03-21,63.66,15-03-21,60.13,15-03-21,62.72,15-03-21,62.47,15-03-21,61.96,15-03-21,61.78,15-03-21,61.49,15-03-21,61.03
14-03-21,69.47,14-03-21,68.93,14-03-21,68.16,14-03-21,67.48,14-03-21,66.83,14-03-21,66.19,14-03-21,65.59,14-03-21,65.03,14-03-21,64.53,14-03-21,63.76,14-03-21,63.00,14-03-21,62.92,14-03-21,62.36,14-03-21,62.44,14-03-21,61.85,14-03-21,61.55,14-03-21,61.22
12-03-21,69.23,12-03-21,68.61,12-03-21,67.84,12-03-21,67.17,12-03-21,66.51,12-03-21,65.86,12-03-21,65.28,12-03-21,64.73,12-03-21,64.22,12-03-21,63.76,12-03-21,67.81,12-03-21,62.92,12-03-21,62.36,12-03-21,62.19,12-03-21,61.85,12-03-21,61.55,12-03-21,61.22
11-03-21,69.59,11-03-21,68.98,11-03-21,68.16,11-03-21,67.45,11-03-21,66.77,11-03-21,66.11,11-03-21,65.50,11-03-21,64.94,11-03-21,64.42,11-03-21,64.20,11-03-21,63.10,11-03-21,63.17,11-03-21,62.76,11-03-21,62.32,11-03-21,62.08,11-03-21,61.77,11-03-21,61.41
10-03-21,68.19,10-03-21,67.67,10-03-21,66.96,10-03-21,66.31,10-03-21,65.68,10-03-21,65.07,10-03-21,64.51,10-03-21,63.98,10-03-21,63.49,10-03-21,63.14,10-03-21,59.40,10-03-21,62.17,10-03-21,61.63,10-03-21,61.53,10-03-21,61.16,10-03-21,60.87,10-03-21,60.54
09-03-21,67.29,09-03-21,66.82,09-03-21,66.13,09-03-21,65.52,09-03-21,64.91,09-03-21,64.33,09-03-21,63.78,09-03-21,63.28,09-03-21,62.82,09-03-21,62.29,09-03-21,58.93,09-03-21,61.53,09-03-21,61.19,09-03-21,60.92,09-03-21,60.58,09-03-21,60.30,09-03-21,60.03
08-03-21,68.10,08-03-21,67.56,08-03-21,66.79,08-03-21,66.12,08-03-21,65.49,08-03-21,64.89,08-03-21,64.34,08-03-21,63.83,08-03-21,63.35,08-03-21,62.63,08-03-21,61.95,08-03-21,61.91,08-03-21,61.69,08-03-21,61.40,08-03-21,61.08,08-03-21,60.80,08-03-21,60.51
05-03-21,69.67,05-03-21,68.96,05-03-21,68.09,05-03-21,67.35,05-03-21,66.64,05-03-21,65.97,05-03-21,65.37,05-03-21,64.84,05-03-21,64.33,05-03-21,63.45,05-03-21,59.95,05-03-21,62.91,05-03-21,62.49,05-03-21,62.26,05-03-21,61.83,05-03-21,61.52,05-03-21,61.20
04-03-21,67.23,04-03-21,66.65,04-03-21,65.90,04-03-21,65.25,04-03-21,64.63,04-03-21,64.04,04-03-21,63.49,04-03-21,62.97,04-03-21,62.50,04-03-21,61.81,04-03-21,58.55,04-03-21,61.04,04-03-21,60.70,04-03-21,60.64,04-03-21,60.09,04-03-21,59.80,04-03-21,59.55
03-03-21,63.95,03-03-21,63.45,03-03-21,62.81,03-03-21,62.29,03-03-21,61.80,03-03-21,61.33,03-03-21,60.89,03-03-21,60.51,03-03-21,60.15,03-03-21,59.70,03-03-21,55.47,03-03-21,59.10,03-03-21,58.65,03-03-21,58.68,03-03-21,58.37,03-03-21,58.16,03-03-21,57.91
02-03-21,62.60,02-03-21,62.09,02-03-21,61.50,02-03-21,61.01,02-03-21,60.55,02-03-21,60.12,02-03-21,59.73,02-03-21,59.35,02-03-21,59.03,02-03-21,58.59,02-03-21,54.87,02-03-21,58.06,02-03-21,57.67,02-03-21,57.70,02-03-21,57.41,02-03-21,57.22,02-03-21,57.05
01-03-21,63.32,01-03-21,62.65,01-03-21,61.97,01-03-21,61.40,01-03-21,60.89,01-03-21,60.43,01-03-21,60.01,01-03-21,59.63,01-03-21,59.27,01-03-21,58.84,01-03-21,56.40,01-03-21,58.08,01-03-21,57.92,01-03-21,57.75,01-03-21,57.48,01-03-21,57.26,01-03-21,57.09
26-02-21,64.46,26-02-21,63.77,26-02-21,63.08,26-02-21,62.52,26-02-21,61.98,26-02-21,61.50,26-02-21,61.07,26-02-21,60.67,26-02-21,60.52,26-02-21,60.06,26-02-21,59.50,26-02-21,59.40,26-02-21,59.12,26-02-21,58.80,26-02-21,58.48,26-02-21,58.34,26-02-21,58.05
25-02-21,66.92,25-02-21,66.03,25-02-21,65.38,25-02-21,64.71,25-02-21,64.13,25-02-21,63.57,25-02-21,63.07,25-02-21,62.60,25-02-21,62.18,25-02-21,61.85,25-02-21,61.52,25-02-21,60.05,25-02-21,60.81,25-02-21,60.46,25-02-21,59.97,25-02-21,59.90,25-02-21,59.64
24-02-21,67.26,24-02-21,66.43,24-02-21,65.77,24-02-21,65.12,24-02-21,64.53,24-02-21,63.99,24-02-21,63.49,24-02-21,63.02,24-02-21,62.53,24-02-21,62.13,24-02-21,61.94,24-02-21,59.23,24-02-21,61.17,24-02-21,60.85,24-02-21,60.35,24-02-21,60.06,24-02-21,59.79
23-02-21,65.10,23-02-21,64.20,23-02-21,63.57,23-02-21,62.93,23-02-21,62.39,23-02-21,61.89,23-02-21,61.46,23-02-21,61.04,23-02-21,60.65,23-02-21,60.24,23-02-21,59.84,23-02-21,57.77,23-02-21,59.20,23-02-21,58.92,23-02-21,58.68,23-02-21,58.38,23-02-21,58.14
22-02-21,65.83,22-02-21,64.94,22-02-21,64.27,22-02-21,63.61,22-02-21,63.03,22-02-21,62.48,22-02-21,61.98,22-02-21,61.52,22-02-21,61.08,22-02-21,58.34,22-02-21,60.19,22-02-21,58.04,22-02-21,59.53,22-02-21,59.37,22-02-21,59.00,22-02-21,58.66,22-02-21,58.41
19-02-21,62.76,19-02-21,61.99,19-02-21,61.37,19-02-21,60.74,19-02-21,60.27,19-02-21,59.78,19-02-21,59.35,19-02-21,58.92,19-02-21,58.56,19-02-21,58.13,19-02-21,57.34,19-02-21,56.16,19-02-21,57.28,19-02-21,57.02,19-02-21,56.82,19-02-21,56.56,19-02-21,56.36
18-02-21,63.51,18-02-21,62.74,18-02-21,62.06,18-02-21,61.41,18-02-21,60.85,18-02-21,60.34,18-02-21,59.87,18-02-21,59.43,18-02-21,59.03,18-02-21,58.75,18-02-21,58.38,18-02-21,55.04,18-02-21,57.76,18-02-21,57.50,18-02-21,57.12,18-02-21,56.97,18-02-21,56.73
17-02-21,64.86,17-02-21,64.03,17-02-21,63.30,17-02-21,62.59,17-02-21,61.99,17-02-21,61.43,17-02-21,60.91,17-02-21,60.40,17-02-21,59.95,17-02-21,59.44,17-02-21,59.03,17-02-21,57.14,17-02-21,58.41,17-02-21,58.12,17-02-21,57.91,17-02-21,57.52,17-02-21,57.22
16-02-21,63.56,16-02-21,62.97,16-02-21,62.38,16-02-21,61.77,16-02-21,61.23,16-02-21,60.73,16-02-21,60.27,16-02-21,59.82,16-02-21,59.41,16-02-21,58.87,16-02-21,58.53,16-02-21,56.70,16-02-21,57.78,16-02-21,57.49,16-02-21,57.54,16-02-21,57.12,16-02-21,56.89
15-02-21,63.32,15-02-21,62.72,15-02-21,62.11,15-02-21,61.49,15-02-21,60.96,15-02-21,60.46,15-02-21,59.98,15-02-21,59.54,15-02-21,59.12,15-02-21,58.70,15-02-21,58.15,15-02-21,56.58,15-02-21,57.76,15-02-21,57.47,15-02-21,57.19,15-02-21,56.94,15-02-21,56.75
12-02-21,62.71,12-02-21,62.16,12-02-21,61.60,12-02-21,61.01,12-02-21,60.51,12-02-21,60.01,12-02-21,59.53,12-02-21,59.03,12-02-21,58.67,12-02-21,58.40,12-02-21,58.07,12-02-21,56.20,12-02-21,57.26,12-02-21,56.99,12-02-21,56.85,12-02-21,56.44,12-02-21,56.21
11-02-21,60.84,11-02-21,60.43,11-02-21,59.95,11-02-21,59.46,11-02-21,59.02,11-02-21,58.59,11-02-21,58.16,11-02-21,57.77,11-02-21,57.42,11-02-21,57.23,11-02-21,56.73,11-02-21,55.35,11-02-21,56.23,11-02-21,56.17,11-02-21,55.79,11-02-21,55.55,11-02-21,55.35
10-02-21,61.08,10-02-21,60.68,10-02-21,60.22,10-02-21,59.73,10-02-21,59.28,10-02-21,58.83,10-02-21,58.40,10-02-21,58.00,10-02-21,57.64,10-02-21,57.20,10-02-21,57.03,10-02-21,55.59,10-02-21,56.50,10-02-21,56.27,10-02-21,55.96,10-02-21,55.80,10-02-21,55.58
09-02-21,61.26,09-02-21,60.86,09-02-21,60.39,09-02-21,59.88,09-02-21,59.44,09-02-21,58.99,09-02-21,58.53,09-02-21,58.13,09-02-21,57.76,09-02-21,57.26,09-02-21,56.91,09-02-21,56.87,09-02-21,56.58,09-02-21,56.17,09-02-21,56.05,09-02-21,55.73,09-02-21,55.63
08-02-21,60.70,08-02-21,60.39,08-02-21,59.98,08-02-21,59.52,08-02-21,59.09,08-02-21,58.64,08-02-21,58.20,08-02-21,57.81,08-02-21,57.44,08-02-21,57.20,08-02-21,56.50,08-02-21,55.85,08-02-21,56.20,08-02-21,55.93,08-02-21,55.70,08-02-21,55.46,08-02-21,55.25
05-02-21,59.59,05-02-21,59.31,05-02-21,58.94,05-02-21,58.48,05-02-21,58.05,05-02-21,57.61,05-02-21,57.17,05-02-21,56.77,05-02-21,56.40,05-02-21,56.04,05-02-21,54.44,05-02-21,54.80,05-02-21,55.18,05-02-21,54.97,05-02-21,54.77,05-02-21,54.48,05-02-21,54.27
04-02-21,59.10,04-02-21,58.83,04-02-21,58.47,04-02-21,58.03,04-02-21,57.62,04-02-21,57.19,04-02-21,56.77,04-02-21,56.39,04-02-21,55.98,04-02-21,58.35,04-02-21,54.38,04-02-21,55.37,04-02-21,54.97,04-02-21,54.62,04-02-21,54.48,04-02-21,54.17,04-02-21,53.99
03-02-21,58.63,03-02-21,58.33,03-02-21,57.97,03-02-21,57.55,03-02-21,57.16,03-02-21,56.75,03-02-21,56.34,03-02-21,55.96,03-02-21,55.63,03-02-21,58.34,03-02-21,54.99,03-02-21,55.32,03-02-21,54.51,03-02-21,54.28,03-02-21,54.11,03-02-21,53.88,03-02-21,53.68
02-02-21,57.85,02-02-21,57.58,02-02-21,57.29,02-02-21,56.89,02-02-21,56.50,02-02-21,56.12,02-02-21,55.74,02-02-21,55.40,02-02-21,55.09,02-02-21,54.60,02-02-21,54.29,02-02-21,55.29,02-02-21,53.91,02-02-21,53.73,02-02-21,53.73,02-02-21,53.35,02-02-21,53.19
01-02-21,56.26,01-02-21,55.99,01-02-21,55.70,01-02-21,55.34,01-02-21,55.02,01-02-21,54.69,01-02-21,54.36,01-02-21,54.04,01-02-21,53.75,01-02-21,53.66,01-02-21,54.35,01-02-21,55.03,01-02-21,53.21,01-02-21,53.03,01-02-21,52.63,01-02-21,52.57,01-02-21,52.43
29-01-21,55.00,29-01-21,54.77,29-01-21,54.51,29-01-21,54.17,29-01-21,53.88,29-01-21,53.58,29-01-21,53.39,29-01-21,53.13,29-01-21,52.80,29-01-21,52.74,29-01-21,52.68,29-01-21,52.38,29-01-21,52.15,29-01-21,51.98,29-01-21,51.77,29-01-21,51.70,29-01-21,51.56
28-01-21,55.43,28-01-21,55.02,28-01-21,54.82,28-01-21,54.57,28-01-21,54.25,28-01-21,53.95,28-01-21,53.66,28-01-21,53.36,28-01-21,53.09,28-01-21,52.84,28-01-21,52.55,28-01-21,53.94,28-01-21,55.03,28-01-21,52.03,28-01-21,51.87,28-01-21,51.82,28-01-21,51.64
27-01-21,55.57,27-01-21,55.27,27-01-21,55.08,27-01-21,54.84,27-01-21,54.54,27-01-21,54.26,27-01-21,53.98,27-01-21,53.70,27-01-21,53.40,27-01-21,53.15,27-01-21,52.94,27-01-21,54.02,27-01-21,55.03,27-01-21,52.40,27-01-21,52.24,27-01-21,52.11,27-01-21,52.00
26-01-21,56.08,26-01-21,55.82,26-01-21,55.60,26-01-21,55.33,26-01-21,55.00,26-01-21,54.70,26-01-21,54.39,26-01-21,54.08,26-01-21,53.80,26-01-21,53.54,26-01-21,53.22,26-01-21,54.08,26-01-21,55.08,26-01-21,52.69,26-01-21,52.51,26-01-21,52.39,26-01-21,52.20
25-01-21,55.96,25-01-21,55.77,25-01-21,55.58,25-01-21,55.34,25-01-21,55.04,25-01-21,54.75,25-01-21,54.46,25-01-21,54.17,25-01-21,53.90,25-01-21,53.64,25-01-21,53.42,25-01-21,54.13,25-01-21,55.08,25-01-21,52.73,25-01-21,52.73,25-01-21,52.54,25-01-21,52.44
22-01-21,55.20,22-01-21,55.04,22-01-21,54.89,22-01-21,54.66,22-01-21,54.37,22-01-21,54.11,22-01-21,53.84,22-01-21,53.56,22-01-21,53.29,22-01-21,53.04,22-01-21,52.71,22-01-21,52.52,22-01-21,55.08,22-01-21,52.22,22-01-21,51.92,22-01-21,52.02,22-01-21,51.80
21-01-21,56.16,21-01-21,56.05,21-01-21,55.86,21-01-21,55.62,21-01-21,55.30,21-01-21,55.01,21-01-21,54.72,21-01-21,54.42,21-01-21,54.13,21-01-21,53.86,21-01-21,53.47,21-01-21,53.27,21-01-21,55.09,21-01-21,52.76,21-01-21,52.73,21-01-21,52.70,21-01-21,52.44
20-01-21,55.69,20-01-21,55.58,20-01-21,55.38,20-01-21,55.18,20-01-21,54.88,20-01-21,54.61,20-01-21,54.32,20-01-21,54.04,20-01-21,53.72,20-01-21,53.45,20-01-21,53.30,20-01-21,53.04,20-01-21,55.08,20-01-21,52.70,20-01-21,52.58,20-01-21,52.36,20-01-21,52.27
19-01-21,55.95,19-01-21,55.88,19-01-21,55.76,19-01-21,55.55,19-01-21,55.26,19-01-21,54.99,19-01-21,54.72,19-01-21,54.44,19-01-21,54.16,19-01-21,53.92,19-01-21,53.67,19-01-21,54.43,19-01-21,55.08,19-01-21,53.12,19-01-21,53.02,19-01-21,52.88,19-01-21,52.69
18-01-21,54.78,18-01-21,54.77,18-01-21,54.72,18-01-21,54.59,18-01-21,54.35,18-01-21,54.12,18-01-21,53.86,18-01-21,53.62,18-01-21,53.37,18-01-21,53.14,18-01-21,52.92,18-01-21,53.59,18-01-21,55.07,18-01-21,52.48,18-01-21,52.35,18-01-21,52.22,18-01-21,52.16
15-01-21,54.90,15-01-21,54.92,15-01-21,54.88,15-01-21,54.73,15-01-21,54.55,15-01-21,54.32,15-01-21,54.01,15-01-21,53.84,15-01-21,53.58,15-01-21,53.37,15-01-21,53.10,15-01-21,53.69,15-01-21,55.07,15-01-21,52.52,15-01-21,52.38,15-01-21,52.39,15-01-21,52.21
14-01-21,56.44,14-01-21,56.43,14-01-21,56.35,14-01-21,56.17,14-01-21,55.90,14-01-21,55.69,14-01-21,55.35,14-01-21,55.08,14-01-21,54.80,14-01-21,54.52,14-01-21,54.28,14-01-21,54.27,14-01-21,55.09,14-01-21,53.71,14-01-21,53.58,14-01-21,53.41,14-01-21,53.28
13-01-21,55.92,13-01-21,55.89,13-01-21,55.77,13-01-21,55.56,13-01-21,55.27,13-01-21,55.01,13-01-21,54.72,13-01-21,54.45,13-01-21,54.16,13-01-21,53.90,13-01-21,53.80,13-01-21,54.03,13-01-21,55.18,13-01-21,53.26,13-01-21,53.09,13-01-21,52.81,13-01-21,52.84
12-01-21,56.77,12-01-21,56.68,12-01-21,56.50,12-01-21,56.22,12-01-21,55.90,12-01-21,55.59,12-01-21,55.27,12-01-21,54.95,12-01-21,54.64,12-01-21,54.34,12-01-21,53.99,12-01-21,54.08,12-01-21,55.63,12-01-21,53.16,12-01-21,53.13,12-01-21,53.02,12-01-21,52.80
11-01-21,55.69,11-01-21,55.59,11-01-21,55.41,11-01-21,55.12,11-01-21,54.80,11-01-21,54.50,11-01-21,54.19,11-01-21,53.89,11-01-21,53.59,11-01-21,53.31,11-01-21,53.03,11-01-21,52.82,11-01-21,53.04,11-01-21,52.45,11-01-21,52.28,11-01-21,52.17,11-01-21,52.02
08-01-21,56.27,08-01-21,56.12,08-01-21,55.87,08-01-21,55.58,08-01-21,55.22,08-01-21,54.89,08-01-21,54.55,08-01-21,54.24,08-01-21,53.92,08-01-21,53.63,08-01-21,52.08,08-01-21,50.19,08-01-21,53.00,08-01-21,52.51,08-01-21,52.48,08-01-21,52.38,08-01-21,52.19
07-01-21,54.53,07-01-21,54.45,07-01-21,54.25,07-01-21,54.02,07-01-21,53.71,07-01-21,53.41,07-01-21,53.12,07-01-21,52.82,07-01-21,52.53,07-01-21,52.30,07-01-21,51.98,07-01-21,51.77,07-01-21,52.94,07-01-21,51.43,07-01-21,51.28,07-01-21,51.21,07-01-21,51.05
06-01-21,54.20,06-01-21,54.06,06-01-21,53.88,06-01-21,53.63,06-01-21,53.34,06-01-21,53.05,06-01-21,52.74,06-01-21,52.45,06-01-21,52.18,06-01-21,51.92,06-01-21,51.60,06-01-21,51.38,06-01-21,52.90,06-01-21,51.03,06-01-21,50.73,06-01-21,50.80,06-01-21,50.62
05-01-21,53.58,05-01-21,53.50,05-01-21,53.38,05-01-21,53.18,05-01-21,52.92,05-01-21,52.69,05-01-21,52.44,05-01-21,52.22,05-01-21,52.00,05-01-21,51.77,05-01-21,51.51,05-01-21,51.55,05-01-21,52.79,05-01-21,51.05,05-01-21,51.11,05-01-21,50.88,05-01-21,50.73
04-01-21,50.66,04-01-21,50.74,04-01-21,50.77,04-01-21,50.71,04-01-21,50.58,04-01-21,50.46,04-01-21,50.34,04-01-21,50.20,04-01-21,50.07,04-01-21,49.96,04-01-21,49.83,04-01-21,49.75,04-01-21,52.79,04-01-21,49.62,04-01-21,49.55,04-01-21,49.48,04-01-21,49.48
