LGOc1,LGOc1,LGOc2,LGOc2,LGOc3,LGOc3,LGOc4,LGOc4,LGOc5,LGOc5,LGOc6,LGOc6,LGOc7,LGOc7,LGOc8,LGOc8,LGOc9,LGOc9,LGOc10,LGOc10,LGOc11,LGOc11,LGOc12,LGOc12,LGOc13,LGOc13,LGOc14,LGOc14
Timestamp,SETTLE,Timestamp,SETTLE,Timestamp,SETTLE,Timestamp,SETTLE,Timestamp,SETTLE,Timestamp,SETTLE,Timestamp,SETTLE,Timestamp,SETTLE,Timestamp,SETTLE,Timestamp,SETTLE,Timestamp,SETTLE,Timestamp,SETTLE,Timestamp,SETTLE,Timestamp,SETTLE
20-05-26,1187.33,20-05-26,1163.45,20-05-26,1108.35,20-05-26,1062.64,20-05-26,1028.44,20-05-26,987.83,20-05-26,945.50,20-05-26,920.62,20-05-26,900.69,20-05-26,881.62,20-05-26,862.07,20-05-26,846.30,20-05-26,832.81,20-05-26,822.00
19-05-26,1225.08,19-05-26,1195.62,19-05-26,1136.00,19-05-26,1089.30,19-05-26,1053.04,19-05-26,1008.17,19-05-26,962.50,19-05-26,936.75,19-05-26,915.67,19-05-26,894.38,19-05-26,873.08,19-05-26,856.08,19-05-26,839.50,19-05-26,827.06
18-05-26,1208.88,18-05-26,1170.92,18-05-26,1113.12,18-05-26,1065.42,18-05-26,1030.17,18-05-26,987.69,18-05-26,944.25,18-05-26,919.10,18-05-26,900.08,18-05-26,880.75,18-05-26,861.17,18-05-26,845.42,18-05-26,831.58,18-05-26,820.75
17-05-26,1207.89,17-05-26,1166.43,17-05-26,1110.00,17-05-26,1063.42,17-05-26,1028.47,17-05-26,986.62,17-05-26,943.52,17-05-26,918.95,17-05-26,899.38,17-05-26,880.38,17-05-26,861.31,17-05-26,845.60,17-05-26,831.75,17-05-26,820.50
15-05-26,1199.62,15-05-26,1158.50,15-05-26,1103.25,15-05-26,1059.60,15-05-26,1025.38,15-05-26,983.25,15-05-26,940.38,15-05-26,918.20,15-05-26,899.25,15-05-26,878.50,15-05-26,860.50,15-05-26,841.68,15-05-26,827.50,15-05-26,816.33
14-05-26,1160.00,14-05-26,1126.00,14-05-26,1075.75,14-05-26,1034.50,14-05-26,1003.50,14-05-26,966.00,14-05-26,928.65,14-05-26,905.83,14-05-26,886.88,14-05-26,870.67,14-05-26,852.67,14-05-26,837.92,14-05-26,825.17,14-05-26,814.00
13-05-26,1167.75,13-05-26,1131.12,13-05-26,1081.55,13-05-26,1037.75,13-05-26,1007.00,13-05-26,969.38,13-05-26,929.00,13-05-26,906.62,13-05-26,889.00,13-05-26,871.75,13-05-26,853.75,13-05-26,839.25,13-05-26,826.50,13-05-26,816.50
12-05-26,1218.88,12-05-26,1207.85,12-05-26,1157.07,12-05-26,1096.80,12-05-26,1051.92,12-05-26,1018.21,12-05-26,977.88,12-05-26,935.25,12-05-26,912.67,12-05-26,894.88,12-05-26,877.13,12-05-26,859.25,12-05-26,844.80,12-05-26,832.59
11-05-26,1190.21,11-05-26,1175.90,11-05-26,1119.90,11-05-26,1064.83,11-05-26,1023.75,11-05-26,993.75,11-05-26,958.25,11-05-26,919.45,11-05-26,898.17,11-05-26,882.08,11-05-26,864.62,11-05-26,847.88,11-05-26,834.25,11-05-26,823.00
10-05-26,1213.25,10-05-26,1186.50,10-05-26,1123.19,10-05-26,1062.77,10-05-26,1021.80,10-05-26,991.75,10-05-26,956.35,10-05-26,919.25,10-05-26,899.17,10-05-26,883.08,10-05-26,866.80,10-05-26,850.17,10-05-26,837.25,10-05-26,825.97
08-05-26,1169.38,08-05-26,1142.38,08-05-26,1084.38,08-05-26,1029.12,08-05-26,990.38,08-05-26,961.62,08-05-26,927.88,08-05-26,890.95,08-05-26,872.31,08-05-26,857.58,08-05-26,842.17,08-05-26,826.25,08-05-26,815.38,08-05-26,805.00
07-05-26,1196.88,07-05-26,1160.38,07-05-26,1097.75,07-05-26,1042.08,07-05-26,1003.35,07-05-26,970.62,07-05-26,934.12,07-05-26,899.65,07-05-26,879.20,07-05-26,862.35,07-05-26,845.80,07-05-26,828.65,07-05-26,814.17,07-05-26,803.08
06-05-26,1180.25,06-05-26,1136.88,06-05-26,1077.42,06-05-26,1024.00,06-05-26,984.02,06-05-26,955.06,06-05-26,920.50,06-05-26,885.69,06-05-26,867.31,06-05-26,852.44,06-05-26,837.00,06-05-26,821.33,06-05-26,809.00,06-05-26,799.08
05-05-26,1287.00,05-05-26,1231.50,05-05-26,1163.50,05-05-26,1097.00,05-05-26,1048.00,05-05-26,1014.35,05-05-26,974.38,05-05-26,935.88,05-05-26,913.25,05-05-26,897.25,05-05-26,878.75,05-05-26,857.12,05-05-26,842.12,05-05-26,831.75
04-05-26,1316.92,04-05-26,1245.44,04-05-26,1167.38,04-05-26,1091.69,04-05-26,1044.06,04-05-26,1013.10,04-05-26,972.12,04-05-26,934.88,04-05-26,912.00,04-05-26,893.67,04-05-26,875.80,04-05-26,859.17,04-05-26,843.25,04-05-26,830.88
03-05-26,1279.75,03-05-26,1207.65,03-05-26,1128.12,03-05-26,1058.45,03-05-26,1013.25,03-05-26,979.75,03-05-26,943.17,03-05-26,906.25,03-05-26,885.05,03-05-26,867.95,03-05-26,850.38,03-05-26,832.85,03-05-26,818.96,03-05-26,806.25
01-05-26,1286.67,01-05-26,1213.83,01-05-26,1133.08,01-05-26,1062.58,01-05-26,1018.85,01-05-26,985.83,01-05-26,946.42,01-05-26,909.46,01-05-26,887.30,01-05-26,870.42,01-05-26,853.25,01-05-26,835.21,01-05-26,821.21,01-05-26,810.17
30-04-26,1312.70,30-04-26,1238.00,30-04-26,1151.50,30-04-26,1083.00,30-04-26,1034.50,30-04-26,998.50,30-04-26,958.50,30-04-26,919.00,30-04-26,893.00,30-04-26,874.69,30-04-26,859.12,30-04-26,840.50,30-04-26,825.62,30-04-26,813.38
29-04-26,1326.38,29-04-26,1257.75,29-04-26,1172.25,29-04-26,1097.88,29-04-26,1048.12,29-04-26,1010.62,29-04-26,967.88,29-04-26,925.50,29-04-26,901.62,29-04-26,882.62,29-04-26,863.88,29-04-26,843.42,29-04-26,828.75,29-04-26,814.88
28-04-26,1247.62,28-04-26,1185.38,28-04-26,1111.00,28-04-26,1044.00,28-04-26,999.75,28-04-26,967.92,28-04-26,930.00,28-04-26,892.17,28-04-26,872.32,28-04-26,856.82,28-04-26,841.00,28-04-26,824.62,28-04-26,810.12,28-04-26,798.20
27-04-26,1248.12,27-04-26,1174.62,27-04-26,1094.00,27-04-26,1029.50,27-04-26,989.88,27-04-26,960.62,27-04-26,926.12,27-04-26,890.75,27-04-26,872.33,27-04-26,857.54,27-04-26,841.95,27-04-26,825.38,27-04-26,811.75,27-04-26,799.75
26-04-26,1272.29,26-04-26,1176.12,26-04-26,1088.77,26-04-26,1025.42,26-04-26,987.14,26-04-26,959.50,26-04-26,925.75,26-04-26,890.95,26-04-26,872.30,26-04-26,857.65,26-04-26,842.44,26-04-26,826.25,26-04-26,812.18,26-04-26,799.75
24-04-26,1246.46,24-04-26,1156.00,24-04-26,1074.00,24-04-26,1012.62,24-04-26,974.25,24-04-26,946.50,24-04-26,912.88,24-04-26,879.00,24-04-26,860.75,24-04-26,845.62,24-04-26,830.88,24-04-26,815.12,24-04-26,801.38,24-04-26,789.00
23-04-26,1245.75,23-04-26,1158.50,23-04-26,1078.12,23-04-26,1016.75,23-04-26,979.58,23-04-26,951.75,23-04-26,918.25,23-04-26,883.50,23-04-26,865.83,23-04-26,852.08,23-04-26,838.71,23-04-26,823.46,23-04-26,810.21,23-04-26,798.17
22-04-26,1209.00,22-04-26,1124.38,22-04-26,1050.62,22-04-26,995.67,22-04-26,958.25,22-04-26,928.45,22-04-26,899.43,22-04-26,864.29,22-04-26,846.22,22-04-26,833.55,22-04-26,816.55,22-04-26,803.00,22-04-26,790.75,22-04-26,779.58
21-04-26,1166.62,21-04-26,1091.12,21-04-26,1021.42,21-04-26,967.42,21-04-26,933.17,21-04-26,907.67,21-04-26,876.58,21-04-26,844.50,21-04-26,829.15,21-04-26,817.35,21-04-26,804.85,21-04-26,791.75,21-04-26,780.45,21-04-26,769.50
20-04-26,1073.88,20-04-26,1013.12,20-04-26,962.00,20-04-26,922.33,20-04-26,895.12,20-04-26,874.17,20-04-26,847.10,20-04-26,818.40,20-04-26,805.45,20-04-26,796.00,20-04-26,785.90,20-04-26,773.75,20-04-26,763.75,20-04-26,754.62
19-04-26,1142.75,19-04-26,1056.35,19-04-26,995.25,19-04-26,952.12,19-04-26,923.23,19-04-26,900.19,19-04-26,871.08,19-04-26,840.96,19-04-26,826.20,19-04-26,814.94,19-04-26,803.72,19-04-26,791.28,19-04-26,780.67,19-04-26,771.00
17-04-26,1053.50,17-04-26,991.50,17-04-26,944.17,17-04-26,907.75,17-04-26,883.00,17-04-26,863.85,17-04-26,838.60,17-04-26,812.00,17-04-26,799.45,17-04-26,786.75,17-04-26,779.25,17-04-26,765.00,17-04-26,755.33,17-04-26,746.17
16-04-26,1174.50,16-04-26,1079.42,16-04-26,1012.45,16-04-26,962.38,16-04-26,930.58,16-04-26,909.38,16-04-26,880.50,16-04-26,853.25,16-04-26,838.38,16-04-26,826.75,16-04-26,811.92,16-04-26,801.50,16-04-26,790.50,16-04-26,782.80
15-04-26,1152.20,15-04-26,1051.35,15-04-26,981.75,15-04-26,941.60,15-04-26,916.15,15-04-26,894.50,15-04-26,870.25,15-04-26,842.90,15-04-26,829.35,15-04-26,819.25,15-04-26,808.55,15-04-26,797.20,15-04-26,785.25,15-04-26,777.38
14-04-26,1119.62,14-04-26,1035.75,14-04-26,980.38,14-04-26,942.25,14-04-26,915.92,14-04-26,895.42,14-04-26,868.67,14-04-26,841.00,14-04-26,825.46,14-04-26,816.50,14-04-26,802.85,14-04-26,789.38,14-04-26,778.50,14-04-26,771.12
13-04-26,1166.96,13-04-26,1067.75,13-04-26,1002.50,13-04-26,962.58,13-04-26,936.25,13-04-26,914.67,13-04-26,886.67,13-04-26,858.30,13-04-26,842.90,13-04-26,829.58,13-04-26,816.58,13-04-26,802.58,13-04-26,790.58,13-04-26,775.96
12-04-26,1256.00,12-04-26,1134.00,12-04-26,1047.25,12-04-26,994.00,12-04-26,960.92,12-04-26,937.35,12-04-26,907.50,12-04-26,875.90,12-04-26,859.14,12-04-26,845.80,12-04-26,832.75,12-04-26,818.41,12-04-26,806.00,12-04-26,794.80
10-04-26,1289.88,10-04-26,1182.25,10-04-26,1071.62,10-04-26,996.85,10-04-26,950.50,10-04-26,922.35,10-04-26,902.36,10-04-26,874.80,10-04-26,845.12,10-04-26,830.25,10-04-26,818.88,10-04-26,807.05,10-04-26,794.50,10-04-26,783.81
09-04-26,1339.38,09-04-26,1196.88,09-04-26,1082.75,09-04-26,1003.50,09-04-26,954.62,09-04-26,924.75,09-04-26,903.25,09-04-26,875.88,09-04-26,843.25,09-04-26,829.08,09-04-26,817.42,09-04-26,802.42,09-04-26,789.33,09-04-26,778.75
08-04-26,1282.50,08-04-26,1170.94,08-04-26,1064.56,08-04-26,994.58,08-04-26,950.75,08-04-26,922.08,08-04-26,901.85,08-04-26,872.60,08-04-26,843.05,08-04-26,829.00,08-04-26,817.75,08-04-26,805.58,08-04-26,792.92,08-04-26,782.17
07-04-26,1451.17,07-04-26,1304.39,07-04-26,1148.17,07-04-26,1035.60,07-04-26,979.62,07-04-26,944.50,07-04-26,920.62,07-04-26,887.62,07-04-26,853.25,07-04-26,838.20,07-04-26,824.60,07-04-26,810.65,07-04-26,795.70,07-04-26,783.25
06-04-26,1500.67,06-04-26,1344.00,06-04-26,1180.38,06-04-26,1053.50,06-04-26,984.88,06-04-26,947.88,06-04-26,921.88,06-04-26,889.92,06-04-26,856.95,06-04-26,836.88,06-04-26,823.12,06-04-26,812.20,06-04-26,797.10,06-04-26,781.12
05-04-26,1568.50,05-04-26,1390.06,05-04-26,1204.50,05-04-26,1067.19,05-04-26,992.75,05-04-26,951.00,05-04-26,921.75,05-04-26,885.67,05-04-26,848.50,05-04-26,831.17,05-04-26,817.42,05-04-26,803.17,05-04-26,787.92,05-04-26,775.42
02-04-26,1510.00,02-04-26,1349.33,02-04-26,1175.88,02-04-26,1044.00,02-04-26,973.25,02-04-26,934.50,02-04-26,908.38,02-04-26,870.55,02-04-26,840.88,02-04-26,824.12,02-04-26,811.12,02-04-26,798.00,02-04-26,782.40,02-04-26,770.85
01-04-26,1339.80,01-04-26,1202.80,01-04-26,1068.30,01-04-26,973.42,01-04-26,924.50,01-04-26,894.38,01-04-26,873.30,01-04-26,845.30,01-04-26,815.80,01-04-26,801.55,01-04-26,789.90,01-04-26,779.62,01-04-26,767.00,01-04-26,754.35
31-03-26,1329.06,31-03-26,1208.33,31-03-26,1071.00,31-03-26,981.88,31-03-26,930.12,31-03-26,897.65,31-03-26,877.10,31-03-26,849.35,31-03-26,820.80,31-03-26,807.88,31-03-26,796.25,31-03-26,783.75,31-03-26,770.75,31-03-26,760.12
30-03-26,1392.69,30-03-26,1244.60,30-03-26,1103.67,30-03-26,1017.12,30-03-26,966.12,30-03-26,933.83,30-03-26,911.20,30-03-26,882.15,30-03-26,852.30,30-03-26,836.80,30-03-26,823.80,30-03-26,810.44,30-03-26,795.81,30-03-26,784.75
29-03-26,1430.88,29-03-26,1249.05,29-03-26,1106.25,29-03-26,1023.25,29-03-26,975.25,29-03-26,947.25,29-03-26,928.00,29-03-26,901.80,29-03-26,875.05,29-03-26,860.95,29-03-26,847.93,29-03-26,835.12,29-03-26,821.00,29-03-26,807.94
27-03-26,1417.29,27-03-26,1233.04,27-03-26,1092.88,27-03-26,1010.88,27-03-26,962.88,27-03-26,936.12,27-03-26,916.50,27-03-26,895.50,27-03-26,866.25,27-03-26,852.25,27-03-26,840.00,27-03-26,827.00,27-03-26,813.62,27-03-26,801.88
26-03-26,1314.81,26-03-26,1154.81,26-03-26,1033.75,26-03-26,966.88,26-03-26,931.33,26-03-26,910.35,26-03-26,895.55,26-03-26,873.00,26-03-26,849.70,26-03-26,836.75,26-03-26,826.17,26-03-26,814.50,26-03-26,801.92,26-03-26,791.67
25-03-26,1212.40,25-03-26,1079.40,25-03-26,979.90,25-03-26,930.05,25-03-26,901.40,25-03-26,883.40,25-03-26,870.65,25-03-26,849.90,25-03-26,828.65,25-03-26,817.50,25-03-26,808.05,25-03-26,797.60,25-03-26,787.08,25-03-26,777.42
24-03-26,1228.50,24-03-26,1073.17,24-03-26,957.17,24-03-26,906.17,24-03-26,881.17,24-03-26,867.00,24-03-26,852.88,24-03-26,831.38,24-03-26,810.17,24-03-26,798.62,24-03-26,790.50,24-03-26,781.38,24-03-26,771.38,24-03-26,762.62
23-03-26,1230.96,23-03-26,1089.00,23-03-26,967.58,23-03-26,912.50,23-03-26,883.88,23-03-26,868.95,23-03-26,856.70,23-03-26,836.83,23-03-26,816.17,23-03-26,805.75,23-03-26,798.15,23-03-26,789.35,23-03-26,779.88,23-03-26,770.50
22-03-26,1363.75,22-03-26,1204.92,22-03-26,1063.96,22-03-26,986.18,22-03-26,948.17,22-03-26,925.12,22-03-26,909.00,22-03-26,885.68,22-03-26,861.42,22-03-26,848.25,22-03-26,838.25,22-03-26,827.80,22-03-26,816.25,22-03-26,806.40
20-03-26,1342.00,20-03-26,1181.00,20-03-26,1051.25,20-03-26,978.65,20-03-26,942.00,20-03-26,918.08,20-03-26,897.50,20-03-26,874.50,20-03-26,850.50,20-03-26,844.60,20-03-26,834.65,20-03-26,824.45,20-03-26,805.38,20-03-26,795.62
19-03-26,1317.25,19-03-26,1161.42,19-03-26,1022.50,19-03-26,943.12,19-03-26,903.42,19-03-26,880.67,19-03-26,867.88,19-03-26,844.92,19-03-26,821.69,19-03-26,809.81,19-03-26,801.38,19-03-26,792.81,19-03-26,782.81,19-03-26,774.50
18-03-26,1306.88,18-03-26,1158.25,18-03-26,1028.88,18-03-26,949.88,18-03-26,910.88,18-03-26,890.62,18-03-26,876.44,18-03-26,852.38,18-03-26,827.62,18-03-26,811.95,18-03-26,802.21,18-03-26,793.12,18-03-26,783.05,18-03-26,773.96
17-03-26,1181.88,17-03-26,1057.12,17-03-26,949.35,17-03-26,887.83,17-03-26,861.30,17-03-26,848.50,17-03-26,838.75,17-03-26,818.38,17-03-26,795.86,17-03-26,786.34,17-03-26,778.75,17-03-26,770.71,17-03-26,762.18,17-03-26,754.88
16-03-26,1121.38,16-03-26,1010.75,16-03-26,922.12,16-03-26,868.25,16-03-26,842.45,16-03-26,829.25,16-03-26,819.90,16-03-26,800.29,16-03-26,777.75,16-03-26,768.64,16-03-26,761.81,16-03-26,754.95,16-03-26,747.05,16-03-26,740.65
15-03-26,1160.12,15-03-26,1046.67,15-03-26,956.12,15-03-26,897.75,15-03-26,865.64,15-03-26,849.67,15-03-26,837.88,15-03-26,815.91,15-03-26,791.71,15-03-26,780.43,15-03-26,773.10,15-03-26,765.18,15-03-26,756.84,15-03-26,749.12
13-03-26,1148.00,13-03-26,1035.12,13-03-26,942.95,13-03-26,890.00,13-03-26,863.30,13-03-26,847.75,13-03-26,835.57,13-03-26,813.50,13-03-26,789.25,13-03-26,777.75,13-03-26,771.50,13-03-26,762.96,13-03-26,755.31,13-03-26,747.81
12-03-26,1165.75,12-03-26,1108.67,12-03-26,1006.92,12-03-26,924.04,12-03-26,871.30,12-03-26,844.50,12-03-26,832.12,12-03-26,822.50,12-03-26,801.48,12-03-26,777.98,12-03-26,767.94,12-03-26,760.83,12-03-26,754.14,12-03-26,746.60
11-03-26,1132.25,11-03-26,1078.62,11-03-26,981.00,11-03-26,897.40,11-03-26,849.75,11-03-26,825.88,11-03-26,815.75,11-03-26,807.75,11-03-26,788.50,11-03-26,767.56,11-03-26,757.56,11-03-26,750.75,11-03-26,745.12,11-03-26,737.75
10-03-26,1051.36,10-03-26,993.17,10-03-26,908.38,10-03-26,852.07,10-03-26,816.38,10-03-26,798.12,10-03-26,789.75,10-03-26,782.50,10-03-26,763.75,10-03-26,742.75,10-03-26,735.25,10-03-26,730.25,10-03-26,725.50,10-03-26,719.88
09-03-26,1028.75,09-03-26,962.50,09-03-26,887.00,09-03-26,834.00,09-03-26,798.50,09-03-26,778.72,09-03-26,771.97,09-03-26,765.36,09-03-26,750.75,09-03-26,731.75,09-03-26,725.38,09-03-26,720.46,09-03-26,715.71,09-03-26,711.88
08-03-26,1308.83,08-03-26,1194.62,08-03-26,1068.86,08-03-26,978.12,08-03-26,912.75,08-03-26,875.50,08-03-26,856.12,08-03-26,840.62,08-03-26,811.92,08-03-26,781.75,08-03-26,769.88,08-03-26,761.50,08-03-26,753.50,08-03-26,745.08
06-03-26,1159.62,06-03-26,1060.88,06-03-26,953.25,06-03-26,880.00,06-03-26,832.62,06-03-26,808.00,06-03-26,794.00,06-03-26,782.31,06-03-26,761.90,06-03-26,740.70,06-03-26,732.29,06-03-26,727.12,06-03-26,721.62,06-03-26,715.00
05-03-26,1090.38,05-03-26,1021.38,05-03-26,912.62,05-03-26,850.38,05-03-26,809.88,05-03-26,784.50,05-03-26,770.38,05-03-26,760.00,05-03-26,742.20,05-03-26,723.80,05-03-26,716.90,05-03-26,712.20,05-03-26,708.88,05-03-26,702.08
04-03-26,1046.38,04-03-26,983.67,04-03-26,892.25,04-03-26,833.62,04-03-26,800.25,04-03-26,777.25,04-03-26,763.50,04-03-26,752.08,04-03-26,734.92,04-03-26,715.92,04-03-26,708.50,04-03-26,703.58,04-03-26,699.00,04-03-26,693.58
03-03-26,980.67,03-03-26,936.50,03-03-26,872.75,03-03-26,828.75,03-03-26,801.00,03-03-26,780.62,03-03-26,766.12,03-03-26,754.62,03-03-26,733.30,03-03-26,713.95,03-03-26,705.55,03-03-26,700.55,03-03-26,698.88,03-03-26,693.38
02-03-26,897.62,02-03-26,868.73,02-03-26,821.42,02-03-26,792.38,02-03-26,773.88,02-03-26,758.62,02-03-26,747.00,02-03-26,736.75,02-03-26,722.00,02-03-26,705.62,02-03-26,697.75,02-03-26,692.88,02-03-26,688.25,02-03-26,682.75
27-02-26,756.42,27-02-26,746.83,27-02-26,731.10,27-02-26,717.35,27-02-26,708.00,27-02-26,701.20,27-02-26,696.50,27-02-26,693.65,27-02-26,686.85,27-02-26,677.38,27-02-26,673.80,27-02-26,670.75,27-02-26,667.50,27-02-26,662.95
26-02-26,738.25,26-02-26,728.15,26-02-26,713.50,26-02-26,700.25,26-02-26,690.96,26-02-26,684.46,26-02-26,680.86,26-02-26,678.96,26-02-26,672.61,26-02-26,664.36,26-02-26,660.36,26-02-26,657.46,26-02-26,654.61,26-02-26,650.36
25-02-26,736.33,25-02-26,725.58,25-02-26,710.04,25-02-26,697.04,25-02-26,688.36,25-02-26,682.10,25-02-26,679.00,25-02-26,676.85,25-02-26,671.42,25-02-26,663.33,25-02-26,659.42,25-02-26,656.67,25-02-26,653.92,25-02-26,649.75
24-02-26,738.90,24-02-26,727.33,24-02-26,713.21,24-02-26,700.33,24-02-26,691.75,24-02-26,685.86,24-02-26,682.61,24-02-26,680.75,24-02-26,674.12,24-02-26,665.77,24-02-26,661.62,24-02-26,659.12,24-02-26,656.37,24-02-26,652.21
23-02-26,737.40,23-02-26,726.25,23-02-26,710.68,23-02-26,698.46,23-02-26,690.46,23-02-26,684.71,23-02-26,681.32,23-02-26,679.32,23-02-26,672.93,23-02-26,665.61,23-02-26,661.67,23-02-26,658.64,23-02-26,654.20,23-02-26,650.20
20-02-26,726.34,20-02-26,716.35,20-02-26,703.85,20-02-26,693.30,20-02-26,686.20,20-02-26,680.75,20-02-26,677.25,20-02-26,675.20,20-02-26,669.20,20-02-26,661.50,20-02-26,657.90,20-02-26,655.85,20-02-26,653.20,20-02-26,649.60
19-02-26,738.75,19-02-26,725.75,19-02-26,710.29,19-02-26,696.88,19-02-26,688.12,19-02-26,681.92,19-02-26,678.30,19-02-26,675.85,19-02-26,670.17,19-02-26,662.58,19-02-26,658.92,19-02-26,656.50,19-02-26,653.92,19-02-26,649.92
18-02-26,714.08,18-02-26,705.88,18-02-26,693.50,18-02-26,682.12,18-02-26,674.50,18-02-26,667.62,18-02-26,664.83,18-02-26,663.33,18-02-26,657.83,18-02-26,650.79,18-02-26,647.04,18-02-26,645.04,18-02-26,642.79,18-02-26,639.33
17-02-26,676.00,17-02-26,668.20,17-02-26,659.00,17-02-26,650.70,17-02-26,645.14,17-02-26,642.00,17-02-26,640.14,17-02-26,638.75,17-02-26,634.50,17-02-26,629.62,17-02-26,627.50,17-02-26,626.75,17-02-26,626.00,17-02-26,623.88
16-02-26,678.25,16-02-26,671.00,16-02-26,663.00,16-02-26,656.00,16-02-26,651.30,16-02-26,648.05,16-02-26,646.50,16-02-26,646.33,16-02-26,641.92,16-02-26,636.33,16-02-26,634.17,16-02-26,633.50,16-02-26,632.50,16-02-26,630.33
13-02-26,669.50,13-02-26,662.05,13-02-26,653.80,13-02-26,646.50,13-02-26,641.80,13-02-26,639.00,13-02-26,638.12,13-02-26,636.95,13-02-26,633.00,13-02-26,627.73,13-02-26,625.75,13-02-26,625.02,13-02-26,624.30,13-02-26,622.58
12-02-26,672.58,12-02-26,665.00,12-02-26,657.17,12-02-26,650.00,12-02-26,645.50,12-02-26,642.58,12-02-26,641.17,12-02-26,641.25,12-02-26,637.42,12-02-26,631.92,12-02-26,629.75,12-02-26,629.00,12-02-26,628.25,12-02-26,626.08
11-02-26,697.00,11-02-26,694.38,11-02-26,685.38,11-02-26,676.25,11-02-26,668.75,11-02-26,663.75,11-02-26,660.38,11-02-26,658.75,11-02-26,658.25,11-02-26,653.62,11-02-26,647.75,11-02-26,645.00,11-02-26,643.88,11-02-26,642.25
10-02-26,684.30,10-02-26,681.95,10-02-26,674.25,10-02-26,666.25,10-02-26,659.25,10-02-26,654.83,10-02-26,651.92,10-02-26,650.58,10-02-26,650.42,10-02-26,646.33,10-02-26,640.75,10-02-26,638.58,10-02-26,637.67,10-02-26,636.58
09-02-26,695.17,09-02-26,691.08,09-02-26,681.75,09-02-26,672.81,09-02-26,665.06,09-02-26,660.12,09-02-26,657.12,09-02-26,655.38,09-02-26,654.69,09-02-26,650.19,09-02-26,644.19,09-02-26,641.75,09-02-26,640.81,09-02-26,639.75
06-02-26,694.75,06-02-26,689.88,06-02-26,677.88,06-02-26,667.25,06-02-26,658.50,06-02-26,653.12,06-02-26,649.88,06-02-26,648.25,06-02-26,647.75,06-02-26,643.00,06-02-26,637.00,06-02-26,634.62,06-02-26,633.75,06-02-26,632.50
05-02-26,690.17,05-02-26,684.05,05-02-26,672.33,05-02-26,661.25,05-02-26,652.70,05-02-26,647.50,05-02-26,644.50,05-02-26,643.00,05-02-26,642.55,05-02-26,638.00,05-02-26,632.20,05-02-26,629.75,05-02-26,628.75,05-02-26,627.75
04-02-26,705.00,04-02-26,698.75,04-02-26,685.00,04-02-26,674.00,04-02-26,665.00,04-02-26,659.38,04-02-26,655.62,04-02-26,653.62,04-02-26,653.00,04-02-26,648.00,04-02-26,641.75,04-02-26,639.12,04-02-26,638.00,04-02-26,636.75
03-02-26,697.42,03-02-26,690.25,03-02-26,676.12,03-02-26,665.50,03-02-26,657.38,03-02-26,652.25,03-02-26,648.50,03-02-26,646.62,03-02-26,646.12,03-02-26,642.25,03-02-26,635.80,03-02-26,633.25,03-02-26,632.45,03-02-26,631.45
02-02-26,681.00,02-02-26,672.83,02-02-26,659.58,02-02-26,649.17,02-02-26,641.00,02-02-26,636.42,02-02-26,633.42,02-02-26,631.50,02-02-26,631.40,02-02-26,626.90,02-02-26,621.00,02-02-26,618.90,02-02-26,618.30,02-02-26,617.65
30-01-26,732.75,30-01-26,720.75,30-01-26,701.02,30-01-26,686.18,30-01-26,674.89,30-01-26,668.30,30-01-26,663.50,30-01-26,660.45,30-01-26,658.91,30-01-26,653.16,30-01-26,646.16,30-01-26,642.70,30-01-26,641.00,30-01-26,639.25
29-01-26,719.25,29-01-26,710.58,29-01-26,694.83,29-01-26,681.58,29-01-26,671.58,29-01-26,665.50,29-01-26,661.08,29-01-26,658.08,29-01-26,655.42,29-01-26,651.08,29-01-26,644.58,29-01-26,641.75,29-01-26,640.50,29-01-26,639.50
28-01-26,700.00,28-01-26,690.75,28-01-26,676.25,28-01-26,664.95,28-01-26,656.20,28-01-26,650.95,28-01-26,647.65,28-01-26,645.65,28-01-26,645.15,28-01-26,640.40,28-01-26,634.70,28-01-26,632.40,28-01-26,631.65,28-01-26,630.95
27-01-26,693.38,27-01-26,683.81,27-01-26,668.42,27-01-26,657.06,27-01-26,648.12,27-01-26,642.88,27-01-26,639.38,27-01-26,637.88,27-01-26,637.38,27-01-26,633.38,27-01-26,628.12,27-01-26,625.88,27-01-26,625.47,27-01-26,625.22
26-01-26,679.29,26-01-26,668.80,26-01-26,654.57,26-01-26,644.25,26-01-26,636.25,26-01-26,632.00,26-01-26,629.29,26-01-26,628.04,26-01-26,628.08,26-01-26,624.33,26-01-26,619.58,26-01-26,617.88,26-01-26,617.88,26-01-26,617.88
23-01-26,680.11,23-01-26,672.61,23-01-26,660.67,23-01-26,650.38,23-01-26,641.62,23-01-26,636.08,23-01-26,632.83,23-01-26,631.29,23-01-26,631.04,23-01-26,627.29,23-01-26,622.58,23-01-26,620.95,23-01-26,621.00,23-01-26,620.79
22-01-26,667.29,22-01-26,659.79,22-01-26,648.05,22-01-26,638.56,22-01-26,631.12,22-01-26,627.06,22-01-26,624.39,22-01-26,623.14,22-01-26,623.33,22-01-26,619.91,22-01-26,615.17,22-01-26,613.67,22-01-26,613.44,22-01-26,613.44
21-01-26,684.42,21-01-26,674.83,21-01-26,660.90,21-01-26,650.31,21-01-26,642.04,21-01-26,637.17,21-01-26,633.86,21-01-26,632.17,21-01-26,631.67,21-01-26,627.67,21-01-26,622.67,21-01-26,620.46,21-01-26,620.21,21-01-26,619.96
20-01-26,662.03,20-01-26,657.22,20-01-26,647.25,20-01-26,638.75,20-01-26,631.35,20-01-26,627.50,20-01-26,624.75,20-01-26,623.25,20-01-26,623.25,20-01-26,619.50,20-01-26,614.60,20-01-26,612.75,20-01-26,612.50,20-01-26,612.40
19-01-26,657.03,19-01-26,652.28,19-01-26,642.54,19-01-26,634.29,19-01-26,628.00,19-01-26,623.75,19-01-26,621.00,19-01-26,619.75,19-01-26,620.12,19-01-26,616.50,19-01-26,611.75,19-01-26,609.88,19-01-26,609.75,19-01-26,610.00
16-01-26,650.75,16-01-26,646.50,16-01-26,638.48,16-01-26,631.48,16-01-26,625.70,16-01-26,622.43,16-01-26,620.18,16-01-26,619.40,16-01-26,618.50,16-01-26,616.21,16-01-26,610.25,16-01-26,608.62,16-01-26,608.50,16-01-26,608.62
15-01-26,641.25,15-01-26,637.50,15-01-26,630.12,15-01-26,624.38,15-01-26,619.25,15-01-26,616.12,15-01-26,614.38,15-01-26,614.00,15-01-26,614.67,15-01-26,611.31,15-01-26,606.75,15-01-26,605.42,15-01-26,605.42,15-01-26,605.58
14-01-26,654.92,14-01-26,651.25,14-01-26,643.00,14-01-26,636.17,14-01-26,630.42,14-01-26,627.08,14-01-26,624.83,14-01-26,624.33,14-01-26,625.00,14-01-26,622.25,14-01-26,618.00,14-01-26,616.65,14-01-26,616.65,14-01-26,616.70
13-01-26,654.67,13-01-26,650.62,13-01-26,642.50,13-01-26,636.17,13-01-26,630.67,13-01-26,627.17,13-01-26,625.17,13-01-26,624.17,13-01-26,624.67,13-01-26,621.17,13-01-26,616.42,13-01-26,614.83,13-01-26,614.75,13-01-26,614.58
12-01-26,631.33,12-01-26,628.79,12-01-26,623.04,12-01-26,618.30,12-01-26,614.36,12-01-26,612.36,12-01-26,611.12,12-01-26,610.89,12-01-26,611.67,12-01-26,608.67,12-01-26,604.17,12-01-26,602.47,12-01-26,602.72,12-01-26,603.19
09-01-26,624.25,09-01-26,623.35,09-01-26,620.40,09-01-26,614.70,09-01-26,609.95,09-01-26,606.25,09-01-26,604.50,09-01-26,603.55,09-01-26,603.80,09-01-26,604.85,09-01-26,601.90,09-01-26,597.90,09-01-26,596.45,09-01-26,596.95
08-01-26,625.33,08-01-26,625.00,08-01-26,621.38,08-01-26,615.25,08-01-26,610.25,08-01-26,606.75,08-01-26,605.12,08-01-26,604.38,08-01-26,604.38,08-01-26,605.25,08-01-26,602.50,08-01-26,598.50,08-01-26,597.38,08-01-26,597.62
07-01-26,602.75,07-01-26,601.40,07-01-26,599.00,07-01-26,593.75,07-01-26,590.00,07-01-26,587.25,07-01-26,586.50,07-01-26,586.25,07-01-26,586.75,07-01-26,588.25,07-01-26,586.12,07-01-26,582.75,07-01-26,582.12,07-01-26,583.00
06-01-26,607.38,06-01-26,606.00,06-01-26,602.88,06-01-26,597.62,06-01-26,593.38,06-01-26,590.25,06-01-26,589.38,06-01-26,589.12,06-01-26,589.62,06-01-26,591.00,06-01-26,588.75,06-01-26,585.25,06-01-26,584.38,06-01-26,585.00
05-01-26,623.56,05-01-26,621.50,05-01-26,617.30,05-01-26,610.83,05-01-26,606.30,05-01-26,602.55,05-01-26,601.12,05-01-26,600.54,05-01-26,600.38,05-01-26,601.20,05-01-26,598.01,05-01-26,594.15,05-01-26,592.94,05-01-26,593.51
02-01-26,614.75,02-01-26,612.75,02-01-26,608.75,02-01-26,602.75,02-01-26,598.38,02-01-26,594.62,02-01-26,593.75,02-01-26,593.38,02-01-26,593.50,02-01-26,594.62,02-01-26,591.75,02-01-26,588.25,02-01-26,587.08,02-01-26,588.08
31-12-25,617.23,31-12-25,614.71,31-12-25,610.28,31-12-25,603.74,31-12-25,599.16,31-12-25,595.38,31-12-25,594.31,31-12-25,594.15,31-12-25,594.06,31-12-25,595.17,31-12-25,592.72,31-12-25,589.12,31-12-25,588.00,31-12-25,588.75
30-12-25,625.67,30-12-25,622.92,30-12-25,618.25,30-12-25,611.12,30-12-25,606.12,30-12-25,601.75,30-12-25,600.50,30-12-25,599.62,30-12-25,599.38,30-12-25,600.38,30-12-25,597.75,30-12-25,594.67,30-12-25,593.58,30-12-25,594.25
29-12-25,618.50,29-12-25,616.25,29-12-25,612.12,29-12-25,605.81,29-12-25,601.50,29-12-25,598.00,29-12-25,597.00,29-12-25,596.73,29-12-25,596.98,29-12-25,598.15,29-12-25,596.08,29-12-25,591.50,29-12-25,590.55,29-12-25,591.30
26-12-25,613.88,26-12-25,611.38,26-12-25,607.25,26-12-25,600.62,26-12-25,596.38,26-12-25,592.75,26-12-25,591.88,26-12-25,591.75,26-12-25,592.12,26-12-25,593.50,26-12-25,591.25,26-12-25,588.00,26-12-25,587.12,26-12-25,588.00
24-12-25,626.85,24-12-25,624.32,24-12-25,619.62,24-12-25,612.94,24-12-25,608.40,24-12-25,604.93,24-12-25,603.50,24-12-25,603.06,24-12-25,603.06,24-12-25,604.00,24-12-25,601.69,24-12-25,598.07,24-12-25,596.93,24-12-25,597.62
23-12-25,631.38,23-12-25,628.67,23-12-25,624.12,23-12-25,617.67,23-12-25,613.08,23-12-25,608.75,23-12-25,607.08,23-12-25,605.88,23-12-25,606.00,23-12-25,607.00,23-12-25,604.50,23-12-25,600.92,23-12-25,599.83,23-12-25,600.50
22-12-25,622.00,22-12-25,619.58,22-12-25,614.66,22-12-25,610.25,22-12-25,605.20,22-12-25,601.95,22-12-25,600.75,22-12-25,600.05,22-12-25,600.25,22-12-25,601.30,22-12-25,599.05,22-12-25,595.80,22-12-25,594.84,22-12-25,595.64
19-12-25,609.70,19-12-25,607.35,19-12-25,603.35,19-12-25,598.40,19-12-25,594.75,19-12-25,591.96,19-12-25,590.70,19-12-25,590.31,19-12-25,590.70,19-12-25,593.30,19-12-25,591.30,19-12-25,588.00,19-12-25,587.42,19-12-25,588.33
18-12-25,610.81,18-12-25,608.50,18-12-25,604.14,18-12-25,598.58,18-12-25,594.33,18-12-25,591.08,18-12-25,590.04,18-12-25,589.58,18-12-25,590.04,18-12-25,591.54,18-12-25,589.54,18-12-25,586.50,18-12-25,585.79,18-12-25,586.79
17-12-25,625.12,17-12-25,620.80,17-12-25,615.58,17-12-25,609.25,17-12-25,603.75,17-12-25,599.27,17-12-25,597.33,17-12-25,596.83,17-12-25,597.08,17-12-25,598.30,17-12-25,596.05,17-12-25,592.25,17-12-25,591.88,17-12-25,592.62
16-12-25,606.55,16-12-25,603.80,16-12-25,600.10,16-12-25,594.90,16-12-25,590.90,16-12-25,587.65,16-12-25,586.45,16-12-25,586.25,16-12-25,586.95,16-12-25,588.50,16-12-25,586.50,16-12-25,583.45,16-12-25,582.50,16-12-25,583.50
15-12-25,622.18,15-12-25,619.16,15-12-25,614.91,15-12-25,609.29,15-12-25,604.79,15-12-25,600.79,15-12-25,599.08,15-12-25,598.58,15-12-25,598.83,15-12-25,600.88,15-12-25,598.62,15-12-25,595.27,15-12-25,594.14,15-12-25,594.89
12-12-25,628.62,12-12-25,625.07,12-12-25,621.18,12-12-25,615.17,12-12-25,610.04,12-12-25,605.61,12-12-25,604.47,12-12-25,602.54,12-12-25,603.72,12-12-25,605.27,12-12-25,602.46,12-12-25,598.00,12-12-25,596.60,12-12-25,598.00
11-12-25,640.12,11-12-25,636.04,11-12-25,629.96,11-12-25,623.25,11-12-25,617.41,11-12-25,612.66,11-12-25,610.94,11-12-25,609.44,11-12-25,608.94,11-12-25,608.58,11-12-25,605.79,11-12-25,603.08,11-12-25,601.69,11-12-25,601.81
10-12-25,662.50,10-12-25,652.50,10-12-25,647.92,10-12-25,641.92,10-12-25,635.17,10-12-25,629.67,10-12-25,624.67,10-12-25,621.50,10-12-25,619.50,10-12-25,618.75,10-12-25,618.75,10-12-25,615.50,10-12-25,611.25,10-12-25,609.50
09-12-25,650.40,09-12-25,646.80,09-12-25,642.31,09-12-25,636.33,09-12-25,630.25,09-12-25,625.00,09-12-25,620.67,09-12-25,618.21,09-12-25,616.75,09-12-25,615.71,09-12-25,616.25,09-12-25,613.04,09-12-25,609.50,09-12-25,607.92
08-12-25,664.09,08-12-25,654.60,08-12-25,649.15,08-12-25,642.10,08-12-25,634.80,08-12-25,628.80,08-12-25,623.75,08-12-25,620.79,08-12-25,619.00,08-12-25,617.62,08-12-25,618.25,08-12-25,615.00,08-12-25,610.62,08-12-25,609.00
05-12-25,685.50,05-12-25,673.83,05-12-25,666.38,05-12-25,657.50,05-12-25,648.50,05-12-25,640.80,05-12-25,634.75,05-12-25,631.05,05-12-25,628.50,05-12-25,627.25,05-12-25,627.00,05-12-25,623.75,05-12-25,619.75,05-12-25,617.88
04-12-25,671.17,04-12-25,659.75,04-12-25,653.88,04-12-25,646.62,04-12-25,639.25,04-12-25,633.00,04-12-25,628.25,04-12-25,625.38,04-12-25,623.62,04-12-25,623.00,04-12-25,623.25,04-12-25,620.50,04-12-25,616.88,04-12-25,615.58
03-12-25,667.50,03-12-25,656.38,03-12-25,650.00,03-12-25,642.88,03-12-25,635.00,03-12-25,629.54,03-12-25,624.79,03-12-25,621.83,03-12-25,620.07,03-12-25,619.32,03-12-25,619.62,03-12-25,617.08,03-12-25,613.33,03-12-25,611.67
02-12-25,669.75,02-12-25,654.39,02-12-25,647.80,02-12-25,640.81,02-12-25,633.65,02-12-25,627.02,02-12-25,623.17,02-12-25,620.25,02-12-25,618.09,02-12-25,617.92,02-12-25,618.42,02-12-25,615.50,02-12-25,611.92,02-12-25,610.25
01-12-25,687.50,01-12-25,668.25,01-12-25,660.60,01-12-25,652.35,01-12-25,644.10,01-12-25,637.35,01-12-25,632.05,01-12-25,629.00,01-12-25,627.45,01-12-25,627.00,01-12-25,627.70,01-12-25,624.95,01-12-25,619.67,01-12-25,618.21
28-11-25,676.16,28-11-25,659.33,28-11-25,650.45,28-11-25,641.21,28-11-25,632.94,28-11-25,626.95,28-11-25,621.94,28-11-25,619.45,28-11-25,618.20,28-11-25,618.16,28-11-25,619.14,28-11-25,616.64,28-11-25,613.39,28-11-25,612.11
27-11-25,680.39,27-11-25,666.38,27-11-25,658.45,27-11-25,650.32,27-11-25,642.12,27-11-25,635.71,27-11-25,630.71,27-11-25,627.88,27-11-25,626.56,27-11-25,626.20,27-11-25,626.81,27-11-25,624.06,27-11-25,620.47,27-11-25,619.12
26-11-25,672.50,26-11-25,657.88,26-11-25,649.38,26-11-25,641.88,26-11-25,634.88,26-11-25,628.36,26-11-25,623.36,26-11-25,620.71,26-11-25,619.50,26-11-25,618.87,26-11-25,619.75,26-11-25,616.87,26-11-25,613.48,26-11-25,612.00
25-11-25,687.25,25-11-25,661.42,25-11-25,651.44,25-11-25,642.67,25-11-25,634.17,25-11-25,627.92,25-11-25,622.42,25-11-25,619.67,25-11-25,618.17,25-11-25,617.67,25-11-25,618.17,25-11-25,615.67,25-11-25,612.36,25-11-25,611.21
24-11-25,712.75,24-11-25,679.62,24-11-25,667.12,24-11-25,656.67,24-11-25,646.79,24-11-25,639.04,24-11-25,632.92,24-11-25,629.54,24-11-25,627.50,24-11-25,626.54,24-11-25,626.75,24-11-25,623.75,24-11-25,620.17,24-11-25,618.78
21-11-25,713.57,21-11-25,679.92,21-11-25,667.67,21-11-25,657.17,21-11-25,646.64,21-11-25,638.30,21-11-25,631.68,21-11-25,627.43,21-11-25,625.00,21-11-25,623.83,21-11-25,623.82,21-11-25,620.75,21-11-25,616.90,21-11-25,615.20
20-11-25,738.67,20-11-25,698.33,20-11-25,681.58,20-11-25,666.38,20-11-25,652.88,20-11-25,644.00,20-11-25,637.50,20-11-25,633.25,20-11-25,630.25,20-11-25,628.50,20-11-25,628.12,20-11-25,624.62,20-11-25,620.75,20-11-25,619.00
19-11-25,777.64,19-11-25,733.64,19-11-25,710.97,19-11-25,691.54,19-11-25,672.79,19-11-25,660.79,19-11-25,652.04,19-11-25,645.86,19-11-25,642.33,19-11-25,639.08,19-11-25,637.25,19-11-25,633.00,19-11-25,628.08,19-11-25,625.75
18-11-25,792.83,18-11-25,749.93,18-11-25,728.08,18-11-25,708.20,18-11-25,689.10,18-11-25,676.45,18-11-25,666.95,18-11-25,660.72,18-11-25,655.47,18-11-25,651.72,18-11-25,649.38,18-11-25,644.47,18-11-25,638.83,18-11-25,636.25
17-11-25,749.11,17-11-25,717.62,17-11-25,701.83,17-11-25,687.33,17-11-25,673.00,17-11-25,662.79,17-11-25,653.82,17-11-25,648.75,17-11-25,645.00,17-11-25,642.75,17-11-25,641.50,17-11-25,637.25,17-11-25,632.65,17-11-25,630.50
14-11-25,740.39,14-11-25,712.50,14-11-25,698.40,14-11-25,684.52,14-11-25,671.30,14-11-25,662.00,14-11-25,655.33,14-11-25,650.06,14-11-25,646.75,14-11-25,644.17,14-11-25,642.35,14-11-25,638.10,14-11-25,633.55,14-11-25,631.10
13-11-25,719.20,13-11-25,696.25,13-11-25,683.50,13-11-25,671.55,13-11-25,659.55,13-11-25,651.10,13-11-25,644.65,13-11-25,640.45,13-11-25,637.25,13-11-25,635.45,13-11-25,634.75,13-11-25,631.67,13-11-25,627.75,13-11-25,625.86
12-11-25,721.08,12-11-25,699.64,12-11-25,687.11,12-11-25,675.11,12-11-25,663.09,12-11-25,654.09,12-11-25,647.32,12-11-25,643.05,12-11-25,639.80,12-11-25,638.05,12-11-25,637.52,12-11-25,633.72,12-11-25,629.55,12-11-25,627.77
11-11-25,786.00,11-11-25,755.90,11-11-25,731.06,11-11-25,714.33,11-11-25,700.81,11-11-25,686.69,11-11-25,676.03,11-11-25,667.31,11-11-25,661.69,11-11-25,657.69,11-11-25,655.20,11-11-25,652.65,11-11-25,648.60,11-11-25,643.80
10-11-25,754.00,10-11-25,726.70,10-11-25,705.25,10-11-25,692.28,10-11-25,681.00,10-11-25,668.78,10-11-25,660.43,10-11-25,653.78,10-11-25,649.28,10-11-25,645.30,10-11-25,643.61,10-11-25,643.11,10-11-25,639.64,10-11-25,635.75
07-11-25,760.67,07-11-25,721.40,07-11-25,700.50,07-11-25,688.00,07-11-25,677.25,07-11-25,665.62,07-11-25,657.12,07-11-25,650.88,07-11-25,646.75,07-11-25,643.75,07-11-25,641.88,07-11-25,639.50,07-11-25,639.67,07-11-25,634.12
06-11-25,777.11,06-11-25,728.42,06-11-25,703.88,06-11-25,688.62,06-11-25,675.56,06-11-25,662.56,06-11-25,653.31,06-11-25,646.81,06-11-25,642.88,06-11-25,640.12,06-11-25,638.56,06-11-25,638.31,06-11-25,635.56,06-11-25,632.06
05-11-25,735.05,05-11-25,707.56,05-11-25,687.88,05-11-25,676.59,05-11-25,666.59,05-11-25,655.88,05-11-25,648.00,05-11-25,642.42,05-11-25,639.42,05-11-25,637.33,05-11-25,635.83,05-11-25,636.12,05-11-25,633.38,05-11-25,629.94
04-11-25,731.85,04-11-25,712.96,04-11-25,695.36,04-11-25,683.75,04-11-25,674.61,04-11-25,663.65,04-11-25,656.21,04-11-25,650.59,04-11-25,645.70,04-11-25,644.06,04-11-25,642.81,04-11-25,642.48,04-11-25,640.31,04-11-25,636.81
03-11-25,719.62,03-11-25,703.12,03-11-25,686.62,03-11-25,676.14,03-11-25,667.17,03-11-25,657.93,03-11-25,651.46,03-11-25,646.71,03-11-25,644.25,03-11-25,642.54,03-11-25,641.79,03-11-25,641.88,03-11-25,639.17,03-11-25,636.15
31-10-25,719.67,31-10-25,702.90,31-10-25,685.22,31-10-25,674.83,31-10-25,665.69,31-10-25,657.10,31-10-25,650.55,31-10-25,645.80,31-10-25,643.50,31-10-25,641.75,31-10-25,640.70,31-10-25,640.90,31-10-25,638.40,31-10-25,634.95
30-10-25,718.38,30-10-25,699.62,30-10-25,681.50,30-10-25,670.88,30-10-25,662.12,30-10-25,652.75,30-10-25,646.25,30-10-25,642.35,30-10-25,640.05,30-10-25,638.55,30-10-25,637.69,30-10-25,637.94,30-10-25,635.44,30-10-25,632.25
29-10-25,718.62,29-10-25,700.75,29-10-25,682.75,29-10-25,672.62,29-10-25,663.50,29-10-25,654.12,29-10-25,647.88,29-10-25,643.38,29-10-25,641.00,29-10-25,639.25,29-10-25,637.90,29-10-25,638.25,29-10-25,635.25,29-10-25,632.15
28-10-25,708.25,28-10-25,691.67,28-10-25,674.75,28-10-25,664.92,28-10-25,656.50,28-10-25,647.42,28-10-25,641.25,28-10-25,637.83,28-10-25,635.50,28-10-25,633.75,28-10-25,632.75,28-10-25,632.75,28-10-25,630.25,28-10-25,627.08
27-10-25,727.25,27-10-25,710.12,27-10-25,690.62,27-10-25,679.12,27-10-25,668.75,27-10-25,658.75,27-10-25,652.75,27-10-25,648.25,27-10-25,645.75,27-10-25,643.38,27-10-25,641.50,27-10-25,641.25,27-10-25,638.62,27-10-25,635.12
26-10-25,719.88,26-10-25,703.15,26-10-25,686.40,26-10-25,676.75,26-10-25,667.65,26-10-25,658.08,26-10-25,652.15,26-10-25,648.11,26-10-25,645.65,26-10-25,644.05,26-10-25,643.08,26-10-25,643.12,26-10-25,640.42,26-10-25,637.21
24-10-25,713.85,24-10-25,697.67,24-10-25,679.92,24-10-25,672.25,24-10-25,662.70,24-10-25,653.65,24-10-25,648.15,24-10-25,645.38,24-10-25,642.35,24-10-25,640.80,24-10-25,640.05,24-10-25,640.05,24-10-25,637.50,24-10-25,634.45
23-10-25,707.12,23-10-25,692.12,23-10-25,677.12,23-10-25,668.75,23-10-25,660.62,23-10-25,652.33,23-10-25,646.83,23-10-25,643.30,23-10-25,641.30,23-10-25,640.05,23-10-25,639.55,23-10-25,640.30,23-10-25,637.55,23-10-25,634.10
22-10-25,689.30,22-10-25,674.94,22-10-25,661.81,22-10-25,654.81,22-10-25,648.25,22-10-25,641.62,22-10-25,637.88,22-10-25,635.50,22-10-25,634.62,22-10-25,634.25,22-10-25,634.38,22-10-25,635.50,22-10-25,633.62,22-10-25,631.00
21-10-25,646.00,21-10-25,636.25,21-10-25,628.42,21-10-25,623.42,21-10-25,618.42,21-10-25,612.83,21-10-25,609.92,21-10-25,608.33,21-10-25,608.00,21-10-25,607.52,21-10-25,608.23,21-10-25,609.75,21-10-25,608.52,21-10-25,606.55
20-10-25,637.17,20-10-25,628.67,20-10-25,621.83,20-10-25,617.17,20-10-25,613.15,20-10-25,607.95,20-10-25,606.00,20-10-25,604.54,20-10-25,604.50,20-10-25,604.75,20-10-25,605.25,20-10-25,607.17,20-10-25,606.00,20-10-25,603.81
19-10-25,633.69,19-10-25,625.33,19-10-25,619.07,19-10-25,615.41,19-10-25,611.39,19-10-25,606.56,19-10-25,604.42,19-10-25,603.11,19-10-25,602.95,19-10-25,603.69,19-10-25,604.38,19-10-25,606.36,19-10-25,605.28,19-10-25,603.33
17-10-25,635.25,17-10-25,627.88,17-10-25,621.80,17-10-25,618.38,17-10-25,611.56,17-10-25,606.81,17-10-25,604.56,17-10-25,603.29,17-10-25,603.04,17-10-25,604.75,17-10-25,605.67,17-10-25,607.67,17-10-25,606.42,17-10-25,604.58
16-10-25,628.92,16-10-25,621.45,16-10-25,615.95,16-10-25,612.20,16-10-25,608.45,16-10-25,603.95,16-10-25,601.75,16-10-25,600.45,16-10-25,600.00,16-10-25,600.25,16-10-25,600.75,16-10-25,602.05,16-10-25,600.60,16-10-25,598.50
15-10-25,642.92,15-10-25,635.38,15-10-25,629.58,15-10-25,625.17,15-10-25,620.62,15-10-25,615.38,15-10-25,612.62,15-10-25,611.00,15-10-25,610.42,15-10-25,610.42,15-10-25,610.67,15-10-25,611.92,15-10-25,610.25,15-10-25,608.08
14-10-25,642.42,14-10-25,634.61,14-10-25,628.38,14-10-25,623.89,14-10-25,618.89,14-10-25,613.64,14-10-25,612.44,14-10-25,610.69,14-10-25,610.19,14-10-25,610.19,14-10-25,610.56,14-10-25,610.69,14-10-25,609.19,14-10-25,606.88
13-10-25,659.17,13-10-25,649.62,13-10-25,642.00,13-10-25,636.50,13-10-25,631.00,13-10-25,624.88,13-10-25,621.62,13-10-25,619.50,13-10-25,618.75,13-10-25,618.38,13-10-25,618.50,13-10-25,619.50,13-10-25,617.88,13-10-25,615.50
12-10-25,655.06,12-10-25,645.45,12-10-25,637.75,12-10-25,632.62,12-10-25,627.30,12-10-25,621.58,12-10-25,618.39,12-10-25,616.23,12-10-25,615.45,12-10-25,615.17,12-10-25,615.09,12-10-25,616.00,12-10-25,614.56,12-10-25,611.93
10-10-25,671.64,10-10-25,664.92,10-10-25,655.27,10-10-25,647.83,10-10-25,642.51,10-10-25,637.10,10-10-25,630.96,10-10-25,627.66,10-10-25,625.17,10-10-25,624.05,10-10-25,623.38,10-10-25,623.28,10-10-25,623.90,10-10-25,621.93
09-10-25,674.00,09-10-25,668.69,09-10-25,659.17,09-10-25,651.78,09-10-25,646.44,09-10-25,641.22,09-10-25,635.96,09-10-25,632.25,09-10-25,629.67,09-10-25,628.58,09-10-25,627.83,09-10-25,627.75,09-10-25,628.44,09-10-25,625.32
08-10-25,675.75,08-10-25,671.96,08-10-25,662.65,08-10-25,655.88,08-10-25,650.80,08-10-25,644.67,08-10-25,638.73,08-10-25,634.38,08-10-25,631.83,08-10-25,630.42,08-10-25,629.69,08-10-25,629.44,08-10-25,630.88,08-10-25,629.00
07-10-25,674.20,07-10-25,670.40,07-10-25,661.82,07-10-25,654.88,07-10-25,649.62,07-10-25,644.43,07-10-25,638.17,07-10-25,634.94,07-10-25,632.17,07-10-25,631.69,07-10-25,631.38,07-10-25,631.19,07-10-25,632.19,07-10-25,629.92
06-10-25,667.88,06-10-25,665.00,06-10-25,656.83,06-10-25,650.50,06-10-25,645.78,06-10-25,641.17,06-10-25,635.50,06-10-25,632.50,06-10-25,630.45,06-10-25,629.77,06-10-25,629.35,06-10-25,629.52,06-10-25,631.31,06-10-25,629.56
05-10-25,673.03,05-10-25,668.19,05-10-25,657.96,05-10-25,650.97,05-10-25,646.08,05-10-25,640.93,05-10-25,634.69,05-10-25,631.21,05-10-25,628.98,05-10-25,628.54,05-10-25,628.39,05-10-25,628.25,05-10-25,629.07,05-10-25,627.36
03-10-25,666.20,03-10-25,661.68,03-10-25,651.92,03-10-25,644.67,03-10-25,639.95,03-10-25,634.93,03-10-25,628.43,03-10-25,625.18,03-10-25,623.19,03-10-25,622.68,03-10-25,622.45,03-10-25,622.45,03-10-25,623.46,03-10-25,622.75
02-10-25,670.93,02-10-25,664.54,02-10-25,654.71,02-10-25,647.46,02-10-25,642.37,02-10-25,637.07,02-10-25,630.37,02-10-25,626.65,02-10-25,624.06,02-10-25,623.38,02-10-25,623.21,02-10-25,624.25,02-10-25,625.42,02-10-25,623.75
01-10-25,688.12,01-10-25,681.44,01-10-25,668.42,01-10-25,659.85,01-10-25,653.90,01-10-25,647.44,01-10-25,640.36,01-10-25,635.47,01-10-25,632.97,01-10-25,631.95,01-10-25,632.12,01-10-25,632.00,01-10-25,633.08,01-10-25,631.00
30-09-25,691.88,30-09-25,684.88,30-09-25,672.50,30-09-25,663.25,30-09-25,657.75,30-09-25,652.29,30-09-25,644.50,30-09-25,640.07,30-09-25,637.54,30-09-25,636.54,30-09-25,636.04,30-09-25,636.04,30-09-25,636.82,30-09-25,635.07
29-09-25,698.62,29-09-25,690.94,29-09-25,677.25,29-09-25,668.80,29-09-25,662.67,29-09-25,656.17,29-09-25,648.65,29-09-25,644.40,29-09-25,641.65,29-09-25,640.31,29-09-25,639.81,29-09-25,639.56,29-09-25,640.56,29-09-25,638.31
28-09-25,722.36,28-09-25,712.94,28-09-25,697.02,28-09-25,686.35,28-09-25,679.54,28-09-25,672.55,28-09-25,664.29,28-09-25,659.48,28-09-25,656.35,28-09-25,654.71,28-09-25,653.71,28-09-25,653.25,28-09-25,653.60,28-09-25,651.31
26-09-25,724.32,26-09-25,714.58,26-09-25,698.50,26-09-25,687.80,26-09-25,680.45,26-09-25,673.44,26-09-25,664.97,26-09-25,660.22,26-09-25,656.75,26-09-25,655.00,26-09-25,653.78,26-09-25,654.25,26-09-25,653.84,26-09-25,652.50
25-09-25,727.11,25-09-25,716.38,25-09-25,699.58,25-09-25,688.42,25-09-25,681.21,25-09-25,674.85,25-09-25,666.11,25-09-25,661.37,25-09-25,658.10,25-09-25,655.82,25-09-25,654.84,25-09-25,654.21,25-09-25,654.67,25-09-25,652.21
24-09-25,712.80,24-09-25,702.03,24-09-25,685.80,24-09-25,675.83,24-09-25,669.57,24-09-25,663.09,24-09-25,655.58,24-09-25,651.59,24-09-25,648.59,24-09-25,646.85,24-09-25,645.86,24-09-25,645.60,24-09-25,646.12,24-09-25,644.12
23-09-25,704.81,23-09-25,692.50,23-09-25,676.00,23-09-25,667.12,23-09-25,661.38,23-09-25,655.75,23-09-25,648.38,23-09-25,644.62,23-09-25,642.00,23-09-25,640.62,23-09-25,640.00,23-09-25,639.88,23-09-25,640.75,23-09-25,638.62
22-09-25,689.92,22-09-25,678.10,22-09-25,663.00,22-09-25,654.83,22-09-25,649.60,22-09-25,644.60,22-09-25,638.15,22-09-25,635.15,22-09-25,632.90,22-09-25,631.95,22-09-25,631.70,22-09-25,631.95,22-09-25,633.07,22-09-25,631.38
21-09-25,692.91,21-09-25,680.38,21-09-25,664.65,21-09-25,656.32,21-09-25,651.24,21-09-25,646.11,21-09-25,639.05,21-09-25,635.79,21-09-25,633.54,21-09-25,632.75,21-09-25,632.11,21-09-25,632.06,21-09-25,633.19,21-09-25,631.14
19-09-25,689.96,19-09-25,678.20,19-09-25,662.69,19-09-25,654.95,19-09-25,649.83,19-09-25,644.83,19-09-25,638.08,19-09-25,635.00,19-09-25,632.58,19-09-25,631.83,19-09-25,631.33,19-09-25,631.33,19-09-25,632.33,19-09-25,630.58
18-09-25,701.30,18-09-25,688.89,18-09-25,673.55,18-09-25,665.75,18-09-25,660.50,18-09-25,655.00,18-09-25,648.19,18-09-25,644.62,18-09-25,641.69,18-09-25,640.00,18-09-25,639.33,18-09-25,639.88,18-09-25,640.62,18-09-25,638.62
17-09-25,703.25,17-09-25,689.75,17-09-25,674.50,17-09-25,666.50,17-09-25,661.36,17-09-25,655.86,17-09-25,648.40,17-09-25,644.90,17-09-25,642.25,17-09-25,641.15,17-09-25,640.28,17-09-25,640.33,17-09-25,641.12,17-09-25,639.67
16-09-25,716.95,16-09-25,703.39,16-09-25,686.90,16-09-25,678.21,16-09-25,672.54,16-09-25,666.71,16-09-25,659.29,16-09-25,655.36,16-09-25,652.36,16-09-25,651.11,16-09-25,650.36,16-09-25,650.11,16-09-25,650.93,16-09-25,648.86
15-09-25,695.88,15-09-25,683.46,15-09-25,669.75,15-09-25,661.39,15-09-25,657.12,15-09-25,652.30,15-09-25,645.70,15-09-25,642.45,15-09-25,640.05,15-09-25,639.10,15-09-25,638.70,15-09-25,638.62,15-09-25,639.62,15-09-25,637.88
14-09-25,687.39,14-09-25,675.55,14-09-25,661.07,14-09-25,653.46,14-09-25,649.22,14-09-25,644.81,14-09-25,638.96,14-09-25,636.12,14-09-25,634.12,14-09-25,633.38,14-09-25,633.00,14-09-25,633.25,14-09-25,634.50,14-09-25,633.14
12-09-25,683.43,12-09-25,671.83,12-09-25,658.65,12-09-25,651.55,12-09-25,647.53,12-09-25,643.28,12-09-25,638.08,12-09-25,634.78,12-09-25,632.78,12-09-25,632.17,12-09-25,631.92,12-09-25,632.17,12-09-25,633.56,12-09-25,632.06
11-09-25,689.82,11-09-25,685.48,11-09-25,675.28,11-09-25,662.40,11-09-25,655.52,11-09-25,651.56,11-09-25,647.20,11-09-25,641.32,11-09-25,638.70,11-09-25,636.45,11-09-25,635.68,11-09-25,635.28,11-09-25,635.30,11-09-25,636.47
10-09-25,700.50,10-09-25,696.15,10-09-25,685.75,10-09-25,671.27,10-09-25,663.55,10-09-25,659.25,10-09-25,654.62,10-09-25,648.50,10-09-25,645.75,10-09-25,643.50,10-09-25,642.47,10-09-25,641.97,10-09-25,641.75,10-09-25,642.72
09-09-25,695.32,09-09-25,692.21,09-09-25,680.42,09-09-25,665.69,09-09-25,657.98,09-09-25,653.73,09-09-25,649.07,09-09-25,642.68,09-09-25,639.59,09-09-25,637.09,09-09-25,636.34,09-09-25,635.91,09-09-25,635.89,09-09-25,636.92
08-09-25,693.08,08-09-25,687.75,08-09-25,674.35,08-09-25,659.45,08-09-25,652.19,08-09-25,647.69,08-09-25,642.94,08-09-25,636.50,08-09-25,633.64,08-09-25,632.00,08-09-25,631.00,08-09-25,630.88,08-09-25,631.35,08-09-25,632.32
07-09-25,687.06,07-09-25,680.34,07-09-25,667.53,07-09-25,653.62,07-09-25,646.89,07-09-25,642.74,07-09-25,638.25,07-09-25,632.31,07-09-25,629.79,07-09-25,627.96,07-09-25,627.08,07-09-25,627.07,07-09-25,627.32,07-09-25,628.71
05-09-25,683.96,05-09-25,678.21,05-09-25,665.25,05-09-25,651.50,05-09-25,644.54,05-09-25,640.29,05-09-25,636.50,05-09-25,630.50,05-09-25,628.00,05-09-25,626.00,05-09-25,625.25,05-09-25,625.12,05-09-25,625.25,05-09-25,626.62
04-09-25,694.34,04-09-25,688.46,04-09-25,674.90,04-09-25,660.50,04-09-25,653.43,04-09-25,648.93,04-09-25,643.93,04-09-25,637.61,04-09-25,634.88,04-09-25,632.62,04-09-25,631.36,04-09-25,630.81,04-09-25,631.33,04-09-25,632.00
03-09-25,700.42,03-09-25,693.62,03-09-25,680.10,03-09-25,665.85,03-09-25,658.85,03-09-25,654.45,03-09-25,649.55,03-09-25,643.05,03-09-25,640.15,03-09-25,637.90,03-09-25,636.50,03-09-25,636.00,03-09-25,635.90,03-09-25,637.00
02-09-25,707.56,02-09-25,703.28,02-09-25,690.78,02-09-25,676.27,02-09-25,669.55,02-09-25,665.08,02-09-25,660.08,02-09-25,653.60,02-09-25,650.62,02-09-25,648.35,02-09-25,647.12,02-09-25,646.62,02-09-25,646.38,02-09-25,647.38
01-09-25,684.14,01-09-25,680.97,01-09-25,671.11,01-09-25,658.07,01-09-25,652.65,01-09-25,648.89,01-09-25,644.72,01-09-25,639.04,01-09-25,636.54,01-09-25,634.42,01-09-25,633.58,01-09-25,633.33,01-09-25,633.58,01-09-25,634.87
31-08-25,671.65,31-08-25,669.08,31-08-25,660.03,31-08-25,648.35,31-08-25,643.58,31-08-25,640.45,31-08-25,636.90,31-08-25,631.67,31-08-25,629.49,31-08-25,627.57,31-08-25,626.85,31-08-25,626.60,31-08-25,626.85,31-08-25,628.34
29-08-25,673.25,29-08-25,670.58,29-08-25,661.00,29-08-25,649.38,29-08-25,644.62,29-08-25,641.62,29-08-25,638.12,29-08-25,632.88,29-08-25,630.88,29-08-25,629.00,29-08-25,628.38,29-08-25,628.12,29-08-25,628.38,29-08-25,629.75
28-08-25,679.69,28-08-25,676.57,28-08-25,666.47,28-08-25,654.19,28-08-25,649.44,28-08-25,646.62,28-08-25,642.94,28-08-25,637.80,28-08-25,634.50,28-08-25,632.50,28-08-25,631.62,28-08-25,631.38,28-08-25,631.50,28-08-25,632.25
27-08-25,673.11,27-08-25,669.98,27-08-25,659.75,27-08-25,648.42,27-08-25,644.25,27-08-25,641.46,27-08-25,637.71,27-08-25,632.43,27-08-25,630.18,27-08-25,628.18,27-08-25,627.64,27-08-25,627.61,27-08-25,627.64,27-08-25,629.11
26-08-25,672.04,26-08-25,667.94,26-08-25,657.75,26-08-25,646.00,26-08-25,641.75,26-08-25,638.88,26-08-25,635.13,26-08-25,630.06,26-08-25,627.81,26-08-25,625.92,26-08-25,625.31,26-08-25,625.31,26-08-25,625.61,26-08-25,627.11
25-08-25,691.33,25-08-25,686.08,25-08-25,674.42,25-08-25,661.50,25-08-25,656.62,25-08-25,653.12,25-08-25,648.60,25-08-25,642.25,25-08-25,639.42,25-08-25,637.33,25-08-25,636.42,25-08-25,636.17,25-08-25,636.17,25-08-25,637.25
24-08-25,677.08,24-08-25,672.75,24-08-25,662.05,24-08-25,650.01,24-08-25,645.90,24-08-25,642.53,24-08-25,638.32,24-08-25,632.29,24-08-25,630.45,24-08-25,628.58,24-08-25,628.12,24-08-25,627.88,24-08-25,628.05,24-08-25,629.57
22-08-25,677.89,22-08-25,673.31,22-08-25,662.36,22-08-25,650.75,22-08-25,646.73,22-08-25,643.14,22-08-25,638.00,22-08-25,632.08,22-08-25,630.38,22-08-25,628.00,22-08-25,627.88,22-08-25,627.75,22-08-25,627.58,22-08-25,629.08
21-08-25,682.62,21-08-25,677.55,21-08-25,666.44,21-08-25,653.14,21-08-25,647.96,21-08-25,644.46,21-08-25,640.21,21-08-25,633.71,21-08-25,631.46,21-08-25,629.89,21-08-25,629.46,21-08-25,629.21,21-08-25,629.20,21-08-25,631.00
20-08-25,669.79,20-08-25,666.12,20-08-25,655.83,20-08-25,644.61,20-08-25,640.83,20-08-25,638.08,20-08-25,634.08,20-08-25,628.36,20-08-25,626.61,20-08-25,625.36,20-08-25,624.93,20-08-25,624.93,20-08-25,625.05,20-08-25,626.44
19-08-25,658.88,19-08-25,655.25,19-08-25,645.75,19-08-25,635.62,19-08-25,632.08,19-08-25,629.54,19-08-25,625.98,19-08-25,620.70,19-08-25,618.95,19-08-25,617.70,19-08-25,616.38,19-08-25,616.42,19-08-25,617.12,19-08-25,618.70
18-08-25,651.98,18-08-25,649.73,18-08-25,641.50,18-08-25,632.52,18-08-25,629.52,18-08-25,627.08,18-08-25,624.05,18-08-25,619.08,18-08-25,618.07,18-08-25,618.62,18-08-25,618.75,18-08-25,619.12,18-08-25,619.75,18-08-25,621.50
17-08-25,646.62,17-08-25,644.65,17-08-25,636.99,17-08-25,628.23,17-08-25,625.73,17-08-25,623.57,17-08-25,620.97,17-08-25,616.26,17-08-25,614.57,17-08-25,613.76,17-08-25,613.69,17-08-25,614.20,17-08-25,614.81,17-08-25,616.18
15-08-25,648.75,15-08-25,648.52,15-08-25,640.96,15-08-25,629.97,15-08-25,627.86,15-08-25,625.86,15-08-25,622.61,15-08-25,618.00,15-08-25,616.64,15-08-25,615.64,15-08-25,615.52,15-08-25,615.17,15-08-25,615.78,15-08-25,617.39
14-08-25,654.44,14-08-25,653.00,14-08-25,645.90,14-08-25,636.44,14-08-25,634.00,14-08-25,632.00,14-08-25,627.58,14-08-25,623.75,14-08-25,620.92,14-08-25,620.67,14-08-25,620.28,14-08-25,620.39,14-08-25,620.78,14-08-25,622.28
13-08-25,650.92,13-08-25,649.06,13-08-25,641.31,13-08-25,632.31,13-08-25,629.35,13-08-25,627.50,13-08-25,624.34,13-08-25,619.49,13-08-25,617.80,13-08-25,616.61,13-08-25,616.20,13-08-25,616.45,13-08-25,616.70,13-08-25,618.12
12-08-25,672.12,12-08-25,666.36,12-08-25,662.98,12-08-25,653.23,12-08-25,642.42,12-08-25,638.82,12-08-25,636.10,12-08-25,632.63,12-08-25,627.18,12-08-25,625.41,12-08-25,623.79,12-08-25,623.19,12-08-25,622.98,12-08-25,623.03
11-08-25,675.74,11-08-25,668.20,11-08-25,664.80,11-08-25,654.77,11-08-25,643.96,11-08-25,640.25,11-08-25,637.50,11-08-25,633.79,11-08-25,628.29,11-08-25,626.54,11-08-25,624.86,11-08-25,624.14,11-08-25,624.00,11-08-25,625.25
10-08-25,666.81,10-08-25,662.27,10-08-25,658.97,10-08-25,649.43,10-08-25,638.93,10-08-25,635.82,10-08-25,633.61,10-08-25,630.39,10-08-25,625.61,10-08-25,623.88,10-08-25,622.27,10-08-25,621.61,10-08-25,620.97,10-08-25,621.15
08-08-25,668.50,08-08-25,663.50,08-08-25,659.75,08-08-25,649.88,08-08-25,638.75,08-08-25,635.38,08-08-25,634.20,08-08-25,630.95,08-08-25,626.00,08-08-25,624.50,08-08-25,623.00,08-08-25,622.44,08-08-25,622.19,08-08-25,622.25
07-08-25,665.68,07-08-25,661.29,07-08-25,658.17,07-08-25,649.17,07-08-25,638.92,07-08-25,635.72,07-08-25,633.44,07-08-25,630.44,07-08-25,626.38,07-08-25,624.71,07-08-25,623.22,07-08-25,622.38,07-08-25,622.38,07-08-25,622.38
06-08-25,667.17,06-08-25,661.90,06-08-25,658.00,06-08-25,648.88,06-08-25,639.38,06-08-25,636.00,06-08-25,633.88,06-08-25,630.88,06-08-25,626.00,06-08-25,624.50,06-08-25,623.12,06-08-25,622.50,06-08-25,621.85,06-08-25,622.55
05-08-25,665.60,05-08-25,659.90,05-08-25,656.92,05-08-25,648.67,05-08-25,639.69,05-08-25,636.20,05-08-25,633.98,05-08-25,630.73,05-08-25,626.25,05-08-25,625.25,05-08-25,624.25,05-08-25,624.00,05-08-25,623.75,05-08-25,624.31
04-08-25,681.75,04-08-25,675.20,04-08-25,671.60,04-08-25,662.25,04-08-25,651.21,04-08-25,646.70,04-08-25,643.70,04-08-25,639.95,04-08-25,634.50,04-08-25,632.75,04-08-25,631.20,04-08-25,630.30,04-08-25,629.80,04-08-25,629.75
03-08-25,676.82,03-08-25,669.64,03-08-25,666.52,03-08-25,658.17,03-08-25,648.20,03-08-25,644.32,03-08-25,641.70,03-08-25,638.11,03-08-25,632.79,03-08-25,631.27,03-08-25,630.14,03-08-25,629.85,03-08-25,629.60,03-08-25,629.71
01-08-25,681.44,01-08-25,673.00,01-08-25,668.79,01-08-25,659.67,01-08-25,649.17,01-08-25,644.96,01-08-25,642.04,01-08-25,638.21,01-08-25,632.67,01-08-25,631.17,01-08-25,629.92,01-08-25,629.42,01-08-25,628.96,01-08-25,629.19
31-07-25,709.80,31-07-25,701.66,31-07-25,697.90,31-07-25,687.41,31-07-25,675.07,31-07-25,669.91,31-07-25,665.91,31-07-25,660.66,31-07-25,654.00,31-07-25,651.75,31-07-25,648.85,31-07-25,647.88,31-07-25,647.43,31-07-25,646.88
30-07-25,713.27,30-07-25,705.77,30-07-25,702.40,30-07-25,692.93,30-07-25,681.46,30-07-25,676.25,30-07-25,672.25,30-07-25,667.04,30-07-25,660.33,30-07-25,657.88,30-07-25,656.08,30-07-25,654.92,30-07-25,654.38,30-07-25,653.88
29-07-25,721.23,29-07-25,711.59,29-07-25,706.56,29-07-25,694.27,29-07-25,680.83,29-07-25,675.33,29-07-25,670.77,29-07-25,665.27,29-07-25,657.96,29-07-25,655.08,29-07-25,652.83,29-07-25,651.55,29-07-25,650.80,29-07-25,650.25
28-07-25,710.75,28-07-25,699.79,28-07-25,693.33,28-07-25,680.83,28-07-25,667.35,28-07-25,662.38,28-07-25,658.58,28-07-25,653.50,28-07-25,646.75,28-07-25,644.50,28-07-25,642.00,28-07-25,641.75,28-07-25,640.75,28-07-25,640.88
27-07-25,705.81,27-07-25,689.31,27-07-25,681.70,27-07-25,667.88,27-07-25,653.44,27-07-25,648.05,27-07-25,644.15,27-07-25,639.31,27-07-25,632.81,27-07-25,630.75,27-07-25,629.07,27-07-25,628.50,27-07-25,628.36,27-07-25,628.39
25-07-25,705.75,25-07-25,689.12,25-07-25,681.90,25-07-25,667.75,25-07-25,653.50,25-07-25,648.20,25-07-25,644.40,25-07-25,639.65,25-07-25,633.21,25-07-25,630.94,25-07-25,629.00,25-07-25,627.50,25-07-25,627.50,25-07-25,627.75
24-07-25,703.94,24-07-25,690.50,24-07-25,683.88,24-07-25,671.08,24-07-25,657.33,24-07-25,652.08,24-07-25,648.55,24-07-25,643.55,24-07-25,637.05,24-07-25,635.05,24-07-25,633.35,24-07-25,632.80,24-07-25,632.80,24-07-25,633.05
23-07-25,718.88,23-07-25,701.91,23-07-25,693.20,23-07-25,678.14,23-07-25,662.83,23-07-25,657.62,23-07-25,653.50,23-07-25,648.07,23-07-25,640.25,23-07-25,637.88,23-07-25,635.75,23-07-25,635.00,23-07-25,634.62,23-07-25,634.50
22-07-25,716.64,22-07-25,698.00,22-07-25,688.46,22-07-25,672.71,22-07-25,656.39,22-07-25,651.04,22-07-25,647.29,22-07-25,642.04,22-07-25,635.11,22-07-25,633.11,22-07-25,631.29,22-07-25,630.61,22-07-25,630.43,22-07-25,630.61
21-07-25,734.94,21-07-25,709.79,21-07-25,698.00,21-07-25,681.00,21-07-25,664.29,21-07-25,657.75,21-07-25,653.25,21-07-25,647.25,21-07-25,639.75,21-07-25,637.50,21-07-25,635.75,21-07-25,635.12,21-07-25,634.88,21-07-25,634.88
20-07-25,717.43,20-07-25,699.73,20-07-25,690.69,20-07-25,675.08,20-07-25,659.88,20-07-25,653.84,20-07-25,649.90,20-07-25,644.58,20-07-25,638.42,20-07-25,636.08,20-07-25,635.00,20-07-25,634.69,20-07-25,634.44,20-07-25,634.72
18-07-25,717.79,18-07-25,700.00,18-07-25,689.98,18-07-25,674.42,18-07-25,659.85,18-07-25,652.50,18-07-25,650.43,18-07-25,644.45,18-07-25,638.00,18-07-25,635.92,18-07-25,634.50,18-07-25,634.00,18-07-25,634.00,18-07-25,634.25
17-07-25,720.55,17-07-25,700.32,17-07-25,690.75,17-07-25,674.04,17-07-25,657.29,17-07-25,651.35,17-07-25,647.65,17-07-25,643.25,17-07-25,637.25,17-07-25,634.82,17-07-25,633.00,17-07-25,632.32,17-07-25,631.96,17-07-25,631.91
16-07-25,699.17,16-07-25,684.90,16-07-25,677.00,16-07-25,663.96,16-07-25,649.50,16-07-25,645.19,16-07-25,642.62,16-07-25,639.38,16-07-25,634.25,16-07-25,632.25,16-07-25,630.08,16-07-25,629.50,16-07-25,629.50,16-07-25,629.75
15-07-25,700.42,15-07-25,686.33,15-07-25,678.33,15-07-25,664.08,15-07-25,649.42,15-07-25,645.25,15-07-25,642.75,15-07-25,639.50,15-07-25,634.33,15-07-25,632.17,15-07-25,630.33,15-07-25,629.83,15-07-25,629.83,15-07-25,630.92
14-07-25,694.89,14-07-25,682.44,14-07-25,675.39,14-07-25,661.62,14-07-25,647.50,14-07-25,643.25,14-07-25,641.30,14-07-25,638.15,14-07-25,633.45,14-07-25,631.63,14-07-25,630.13,14-07-25,629.79,14-07-25,629.62,14-07-25,629.95
13-07-25,718.65,13-07-25,702.55,13-07-25,692.80,13-07-25,677.33,13-07-25,661.38,13-07-25,655.94,13-07-25,652.38,13-07-25,648.38,13-07-25,643.21,13-07-25,640.30,13-07-25,638.00,13-07-25,637.08,13-07-25,636.83,13-07-25,637.50
11-07-25,720.33,11-07-25,703.75,11-07-25,694.71,11-07-25,679.43,11-07-25,663.39,11-07-25,657.88,11-07-25,654.46,11-07-25,649.19,11-07-25,643.44,11-07-25,640.94,11-07-25,638.12,11-07-25,637.12,11-07-25,636.92,11-07-25,637.38
10-07-25,780.88,10-07-25,706.43,10-07-25,688.05,10-07-25,680.02,10-07-25,666.92,10-07-25,653.23,10-07-25,648.76,10-07-25,646.15,10-07-25,642.33,10-07-25,637.16,10-07-25,634.91,10-07-25,632.90,10-07-25,632.44,10-07-25,632.42
09-07-25,772.08,09-07-25,705.83,09-07-25,688.58,09-07-25,681.18,09-07-25,668.18,09-07-25,654.39,09-07-25,649.68,09-07-25,646.71,09-07-25,642.96,09-07-25,637.75,09-07-25,636.00,09-07-25,634.00,09-07-25,633.25,09-07-25,633.25
08-07-25,773.12,08-07-25,708.42,08-07-25,693.33,08-07-25,685.62,08-07-25,673.17,08-07-25,659.00,08-07-25,653.92,08-07-25,650.67,08-07-25,646.50,08-07-25,641.17,08-07-25,638.75,08-07-25,636.58,08-07-25,635.83,08-07-25,635.58
07-07-25,757.00,07-07-25,699.80,07-07-25,683.80,07-07-25,676.75,07-07-25,663.95,07-07-25,649.79,07-07-25,645.00,07-07-25,641.96,07-07-25,638.00,07-07-25,632.38,07-07-25,630.38,07-07-25,628.88,07-07-25,628.38,07-07-25,628.38
06-07-25,738.50,06-07-25,694.68,06-07-25,678.33,06-07-25,671.17,06-07-25,658.66,06-07-25,644.55,06-07-25,639.36,06-07-25,635.98,06-07-25,631.88,06-07-25,626.88,06-07-25,624.88,06-07-25,623.08,06-07-25,622.36,06-07-25,622.14
04-07-25,746.88,04-07-25,701.33,04-07-25,685.12,04-07-25,677.12,04-07-25,664.31,04-07-25,650.14,04-07-25,644.77,04-07-25,641.27,04-07-25,637.27,04-07-25,632.20,04-07-25,630.08,04-07-25,628.38,04-07-25,627.81,04-07-25,627.70
03-07-25,719.94,03-07-25,687.00,03-07-25,674.50,03-07-25,669.00,03-07-25,657.25,03-07-25,644.12,03-07-25,639.25,03-07-25,635.88,03-07-25,631.88,03-07-25,628.25,03-07-25,626.50,03-07-25,625.00,03-07-25,624.71,03-07-25,624.67
02-07-25,719.92,02-07-25,694.25,02-07-25,679.33,02-07-25,672.08,02-07-25,660.08,02-07-25,647.17,02-07-25,642.33,02-07-25,639.17,02-07-25,635.33,02-07-25,630.42,02-07-25,628.42,02-07-25,626.58,02-07-25,626.00,02-07-25,625.75
01-07-25,703.17,01-07-25,679.73,01-07-25,668.45,01-07-25,662.48,01-07-25,651.96,01-07-25,640.75,01-07-25,636.92,01-07-25,634.25,01-07-25,631.08,01-07-25,626.75,01-07-25,625.00,01-07-25,623.50,01-07-25,623.50,01-07-25,623.75
30-06-25,680.41,30-06-25,662.67,30-06-25,653.10,30-06-25,649.49,30-06-25,638.94,30-06-25,630.17,30-06-25,627.33,30-06-25,625.33,30-06-25,623.31,30-06-25,619.00,30-06-25,617.50,30-06-25,616.50,30-06-25,616.67,30-06-25,614.42
29-06-25,664.52,29-06-25,649.88,29-06-25,643.39,29-06-25,640.10,29-06-25,631.83,29-06-25,622.94,29-06-25,620.83,29-06-25,619.33,29-06-25,617.11,29-06-25,613.72,29-06-25,612.75,29-06-25,611.82,29-06-25,611.86,29-06-25,612.61
27-06-25,666.79,27-06-25,652.05,27-06-25,645.08,27-06-25,642.25,27-06-25,634.12,27-06-25,625.09,27-06-25,622.81,27-06-25,620.50,27-06-25,618.25,27-06-25,615.25,27-06-25,613.02,27-06-25,613.40,27-06-25,613.70,27-06-25,614.00
26-06-25,686.20,26-06-25,668.95,26-06-25,660.20,26-06-25,655.25,26-06-25,645.75,26-06-25,635.47,26-06-25,633.64,26-06-25,630.86,26-06-25,628.61,26-06-25,624.89,26-06-25,624.11,26-06-25,622.70,26-06-25,622.85,26-06-25,624.96
25-06-25,672.92,25-06-25,659.18,25-06-25,651.82,25-06-25,647.48,25-06-25,638.73,25-06-25,629.17,25-06-25,626.58,25-06-25,625.83,25-06-25,623.85,25-06-25,619.50,25-06-25,618.50,25-06-25,619.12,25-06-25,619.00,25-06-25,619.00
24-06-25,675.00,24-06-25,662.41,24-06-25,656.93,24-06-25,653.25,24-06-25,645.86,24-06-25,637.39,24-06-25,635.25,24-06-25,634.25,24-06-25,633.38,24-06-25,630.62,24-06-25,629.83,24-06-25,629.00,24-06-25,629.38,24-06-25,629.56
23-06-25,681.88,23-06-25,672.12,23-06-25,666.38,23-06-25,663.12,23-06-25,655.50,23-06-25,646.88,23-06-25,646.03,23-06-25,645.21,23-06-25,643.75,23-06-25,640.70,23-06-25,639.97,23-06-25,638.68,23-06-25,637.12,23-06-25,636.88
22-06-25,794.12,22-06-25,770.18,22-06-25,754.50,22-06-25,746.32,22-06-25,732.72,22-06-25,718.50,22-06-25,713.27,22-06-25,709.20,22-06-25,704.38,22-06-25,697.81,22-06-25,693.38,22-06-25,688.96,22-06-25,686.36,22-06-25,684.50
20-06-25,754.35,20-06-25,735.06,20-06-25,724.95,20-06-25,720.12,20-06-25,709.75,20-06-25,698.25,20-06-25,694.12,20-06-25,692.12,20-06-25,688.62,20-06-25,683.12,20-06-25,679.75,20-06-25,677.00,20-06-25,675.38,20-06-25,673.75
19-06-25,780.03,19-06-25,758.96,19-06-25,745.88,19-06-25,738.94,19-06-25,727.81,19-06-25,716.11,19-06-25,710.47,19-06-25,706.06,19-06-25,701.06,19-06-25,693.62,19-06-25,689.28,19-06-25,684.74,19-06-25,682.89,19-06-25,680.50
18-06-25,750.58,18-06-25,732.25,18-06-25,722.75,18-06-25,718.25,18-06-25,708.38,18-06-25,699.71,18-06-25,695.17,18-06-25,691.67,18-06-25,687.42,18-06-25,681.38,18-06-25,677.38,18-06-25,673.62,18-06-25,671.83,18-06-25,670.54
17-06-25,745.67,17-06-25,729.33,17-06-25,719.58,17-06-25,714.83,17-06-25,704.67,17-06-25,694.25,17-06-25,690.00,17-06-25,686.75,17-06-25,682.75,17-06-25,677.08,17-06-25,673.83,17-06-25,670.83,17-06-25,670.00,17-06-25,669.42
16-06-25,692.25,16-06-25,682.00,16-06-25,675.62,16-06-25,673.38,16-06-25,666.62,16-06-25,659.25,16-06-25,656.12,16-06-25,654.38,16-06-25,652.00,16-06-25,647.62,16-06-25,646.00,16-06-25,644.62,16-06-25,644.50,16-06-25,644.38
15-06-25,716.79,15-06-25,705.91,15-06-25,698.92,15-06-25,695.16,15-06-25,687.56,15-06-25,679.92,15-06-25,676.12,15-06-25,673.44,15-06-25,670.00,15-06-25,664.67,15-06-25,662.50,15-06-25,660.32,15-06-25,659.50,15-06-25,659.00
13-06-25,702.19,13-06-25,692.92,13-06-25,687.25,13-06-25,685.17,13-06-25,678.75,13-06-25,671.33,13-06-25,667.75,13-06-25,665.33,13-06-25,662.08,13-06-25,657.25,13-06-25,655.00,13-06-25,652.75,13-06-25,652.17,13-06-25,651.67
12-06-25,652.35,12-06-25,642.78,12-06-25,637.96,12-06-25,636.81,12-06-25,637.50,12-06-25,633.33,12-06-25,628.41,12-06-25,626.91,12-06-25,626.01,12-06-25,624.46,12-06-25,621.90,12-06-25,621.66,12-06-25,621.30,12-06-25,622.22
11-06-25,666.68,11-06-25,655.32,11-06-25,650.30,11-06-25,648.80,11-06-25,648.90,11-06-25,643.95,11-06-25,638.45,11-06-25,636.75,11-06-25,635.75,11-06-25,633.75,11-06-25,631.00,11-06-25,630.25,11-06-25,629.75,11-06-25,630.70
10-06-25,637.61,10-06-25,625.02,10-06-25,620.82,10-06-25,620.50,10-06-25,621.30,10-06-25,617.85,10-06-25,613.69,10-06-25,612.47,10-06-25,612.47,10-06-25,611.47,10-06-25,609.75,10-06-25,609.50,10-06-25,609.47,10-06-25,610.50
09-06-25,646.31,09-06-25,630.25,09-06-25,624.95,09-06-25,624.00,09-06-25,624.75,09-06-25,621.25,09-06-25,617.00,09-06-25,615.75,09-06-25,615.50,09-06-25,614.50,09-06-25,612.83,09-06-25,612.67,09-06-25,612.50,09-06-25,613.83
08-06-25,635.58,08-06-25,625.45,08-06-25,621.16,08-06-25,620.78,08-06-25,621.46,08-06-25,618.07,08-06-25,613.49,08-06-25,612.51,08-06-25,612.38,08-06-25,611.43,08-06-25,609.72,08-06-25,609.75,08-06-25,609.56,08-06-25,610.89
06-06-25,636.54,06-06-25,625.65,06-06-25,622.40,06-06-25,621.91,06-06-25,622.50,06-06-25,619.09,06-06-25,614.94,06-06-25,612.86,06-06-25,612.61,06-06-25,611.86,06-06-25,610.61,06-06-25,610.52,06-06-25,609.61,06-06-25,610.97
05-06-25,624.03,05-06-25,615.81,05-06-25,612.25,05-06-25,612.38,05-06-25,613.18,05-06-25,610.19,05-06-25,606.45,05-06-25,605.44,05-06-25,605.38,05-06-25,604.62,05-06-25,603.25,05-06-25,603.29,05-06-25,603.04,05-06-25,604.46
04-06-25,619.80,04-06-25,611.25,04-06-25,607.44,04-06-25,607.56,04-06-25,608.81,04-06-25,606.03,04-06-25,602.03,04-06-25,601.44,04-06-25,601.69,04-06-25,600.94,04-06-25,599.84,04-06-25,599.84,04-06-25,599.69,04-06-25,601.34
03-06-25,626.75,03-06-25,618.62,03-06-25,614.62,03-06-25,614.75,03-06-25,615.50,03-06-25,612.25,03-06-25,608.38,03-06-25,607.75,03-06-25,607.88,03-06-25,607.25,03-06-25,605.62,03-06-25,605.50,03-06-25,605.50,03-06-25,606.88
02-06-25,617.26,02-06-25,609.23,02-06-25,606.39,02-06-25,607.29,02-06-25,608.54,02-06-25,605.79,02-06-25,601.80,02-06-25,601.45,02-06-25,601.92,02-06-25,601.45,02-06-25,600.42,02-06-25,600.36,02-06-25,600.20,02-06-25,601.61
01-06-25,607.50,01-06-25,599.91,01-06-25,597.54,01-06-25,598.40,01-06-25,599.97,01-06-25,597.14,01-06-25,593.56,01-06-25,593.22,01-06-25,593.78,01-06-25,593.56,01-06-25,592.83,01-06-25,592.98,01-06-25,593.15,01-06-25,594.70
30-05-25,598.61,30-05-25,591.68,30-05-25,589.36,30-05-25,589.89,30-05-25,591.11,30-05-25,588.50,30-05-25,583.73,30-05-25,584.62,30-05-25,585.50,30-05-25,584.27,30-05-25,583.57,30-05-25,584.07,30-05-25,584.52,30-05-25,586.32
29-05-25,606.25,29-05-25,597.62,29-05-25,594.83,29-05-25,595.62,29-05-25,597.34,29-05-25,594.61,29-05-25,590.86,29-05-25,590.58,29-05-25,591.33,29-05-25,591.33,29-05-25,590.56,29-05-25,590.25,29-05-25,590.38,29-05-25,592.00
28-05-25,616.67,28-05-25,607.42,28-05-25,604.50,28-05-25,605.71,28-05-25,607.21,28-05-25,604.67,28-05-25,600.42,28-05-25,600.08,28-05-25,600.58,28-05-25,600.58,28-05-25,599.75,28-05-25,599.75,28-05-25,600.00,28-05-25,601.42
27-05-25,609.80,27-05-25,601.42,27-05-25,599.03,27-05-25,599.62,27-05-25,601.38,27-05-25,599.00,27-05-25,595.50,27-05-25,595.38,27-05-25,596.12,27-05-25,596.38,27-05-25,595.75,27-05-25,595.88,27-05-25,596.00,27-05-25,597.62
26-05-25,610.26,26-05-25,603.32,26-05-25,601.24,26-05-25,601.74,26-05-25,603.48,26-05-25,601.33,26-05-25,598.23,26-05-25,598.03,26-05-25,598.80,26-05-25,599.01,26-05-25,598.47,26-05-25,598.70,26-05-25,598.82,26-05-25,600.47
25-05-25,614.62,25-05-25,607.78,25-05-25,605.93,25-05-25,606.41,25-05-25,607.98,25-05-25,605.57,25-05-25,602.50,25-05-25,602.45,25-05-25,603.12,25-05-25,603.25,25-05-25,602.36,25-05-25,602.92,25-05-25,602.90,25-05-25,604.53
23-05-25,611.86,23-05-25,605.12,23-05-25,603.32,23-05-25,603.61,23-05-25,605.36,23-05-25,603.11,23-05-25,599.86,23-05-25,599.64,23-05-25,600.39,23-05-25,600.43,23-05-25,599.71,23-05-25,600.12,23-05-25,600.58,23-05-25,602.17
22-05-25,608.17,22-05-25,601.27,22-05-25,599.00,22-05-25,599.73,22-05-25,601.79,22-05-25,599.65,22-05-25,596.50,22-05-25,596.38,22-05-25,597.12,22-05-25,597.38,22-05-25,597.61,22-05-25,597.86,22-05-25,597.89,22-05-25,599.82
21-05-25,613.12,21-05-25,607.43,21-05-25,605.18,21-05-25,605.18,21-05-25,606.93,21-05-25,604.93,21-05-25,601.68,21-05-25,601.32,21-05-25,601.95,21-05-25,602.20,21-05-25,601.45,21-05-25,601.70,21-05-25,601.82,21-05-25,603.45
20-05-25,615.45,20-05-25,610.35,20-05-25,608.21,20-05-25,608.42,20-05-25,610.42,20-05-25,608.25,20-05-25,604.75,20-05-25,604.69,20-05-25,605.44,20-05-25,605.69,20-05-25,604.50,20-05-25,605.31,20-05-25,605.38,20-05-25,607.06
19-05-25,614.77,19-05-25,608.17,19-05-25,605.54,19-05-25,605.75,19-05-25,607.18,19-05-25,604.83,19-05-25,601.56,19-05-25,601.18,19-05-25,601.83,19-05-25,602.08,19-05-25,601.17,19-05-25,601.67,19-05-25,601.83,19-05-25,603.42
18-05-25,620.86,18-05-25,614.26,18-05-25,611.35,18-05-25,611.39,18-05-25,612.43,18-05-25,610.15,18-05-25,606.82,18-05-25,606.42,18-05-25,606.92,18-05-25,606.89,18-05-25,605.95,18-05-25,606.17,18-05-25,606.55,18-05-25,608.23
16-05-25,620.15,16-05-25,613.88,16-05-25,610.82,16-05-25,609.75,16-05-25,610.75,16-05-25,608.50,16-05-25,605.00,16-05-25,604.61,16-05-25,605.21,16-05-25,605.21,16-05-25,604.32,16-05-25,604.68,16-05-25,604.82,16-05-25,606.43
15-05-25,623.04,15-05-25,616.09,15-05-25,612.38,15-05-25,611.08,15-05-25,612.83,15-05-25,610.33,15-05-25,606.15,15-05-25,606.75,15-05-25,607.42,15-05-25,606.20,15-05-25,605.05,15-05-25,605.25,15-05-25,605.45,15-05-25,607.05
14-05-25,630.66,14-05-25,623.95,14-05-25,620.44,14-05-25,619.75,14-05-25,620.75,14-05-25,618.20,14-05-25,614.50,14-05-25,614.00,14-05-25,614.31,14-05-25,613.81,14-05-25,612.38,14-05-25,612.19,14-05-25,612.06,14-05-25,613.38
13-05-25,630.33,13-05-25,625.03,13-05-25,623.96,13-05-25,624.00,13-05-25,625.25,13-05-25,622.97,13-05-25,619.25,13-05-25,618.50,13-05-25,619.22,13-05-25,618.97,13-05-25,617.69,13-05-25,617.44,13-05-25,616.97,13-05-25,618.44
12-05-25,618.20,12-05-25,620.21,12-05-25,615.81,12-05-25,614.23,12-05-25,614.75,12-05-25,615.95,12-05-25,613.86,12-05-25,610.53,12-05-25,610.31,12-05-25,610.75,12-05-25,610.30,12-05-25,609.40,12-05-25,609.03,12-05-25,609.02
11-05-25,605.69,11-05-25,606.77,11-05-25,602.17,11-05-25,600.59,11-05-25,601.40,11-05-25,603.33,11-05-25,601.37,11-05-25,598.47,11-05-25,598.60,11-05-25,599.57,11-05-25,599.65,11-05-25,598.32,11-05-25,598.73,11-05-25,598.25
09-05-25,603.18,09-05-25,602.70,09-05-25,598.42,09-05-25,596.70,09-05-25,597.64,09-05-25,599.20,09-05-25,597.21,09-05-25,595.28,09-05-25,594.92,09-05-25,596.61,09-05-25,596.78,09-05-25,595.50,09-05-25,596.31,09-05-25,595.64
08-05-25,602.43,08-05-25,600.71,08-05-25,595.75,08-05-25,594.15,08-05-25,594.90,08-05-25,596.71,08-05-25,595.03,08-05-25,592.28,08-05-25,592.64,08-05-25,593.95,08-05-25,594.28,08-05-25,593.61,08-05-25,593.75,08-05-25,593.84
07-05-25,581.79,07-05-25,579.20,07-05-25,575.04,07-05-25,573.75,07-05-25,575.20,07-05-25,577.95,07-05-25,576.75,07-05-25,574.50,07-05-25,574.50,07-05-25,576.98,07-05-25,578.12,07-05-25,578.00,07-05-25,577.52,07-05-25,578.06
06-05-25,590.75,06-05-25,588.25,06-05-25,584.08,06-05-25,582.92,06-05-25,584.42,06-05-25,587.00,06-05-25,585.50,06-05-25,583.17,06-05-25,583.75,06-05-25,585.33,06-05-25,585.83,06-05-25,585.42,06-05-25,585.75,06-05-25,586.17
05-05-25,583.19,05-05-25,578.56,05-05-25,574.12,05-05-25,572.25,05-05-25,573.87,05-05-25,576.94,05-05-25,575.69,05-05-25,573.33,05-05-25,573.94,05-05-25,575.56,05-05-25,576.19,05-05-25,575.08,05-05-25,576.31,05-05-25,576.56
04-05-25,573.98,04-05-25,569.30,04-05-25,563.95,04-05-25,562.67,04-05-25,564.71,04-05-25,567.59,04-05-25,566.55,04-05-25,564.35,04-05-25,565.33,04-05-25,567.46,04-05-25,568.15,04-05-25,568.13,04-05-25,568.83,04-05-25,569.52
02-05-25,589.15,02-05-25,584.60,02-05-25,579.75,02-05-25,577.90,02-05-25,579.85,02-05-25,582.40,02-05-25,580.90,02-05-25,578.40,02-05-25,578.95,02-05-25,580.70,02-05-25,581.45,02-05-25,581.25,02-05-25,581.55,02-05-25,581.85
01-05-25,591.30,01-05-25,587.25,01-05-25,582.55,01-05-25,581.38,01-05-25,582.88,01-05-25,585.28,01-05-25,583.75,01-05-25,581.32,01-05-25,581.95,01-05-25,583.42,01-05-25,583.95,01-05-25,583.59,01-05-25,583.98,01-05-25,584.42
30-04-25,592.11,30-04-25,586.30,30-04-25,580.92,30-04-25,579.57,30-04-25,581.83,30-04-25,583.36,30-04-25,582.83,30-04-25,580.58,30-04-25,581.00,30-04-25,582.50,30-04-25,583.00,30-04-25,582.42,30-04-25,582.43,30-04-25,582.67
29-04-25,609.43,29-04-25,602.28,29-04-25,597.28,29-04-25,595.78,29-04-25,597.06,29-04-25,599.31,29-04-25,598.00,29-04-25,595.50,29-04-25,595.94,29-04-25,597.12,29-04-25,597.62,29-04-25,597.06,29-04-25,597.04,29-04-25,596.90
28-04-25,621.77,28-04-25,614.48,28-04-25,608.73,28-04-25,606.30,28-04-25,607.18,28-04-25,608.80,28-04-25,607.43,28-04-25,604.68,28-04-25,604.42,28-04-25,605.30,28-04-25,605.55,28-04-25,604.41,28-04-25,604.27,28-04-25,603.91
27-04-25,628.16,27-04-25,621.09,27-04-25,615.54,27-04-25,613.40,27-04-25,614.13,27-04-25,616.02,27-04-25,614.38,27-04-25,611.57,27-04-25,611.39,27-04-25,612.45,27-04-25,612.12,27-04-25,611.38,27-04-25,610.58,27-04-25,610.08
25-04-25,628.75,25-04-25,622.10,25-04-25,616.60,25-04-25,614.25,25-04-25,614.75,25-04-25,616.50,25-04-25,614.88,25-04-25,612.00,25-04-25,611.88,25-04-25,612.50,25-04-25,612.50,25-04-25,611.38,25-04-25,610.88,25-04-25,610.25
24-04-25,625.90,24-04-25,618.75,24-04-25,613.85,24-04-25,611.71,24-04-25,612.36,24-04-25,614.11,24-04-25,612.36,24-04-25,609.92,24-04-25,608.73,24-04-25,610.75,24-04-25,609.02,24-04-25,608.25,24-04-25,607.94,24-04-25,606.92
23-04-25,620.75,23-04-25,614.00,23-04-25,609.39,23-04-25,607.75,23-04-25,608.75,23-04-25,610.50,23-04-25,609.00,23-04-25,606.12,23-04-25,606.00,23-04-25,606.75,23-04-25,607.40,23-04-25,606.55,23-04-25,606.10,23-04-25,605.65
22-04-25,632.31,22-04-25,624.54,22-04-25,619.51,22-04-25,617.54,22-04-25,618.17,22-04-25,619.71,22-04-25,617.71,22-04-25,614.71,22-04-25,614.25,22-04-25,614.75,22-04-25,614.27,22-04-25,612.82,22-04-25,612.32,22-04-25,612.02
21-04-25,622.75,21-04-25,615.60,21-04-25,611.00,21-04-25,609.25,21-04-25,609.75,21-04-25,611.38,21-04-25,609.62,21-04-25,606.50,21-04-25,606.25,21-04-25,607.12,21-04-25,607.15,21-04-25,606.05,21-04-25,605.95,21-04-25,605.45
20-04-25,626.91,20-04-25,619.62,20-04-25,614.98,20-04-25,613.32,20-04-25,613.98,20-04-25,615.53,20-04-25,613.67,20-04-25,610.48,20-04-25,609.95,20-04-25,610.72,20-04-25,610.61,20-04-25,609.50,20-04-25,609.00,20-04-25,608.40
17-04-25,632.21,17-04-25,625.21,17-04-25,620.71,17-04-25,618.96,17-04-25,619.46,17-04-25,621.21,17-04-25,619.21,17-04-25,615.96,17-04-25,615.50,17-04-25,615.81,17-04-25,615.56,17-04-25,614.38,17-04-25,613.92,17-04-25,613.08
16-04-25,621.25,16-04-25,613.62,16-04-25,608.16,16-04-25,606.62,16-04-25,606.67,16-04-25,608.42,16-04-25,606.42,16-04-25,603.42,16-04-25,603.00,16-04-25,603.58,16-04-25,603.83,16-04-25,602.58,16-04-25,602.15,16-04-25,601.90
15-04-25,609.75,15-04-25,603.45,15-04-25,599.25,15-04-25,597.43,15-04-25,598.45,15-04-25,600.20,15-04-25,598.45,15-04-25,595.70,15-04-25,595.75,15-04-25,596.75,15-04-25,597.05,15-04-25,596.10,15-04-25,596.10,15-04-25,596.05
14-04-25,610.38,14-04-25,604.38,14-04-25,600.75,14-04-25,599.50,14-04-25,600.50,14-04-25,602.25,14-04-25,599.29,14-04-25,596.50,14-04-25,596.54,14-04-25,597.38,14-04-25,597.79,14-04-25,597.08,14-04-25,597.04,14-04-25,597.00
13-04-25,606.79,13-04-25,601.42,13-04-25,598.21,13-04-25,597.52,13-04-25,598.42,13-04-25,600.69,13-04-25,598.66,13-04-25,595.61,13-04-25,595.96,13-04-25,596.88,13-04-25,597.00,13-04-25,596.54,13-04-25,596.44,13-04-25,596.00
11-04-25,605.31,11-04-25,599.80,11-04-25,596.55,11-04-25,595.80,11-04-25,596.73,11-04-25,598.98,11-04-25,596.98,11-04-25,594.15,11-04-25,594.23,11-04-25,595.23,11-04-25,595.55,11-04-25,594.88,11-04-25,594.71,11-04-25,594.88
10-04-25,604.95,10-04-25,603.67,10-04-25,598.04,10-04-25,595.03,10-04-25,594.10,10-04-25,595.24,10-04-25,597.82,10-04-25,596.25,10-04-25,593.39,10-04-25,593.46,10-04-25,594.33,10-04-25,594.86,10-04-25,594.05,10-04-25,594.08
09-04-25,620.62,09-04-25,619.94,09-04-25,613.92,09-04-25,610.44,09-04-25,609.19,09-04-25,609.69,09-04-25,611.94,09-04-25,609.92,09-04-25,606.67,09-04-25,606.30,09-04-25,606.86,09-04-25,606.64,09-04-25,605.81,09-04-25,605.56
08-04-25,592.55,08-04-25,589.33,08-04-25,583.20,08-04-25,580.85,08-04-25,579.40,08-04-25,580.70,08-04-25,583.40,08-04-25,582.20,08-04-25,579.40,08-04-25,580.35,08-04-25,581.75,08-04-25,581.50,08-04-25,581.25,08-04-25,581.50
07-04-25,611.46,07-04-25,608.25,07-04-25,603.00,07-04-25,600.25,07-04-25,599.44,07-04-25,600.58,07-04-25,603.04,07-04-25,601.58,07-04-25,598.62,07-04-25,598.83,07-04-25,600.09,07-04-25,600.38,07-04-25,599.84,07-04-25,599.84
06-04-25,601.17,06-04-25,598.43,06-04-25,593.45,06-04-25,591.05,06-04-25,590.37,06-04-25,591.37,06-04-25,593.38,06-04-25,591.88,06-04-25,588.65,06-04-25,588.44,06-04-25,589.12,06-04-25,589.12,06-04-25,588.35,06-04-25,588.10
04-04-25,620.25,04-04-25,617.38,04-04-25,612.50,04-04-25,610.25,04-04-25,609.08,04-04-25,608.20,04-04-25,611.50,04-04-25,608.94,04-04-25,605.50,04-04-25,605.08,04-04-25,605.50,04-04-25,605.38,04-04-25,604.25,04-04-25,603.88
03-04-25,649.50,03-04-25,646.17,03-04-25,641.33,03-04-25,638.04,03-04-25,636.36,03-04-25,636.54,03-04-25,638.04,03-04-25,635.29,03-04-25,631.08,03-04-25,630.04,03-04-25,629.54,03-04-25,628.79,03-04-25,627.00,03-04-25,625.75
02-04-25,678.25,02-04-25,675.40,02-04-25,670.20,02-04-25,666.45,02-04-25,664.30,02-04-25,664.05,02-04-25,664.80,02-04-25,661.35,02-04-25,656.80,02-04-25,654.60,02-04-25,653.40,02-04-25,651.60,02-04-25,648.90,02-04-25,646.90
01-04-25,682.63,01-04-25,680.36,01-04-25,675.74,01-04-25,672.12,01-04-25,670.24,01-04-25,670.08,01-04-25,670.89,01-04-25,667.08,01-04-25,662.32,01-04-25,660.50,01-04-25,658.71,01-04-25,657.07,01-04-25,654.39,01-04-25,652.39
31-03-25,687.45,31-03-25,683.58,31-03-25,677.98,31-03-25,674.28,31-03-25,671.86,31-03-25,671.95,31-03-25,672.32,31-03-25,668.52,31-03-25,664.17,31-03-25,661.92,31-03-25,660.67,31-03-25,658.92,31-03-25,656.41,31-03-25,654.31
30-03-25,674.41,30-03-25,670.28,30-03-25,664.81,30-03-25,661.17,30-03-25,659.08,30-03-25,659.08,30-03-25,659.82,30-03-25,656.40,30-03-25,651.85,30-03-25,649.81,30-03-25,648.81,30-03-25,647.86,30-03-25,645.56,30-03-25,643.77
28-03-25,670.33,28-03-25,665.67,28-03-25,660.31,28-03-25,656.83,28-03-25,654.83,28-03-25,654.92,28-03-25,656.02,28-03-25,652.57,28-03-25,648.02,28-03-25,646.07,28-03-25,645.27,28-03-25,644.02,28-03-25,641.77,28-03-25,640.02
27-03-25,677.50,27-03-25,672.83,27-03-25,667.94,27-03-25,664.42,27-03-25,662.53,27-03-25,662.90,27-03-25,663.84,27-03-25,660.71,27-03-25,655.98,27-03-25,654.21,27-03-25,653.36,27-03-25,651.98,27-03-25,649.61,27-03-25,648.00
26-03-25,680.95,26-03-25,675.53,26-03-25,670.50,26-03-25,666.95,26-03-25,664.53,26-03-25,664.95,26-03-25,665.70,26-03-25,662.20,26-03-25,657.25,26-03-25,655.45,26-03-25,654.65,26-03-25,653.20,26-03-25,650.50,26-03-25,648.50
25-03-25,676.44,25-03-25,671.50,25-03-25,664.67,25-03-25,660.98,25-03-25,659.38,25-03-25,659.25,25-03-25,659.88,25-03-25,656.36,25-03-25,651.50,25-03-25,649.61,25-03-25,648.60,25-03-25,647.25,25-03-25,645.96,25-03-25,643.96
24-03-25,672.96,24-03-25,667.75,24-03-25,662.36,24-03-25,659.07,24-03-25,657.50,24-03-25,657.44,24-03-25,658.75,24-03-25,655.59,24-03-25,650.94,24-03-25,649.09,24-03-25,648.34,24-03-25,646.92,24-03-25,644.67,24-03-25,642.88
23-03-25,670.84,23-03-25,664.83,23-03-25,658.59,23-03-25,655.23,23-03-25,653.58,23-03-25,654.06,23-03-25,655.42,23-03-25,652.63,23-03-25,648.15,23-03-25,646.44,23-03-25,645.88,23-03-25,645.00,23-03-25,642.94,23-03-25,641.21
21-03-25,670.00,21-03-25,663.22,21-03-25,657.62,21-03-25,654.25,21-03-25,652.04,21-03-25,652.33,21-03-25,653.79,21-03-25,650.85,21-03-25,647.67,21-03-25,646.09,21-03-25,645.64,21-03-25,644.64,21-03-25,642.67,21-03-25,641.17
20-03-25,668.55,20-03-25,662.63,20-03-25,656.90,20-03-25,653.71,20-03-25,652.21,20-03-25,652.83,20-03-25,654.25,20-03-25,651.50,20-03-25,647.08,20-03-25,645.50,20-03-25,645.00,20-03-25,644.17,20-03-25,642.38,20-03-25,640.88
19-03-25,661.50,19-03-25,655.50,19-03-25,649.67,19-03-25,646.68,19-03-25,645.02,19-03-25,645.55,19-03-25,646.90,19-03-25,644.25,19-03-25,639.90,19-03-25,638.50,19-03-25,638.10,19-03-25,637.25,19-03-25,635.34,19-03-25,633.84
18-03-25,652.25,18-03-25,646.67,18-03-25,642.35,18-03-25,639.94,18-03-25,639.19,18-03-25,639.97,18-03-25,641.50,18-03-25,638.94,18-03-25,635.67,18-03-25,634.42,18-03-25,634.17,18-03-25,633.42,18-03-25,631.83,18-03-25,630.50
17-03-25,652.94,17-03-25,647.92,17-03-25,643.58,17-03-25,641.33,17-03-25,640.75,17-03-25,641.58,17-03-25,643.25,17-03-25,640.50,17-03-25,636.08,17-03-25,634.58,17-03-25,634.50,17-03-25,633.75,17-03-25,632.12,17-03-25,630.88
16-03-25,657.57,16-03-25,649.85,16-03-25,644.35,16-03-25,641.52,16-03-25,640.57,16-03-25,641.43,16-03-25,643.05,16-03-25,640.12,16-03-25,635.95,16-03-25,634.84,16-03-25,634.67,16-03-25,633.92,16-03-25,632.39,16-03-25,631.37
14-03-25,648.32,14-03-25,643.12,14-03-25,639.43,14-03-25,636.75,14-03-25,636.86,14-03-25,637.19,14-03-25,638.94,14-03-25,636.29,14-03-25,632.19,14-03-25,631.04,14-03-25,631.04,14-03-25,630.54,14-03-25,629.04,14-03-25,627.90
13-03-25,646.66,13-03-25,641.83,13-03-25,638.03,13-03-25,635.95,13-03-25,635.21,13-03-25,636.18,13-03-25,638.12,13-03-25,635.50,13-03-25,631.12,13-03-25,630.00,13-03-25,630.00,13-03-25,629.12,13-03-25,627.44,13-03-25,626.25
12-03-25,667.17,12-03-25,654.21,12-03-25,647.66,12-03-25,642.54,12-03-25,639.60,12-03-25,638.58,12-03-25,639.52,12-03-25,640.87,12-03-25,637.88,12-03-25,633.27,12-03-25,631.82,12-03-25,631.56,12-03-25,630.83,12-03-25,629.11
11-03-25,669.50,11-03-25,653.35,11-03-25,645.90,11-03-25,640.15,11-03-25,636.92,11-03-25,635.92,11-03-25,636.70,11-03-25,638.25,11-03-25,635.25,11-03-25,630.75,11-03-25,629.38,11-03-25,629.00,11-03-25,628.50,11-03-25,626.88
10-03-25,660.27,10-03-25,645.16,10-03-25,637.68,10-03-25,632.94,10-03-25,630.44,10-03-25,629.69,10-03-25,630.69,10-03-25,632.40,10-03-25,629.62,10-03-25,625.14,10-03-25,623.83,10-03-25,623.66,10-03-25,623.33,10-03-25,621.66
09-03-25,665.74,09-03-25,652.38,09-03-25,645.33,09-03-25,640.37,09-03-25,637.95,09-03-25,637.10,09-03-25,638.06,09-03-25,640.07,09-03-25,637.27,09-03-25,632.77,09-03-25,631.61,09-03-25,631.60,09-03-25,630.96,09-03-25,629.39
07-03-25,668.44,07-03-25,655.35,07-03-25,649.05,07-03-25,644.19,07-03-25,641.62,07-03-25,639.97,07-03-25,640.78,07-03-25,642.68,07-03-25,639.88,07-03-25,635.32,07-03-25,634.04,07-03-25,633.93,07-03-25,632.94,07-03-25,631.25
06-03-25,663.88,06-03-25,650.81,06-03-25,642.81,06-03-25,637.56,06-03-25,635.15,06-03-25,634.29,06-03-25,635.29,06-03-25,637.21,06-03-25,634.46,06-03-25,630.00,06-03-25,628.96,06-03-25,628.92,06-03-25,628.46,06-03-25,627.17
05-03-25,666.37,05-03-25,654.06,05-03-25,645.65,05-03-25,640.37,05-03-25,637.44,05-03-25,636.19,05-03-25,636.89,05-03-25,638.48,05-03-25,635.67,05-03-25,631.90,05-03-25,630.01,05-03-25,629.73,05-03-25,630.20,05-03-25,628.95
04-03-25,675.34,04-03-25,662.97,04-03-25,655.11,04-03-25,650.17,04-03-25,647.38,04-03-25,646.12,04-03-25,646.62,04-03-25,648.33,04-03-25,645.79,04-03-25,641.54,04-03-25,640.25,04-03-25,640.25,04-03-25,639.75,04-03-25,638.42
03-03-25,678.75,03-03-25,666.25,03-03-25,658.75,03-03-25,653.75,03-03-25,651.12,03-03-25,650.00,03-03-25,650.00,03-03-25,651.38,03-03-25,648.62,03-03-25,644.25,03-03-25,642.88,03-03-25,642.62,03-03-25,641.88,03-03-25,640.25
28-02-25,693.56,28-02-25,680.56,28-02-25,672.56,28-02-25,666.56,28-02-25,663.28,28-02-25,661.28,28-02-25,660.56,28-02-25,661.28,28-02-25,658.00,28-02-25,653.25,28-02-25,651.72,28-02-25,650.97,28-02-25,649.96,28-02-25,648.14
27-02-25,698.92,27-02-25,685.25,27-02-25,675.90,27-02-25,669.58,27-02-25,667.44,27-02-25,665.64,27-02-25,664.50,27-02-25,665.25,27-02-25,661.91,27-02-25,656.90,27-02-25,655.32,27-02-25,654.73,27-02-25,653.45,27-02-25,651.60
26-02-25,685.55,26-02-25,673.68,26-02-25,665.80,26-02-25,660.30,26-02-25,657.25,26-02-25,655.65,26-02-25,655.38,26-02-25,656.25,26-02-25,653.00,26-02-25,648.28,26-02-25,647.00,26-02-25,646.50,26-02-25,645.92,26-02-25,644.25
25-02-25,697.71,25-02-25,683.14,25-02-25,673.38,25-02-25,666.75,25-02-25,663.00,25-02-25,660.86,25-02-25,660.36,25-02-25,660.75,25-02-25,657.50,25-02-25,652.75,25-02-25,651.00,25-02-25,650.50,25-02-25,649.38,25-02-25,647.38
24-02-25,713.96,24-02-25,699.09,24-02-25,688.88,24-02-25,681.84,24-02-25,677.71,24-02-25,675.34,24-02-25,674.59,24-02-25,674.77,24-02-25,671.05,24-02-25,666.50,24-02-25,664.30,24-02-25,663.67,24-02-25,662.05,24-02-25,659.60
21-02-25,712.71,21-02-25,696.65,21-02-25,686.59,21-02-25,679.61,21-02-25,675.50,21-02-25,672.87,21-02-25,672.50,21-02-25,672.50,21-02-25,669.00,21-02-25,664.05,21-02-25,661.90,21-02-25,660.90,21-02-25,659.40,21-02-25,657.00
20-02-25,732.36,20-02-25,717.62,20-02-25,706.56,20-02-25,698.42,20-02-25,693.71,20-02-25,690.71,20-02-25,689.71,20-02-25,689.60,20-02-25,685.83,20-02-25,680.57,20-02-25,677.83,20-02-25,676.33,20-02-25,674.34,20-02-25,671.88
19-02-25,723.50,19-02-25,709.88,19-02-25,699.33,19-02-25,693.19,19-02-25,687.83,19-02-25,685.50,19-02-25,684.75,19-02-25,684.75,19-02-25,681.89,19-02-25,676.62,19-02-25,674.33,19-02-25,673.08,19-02-25,671.38,19-02-25,668.88
18-02-25,717.00,18-02-25,703.61,18-02-25,694.25,18-02-25,687.50,18-02-25,683.17,18-02-25,681.11,18-02-25,679.98,18-02-25,680.72,18-02-25,677.95,18-02-25,672.79,18-02-25,670.46,18-02-25,669.21,18-02-25,667.50,18-02-25,664.96
17-02-25,714.97,17-02-25,703.10,17-02-25,693.62,17-02-25,686.05,17-02-25,682.05,17-02-25,679.91,17-02-25,679.41,17-02-25,679.77,17-02-25,676.27,17-02-25,671.16,17-02-25,668.53,17-02-25,667.88,17-02-25,666.38,17-02-25,663.88
14-02-25,712.40,14-02-25,699.65,14-02-25,689.69,14-02-25,682.33,14-02-25,678.30,14-02-25,675.92,14-02-25,675.17,14-02-25,675.57,14-02-25,672.14,14-02-25,667.23,14-02-25,664.82,14-02-25,663.80,14-02-25,662.30,14-02-25,659.70
13-02-25,714.26,13-02-25,703.31,13-02-25,693.44,13-02-25,686.08,13-02-25,682.32,13-02-25,680.07,13-02-25,679.07,13-02-25,679.07,13-02-25,675.46,13-02-25,670.32,13-02-25,667.96,13-02-25,666.71,13-02-25,665.21,13-02-25,662.75
12-02-25,712.73,12-02-25,702.12,12-02-25,693.23,12-02-25,686.12,12-02-25,682.31,12-02-25,680.33,12-02-25,678.95,12-02-25,679.00,12-02-25,675.70,12-02-25,670.59,12-02-25,668.06,12-02-25,667.03,12-02-25,665.31,12-02-25,663.00
11-02-25,736.38,11-02-25,730.50,11-02-25,720.12,11-02-25,709.54,11-02-25,702.41,11-02-25,698.75,11-02-25,696.65,11-02-25,694.89,11-02-25,694.65,11-02-25,690.60,11-02-25,684.75,11-02-25,682.35,11-02-25,680.12,11-02-25,678.12
10-02-25,720.17,10-02-25,715.36,10-02-25,706.21,10-02-25,697.36,10-02-25,690.61,10-02-25,687.11,10-02-25,684.88,10-02-25,683.88,10-02-25,683.40,10-02-25,680.14,10-02-25,675.03,10-02-25,672.39,10-02-25,670.82,10-02-25,669.07
07-02-25,709.50,07-02-25,705.46,07-02-25,696.74,07-02-25,688.31,07-02-25,682.61,07-02-25,679.38,07-02-25,677.62,07-02-25,676.75,07-02-25,676.64,07-02-25,672.88,07-02-25,667.89,07-02-25,665.54,07-02-25,664.29,07-02-25,662.79
06-02-25,701.85,06-02-25,698.04,06-02-25,690.75,06-02-25,683.00,06-02-25,676.60,06-02-25,673.33,06-02-25,671.58,06-02-25,670.83,06-02-25,670.62,06-02-25,667.40,06-02-25,662.60,06-02-25,660.15,06-02-25,658.95,06-02-25,657.70
05-02-25,701.31,05-02-25,698.20,05-02-25,691.45,05-02-25,684.25,05-02-25,678.00,05-02-25,675.00,05-02-25,673.00,05-02-25,672.25,05-02-25,672.25,05-02-25,668.92,05-02-25,664.15,05-02-25,661.75,05-02-25,660.75,05-02-25,659.12
04-02-25,713.00,04-02-25,709.39,04-02-25,703.04,04-02-25,695.29,04-02-25,689.00,04-02-25,683.92,04-02-25,682.98,04-02-25,682.05,04-02-25,680.29,04-02-25,677.19,04-02-25,673.50,04-02-25,670.92,04-02-25,669.58,04-02-25,667.83
03-02-25,710.83,03-02-25,707.08,03-02-25,699.75,03-02-25,692.25,03-02-25,685.42,03-02-25,681.67,03-02-25,679.58,03-02-25,677.32,03-02-25,677.07,03-02-25,673.32,03-02-25,668.17,03-02-25,665.25,03-02-25,663.83,03-02-25,662.25
31-01-25,714.55,31-01-25,710.30,31-01-25,703.00,31-01-25,695.71,31-01-25,687.42,31-01-25,681.08,31-01-25,678.83,31-01-25,677.83,31-01-25,677.33,31-01-25,672.92,31-01-25,667.58,31-01-25,664.75,31-01-25,663.33,31-01-25,661.58
30-01-25,708.85,30-01-25,705.10,30-01-25,698.35,30-01-25,691.10,30-01-25,684.35,30-01-25,680.60,30-01-25,678.60,30-01-25,677.60,30-01-25,676.85,30-01-25,672.85,30-01-25,667.60,30-01-25,665.05,30-01-25,664.00,30-01-25,662.30
29-01-25,707.62,29-01-25,703.00,29-01-25,696.64,29-01-25,689.86,29-01-25,684.25,29-01-25,681.36,29-01-25,679.44,29-01-25,677.75,29-01-25,677.50,29-01-25,673.50,29-01-25,668.00,29-01-25,665.62,29-01-25,664.75,29-01-25,663.38
28-01-25,704.25,28-01-25,700.12,28-01-25,695.17,28-01-25,688.92,28-01-25,683.48,28-01-25,679.62,28-01-25,677.86,28-01-25,675.43,28-01-25,674.96,28-01-25,671.21,28-01-25,666.17,28-01-25,664.61,28-01-25,663.61,28-01-25,661.42
27-01-25,707.91,27-01-25,704.45,27-01-25,697.75,27-01-25,691.42,27-01-25,684.68,27-01-25,681.62,27-01-25,679.27,27-01-25,678.50,27-01-25,677.88,27-01-25,674.25,27-01-25,669.38,27-01-25,667.25,27-01-25,666.25,27-01-25,664.88
24-01-25,724.25,24-01-25,719.12,24-01-25,712.17,24-01-25,704.92,24-01-25,697.67,24-01-25,694.83,24-01-25,691.75,24-01-25,690.33,24-01-25,690.50,24-01-25,685.55,24-01-25,679.88,24-01-25,677.38,24-01-25,676.19,24-01-25,675.64
23-01-25,717.89,23-01-25,714.56,23-01-25,708.64,23-01-25,702.75,23-01-25,697.05,23-01-25,693.89,23-01-25,691.89,23-01-25,690.50,23-01-25,690.00,23-01-25,686.17,23-01-25,681.25,23-01-25,678.81,23-01-25,677.66,23-01-25,676.15
22-01-25,722.06,22-01-25,719.42,22-01-25,713.50,22-01-25,707.94,22-01-25,702.00,22-01-25,698.88,22-01-25,696.69,22-01-25,694.33,22-01-25,693.42,22-01-25,689.44,22-01-25,684.09,22-01-25,681.19,22-01-25,680.44,22-01-25,678.67
21-01-25,739.25,21-01-25,731.62,21-01-25,723.50,21-01-25,715.40,21-01-25,708.25,21-01-25,704.21,21-01-25,701.85,21-01-25,700.35,21-01-25,699.10,21-01-25,694.85,21-01-25,689.15,21-01-25,686.10,21-01-25,684.35,21-01-25,682.10
20-01-25,748.00,20-01-25,742.14,20-01-25,731.38,20-01-25,721.44,20-01-25,712.75,20-01-25,707.50,20-01-25,704.82,20-01-25,702.62,20-01-25,701.12,20-01-25,695.88,20-01-25,690.83,20-01-25,687.83,20-01-25,686.08,20-01-25,684.08
17-01-25,758.13,17-01-25,751.42,17-01-25,739.42,17-01-25,728.42,17-01-25,718.83,17-01-25,713.08,17-01-25,709.83,17-01-25,707.58,17-01-25,705.58,17-01-25,700.33,17-01-25,694.08,17-01-25,690.42,17-01-25,688.25,17-01-25,685.75
16-01-25,758.17,16-01-25,751.42,16-01-25,740.38,16-01-25,730.00,16-01-25,720.33,16-01-25,715.38,16-01-25,711.42,16-01-25,709.17,16-01-25,707.00,16-01-25,701.83,16-01-25,695.75,16-01-25,692.17,16-01-25,689.67,16-01-25,687.08
15-01-25,766.38,15-01-25,759.50,15-01-25,747.50,15-01-25,736.88,15-01-25,727.38,15-01-25,721.75,15-01-25,718.25,15-01-25,715.50,15-01-25,713.50,15-01-25,708.25,15-01-25,701.83,15-01-25,698.17,15-01-25,695.67,15-01-25,692.67
14-01-25,746.50,14-01-25,741.69,14-01-25,733.29,14-01-25,724.58,14-01-25,717.33,14-01-25,713.04,14-01-25,710.08,14-01-25,708.08,14-01-25,706.54,14-01-25,702.08,14-01-25,696.58,14-01-25,693.54,14-01-25,691.50,14-01-25,688.75
13-01-25,750.42,13-01-25,744.67,13-01-25,733.67,13-01-25,723.92,13-01-25,716.17,13-01-25,711.58,13-01-25,708.08,13-01-25,705.83,13-01-25,704.17,13-01-25,699.67,13-01-25,694.00,13-01-25,690.92,13-01-25,688.83,13-01-25,686.56
10-01-25,741.09,10-01-25,733.50,10-01-25,725.20,10-01-25,716.50,10-01-25,710.75,10-01-25,708.20,10-01-25,704.40,10-01-25,702.06,10-01-25,700.46,10-01-25,696.12,10-01-25,688.32,10-01-25,685.39,10-01-25,683.46,10-01-25,681.04
09-01-25,710.12,09-01-25,708.12,09-01-25,703.88,09-01-25,697.91,09-01-25,693.49,09-01-25,689.74,09-01-25,687.54,09-01-25,686.79,09-01-25,686.29,09-01-25,685.88,09-01-25,683.33,09-01-25,679.54,09-01-25,677.83,09-01-25,676.58
08-01-25,700.00,08-01-25,698.58,08-01-25,694.92,08-01-25,689.76,08-01-25,686.58,08-01-25,683.58,08-01-25,682.75,08-01-25,682.39,08-01-25,681.96,08-01-25,681.96,08-01-25,679.46,08-01-25,676.04,08-01-25,674.64,08-01-25,673.89
07-01-25,706.00,07-01-25,704.81,07-01-25,701.79,07-01-25,696.48,07-01-25,691.97,07-01-25,689.95,07-01-25,689.12,07-01-25,688.38,07-01-25,687.88,07-01-25,687.55,07-01-25,684.43,07-01-25,680.82,07-01-25,679.69,07-01-25,678.18
06-01-25,701.67,06-01-25,700.41,06-01-25,696.56,06-01-25,691.40,06-01-25,687.62,06-01-25,684.69,06-01-25,683.55,06-01-25,682.65,06-01-25,682.81,06-01-25,682.73,06-01-25,680.29,06-01-25,676.22,06-01-25,675.08,06-01-25,674.19
03-01-25,706.66,03-01-25,703.06,03-01-25,699.62,03-01-25,693.89,03-01-25,689.58,03-01-25,686.19,03-01-25,684.99,03-01-25,684.24,03-01-25,683.80,03-01-25,683.74,03-01-25,681.53,03-01-25,677.94,03-01-25,676.28,03-01-25,675.53
02-01-25,708.02,02-01-25,704.33,02-01-25,699.41,02-01-25,693.65,02-01-25,689.42,02-01-25,686.33,02-01-25,685.22,02-01-25,684.47,02-01-25,683.83,02-01-25,683.30,02-01-25,681.08,02-01-25,677.44,02-01-25,676.08,02-01-25,675.57
31-12-24,696.94,31-12-24,693.56,31-12-24,689.46,31-12-24,684.00,31-12-24,680.05,31-12-24,677.69,31-12-24,676.78,31-12-24,676.16,31-12-24,675.77,31-12-24,675.77,31-12-24,673.28,31-12-24,670.02,31-12-24,668.78,31-12-24,668.30
30-12-24,691.70,30-12-24,688.11,30-12-24,684.00,30-12-24,678.72,30-12-24,674.81,30-12-24,672.42,30-12-24,671.81,30-12-24,671.31,30-12-24,670.97,30-12-24,671.22,30-12-24,668.97,30-12-24,665.72,30-12-24,664.53,30-12-24,664.28
27-12-24,681.58,27-12-24,677.58,27-12-24,673.94,27-12-24,669.25,27-12-24,665.12,27-12-24,663.62,27-12-24,663.25,27-12-24,662.75,27-12-24,662.75,27-12-24,662.17,27-12-24,660.17,27-12-24,659.08,27-12-24,657.94,27-12-24,657.69
26-12-24,669.50,26-12-24,666.00,26-12-24,664.25,26-12-24,659.58,26-12-24,657.67,26-12-24,655.88,26-12-24,656.33,26-12-24,655.75,26-12-24,655.88,26-12-24,656.50,26-12-24,655.33,26-12-24,652.42,26-12-24,651.83,26-12-24,652.00
24-12-24,674.65,24-12-24,671.28,24-12-24,668.57,24-12-24,664.39,24-12-24,661.41,24-12-24,659.90,24-12-24,659.83,24-12-24,659.56,24-12-24,659.56,24-12-24,659.96,24-12-24,658.21,24-12-24,655.64,24-12-24,654.96,24-12-24,654.96
23-12-24,675.11,23-12-24,671.61,23-12-24,668.61,23-12-24,664.18,23-12-24,660.93,23-12-24,659.61,23-12-24,659.21,23-12-24,659.18,23-12-24,659.18,23-12-24,659.68,23-12-24,658.18,23-12-24,655.61,23-12-24,655.18,23-12-24,655.25
20-12-24,678.08,20-12-24,673.05,20-12-24,670.98,20-12-24,665.63,20-12-24,662.00,20-12-24,661.38,20-12-24,660.14,20-12-24,659.62,20-12-24,660.65,20-12-24,660.28,20-12-24,659.35,20-12-24,655.81,20-12-24,655.20,20-12-24,654.67
19-12-24,678.43,19-12-24,674.83,19-12-24,671.06,19-12-24,665.93,19-12-24,662.77,19-12-24,660.95,19-12-24,660.20,19-12-24,659.92,19-12-24,659.84,19-12-24,660.23,19-12-24,658.23,19-12-24,655.48,19-12-24,653.92,19-12-24,654.75
18-12-24,682.68,18-12-24,678.21,18-12-24,673.94,18-12-24,669.10,18-12-24,665.25,18-12-24,663.29,18-12-24,662.54,18-12-24,662.98,18-12-24,662.98,18-12-24,663.48,18-12-24,661.48,18-12-24,659.06,18-12-24,658.53,18-12-24,658.28
17-12-24,678.11,17-12-24,674.81,17-12-24,671.64,17-12-24,667.83,17-12-24,665.36,17-12-24,664.03,17-12-24,663.58,17-12-24,663.58,17-12-24,663.75,17-12-24,664.33,17-12-24,662.57,17-12-24,660.08,17-12-24,659.50,17-12-24,659.41
16-12-24,686.48,16-12-24,682.94,16-12-24,679.50,16-12-24,675.13,16-12-24,672.43,16-12-24,670.92,16-12-24,670.33,16-12-24,670.04,16-12-24,670.08,16-12-24,670.50,16-12-24,668.75,16-12-24,666.17,16-12-24,665.58,16-12-24,665.50
13-12-24,689.58,13-12-24,685.36,13-12-24,681.59,13-12-24,678.25,13-12-24,675.82,13-12-24,674.12,13-12-24,672.94,13-12-24,673.50,13-12-24,673.50,13-12-24,674.52,13-12-24,672.70,13-12-24,669.61,13-12-24,669.00,13-12-24,667.88
12-12-24,678.85,12-12-24,676.20,12-12-24,673.88,12-12-24,670.05,12-12-24,668.35,12-12-24,666.55,12-12-24,666.38,12-12-24,666.58,12-12-24,666.58,12-12-24,667.28,12-12-24,665.56,12-12-24,663.06,12-12-24,662.73,12-12-24,662.90
11-12-24,681.28,11-12-24,674.75,11-12-24,672.58,11-12-24,670.75,11-12-24,667.36,11-12-24,665.50,11-12-24,664.17,11-12-24,663.83,11-12-24,663.75,11-12-24,663.75,11-12-24,664.67,11-12-24,663.08,11-12-24,660.67,11-12-24,660.33
10-12-24,666.25,10-12-24,662.34,10-12-24,660.32,10-12-24,659.12,10-12-24,655.65,10-12-24,654.82,10-12-24,653.67,10-12-24,653.73,10-12-24,654.32,10-12-24,654.98,10-12-24,656.32,10-12-24,655.32,10-12-24,653.48,10-12-24,653.57
09-12-24,661.19,09-12-24,658.64,09-12-24,657.75,09-12-24,656.56,09-12-24,654.60,09-12-24,653.00,09-12-24,652.06,09-12-24,652.31,09-12-24,652.88,09-12-24,653.81,09-12-24,655.31,09-12-24,654.38,09-12-24,652.81,09-12-24,652.88
06-12-24,646.38,06-12-24,644.30,06-12-24,644.43,06-12-24,644.00,06-12-24,642.64,06-12-24,641.64,06-12-24,641.38,06-12-24,642.14,06-12-24,643.19,06-12-24,644.19,06-12-24,646.00,06-12-24,645.25,06-12-24,643.50,06-12-24,643.56
05-12-24,657.50,05-12-24,654.32,05-12-24,653.68,05-12-24,653.64,05-12-24,651.05,05-12-24,649.60,05-12-24,648.85,05-12-24,649.10,05-12-24,649.62,05-12-24,650.13,05-12-24,651.63,05-12-24,650.65,05-12-24,649.04,05-12-24,649.07
04-12-24,661.18,04-12-24,658.02,04-12-24,657.52,04-12-24,656.86,04-12-24,655.27,04-12-24,653.77,04-12-24,652.86,04-12-24,653.02,04-12-24,654.00,04-12-24,654.18,04-12-24,655.59,04-12-24,654.59,04-12-24,652.84,04-12-24,652.75
03-12-24,673.78,03-12-24,668.92,03-12-24,668.75,03-12-24,667.64,03-12-24,665.29,03-12-24,663.50,03-12-24,662.25,03-12-24,662.00,03-12-24,662.25,03-12-24,662.79,03-12-24,664.39,03-12-24,663.18,03-12-24,661.11,03-12-24,661.11
02-12-24,664.90,02-12-24,659.96,02-12-24,658.04,02-12-24,657.57,02-12-24,655.34,02-12-24,653.07,02-12-24,652.00,02-12-24,652.25,02-12-24,652.75,02-12-24,654.21,02-12-24,655.40,02-12-24,654.65,02-12-24,652.70,02-12-24,652.65
29-11-24,668.52,29-11-24,662.94,29-11-24,661.21,29-11-24,660.08,29-11-24,657.64,29-11-24,655.47,29-11-24,654.03,29-11-24,653.79,29-11-24,654.12,29-11-24,654.56,29-11-24,655.87,29-11-24,654.90,29-11-24,653.06,29-11-24,652.86
28-11-24,673.65,28-11-24,668.48,28-11-24,666.83,28-11-24,665.94,28-11-24,663.58,28-11-24,661.44,28-11-24,659.92,28-11-24,659.98,28-11-24,660.06,28-11-24,660.28,28-11-24,661.60,28-11-24,660.50,28-11-24,658.31,28-11-24,658.33
27-11-24,670.57,27-11-24,664.50,27-11-24,663.00,27-11-24,662.18,27-11-24,660.10,27-11-24,658.10,27-11-24,656.93,27-11-24,657.10,27-11-24,657.25,27-11-24,657.92,27-11-24,659.20,27-11-24,658.20,27-11-24,656.17,27-11-24,656.14
26-11-24,680.69,26-11-24,672.25,26-11-24,670.15,26-11-24,669.69,26-11-24,665.65,26-11-24,664.38,26-11-24,662.88,26-11-24,662.81,26-11-24,663.06,26-11-24,663.50,26-11-24,664.75,26-11-24,663.00,26-11-24,660.85,26-11-24,660.75
25-11-24,686.02,25-11-24,677.83,25-11-24,675.04,25-11-24,673.17,25-11-24,670.11,25-11-24,667.57,25-11-24,665.97,25-11-24,665.73,25-11-24,665.88,25-11-24,666.17,25-11-24,666.92,25-11-24,665.92,25-11-24,663.92,25-11-24,663.71
22-11-24,698.03,22-11-24,691.00,22-11-24,688.75,22-11-24,687.42,22-11-24,684.42,22-11-24,681.67,22-11-24,679.67,22-11-24,679.17,22-11-24,678.92,22-11-24,678.92,22-11-24,679.92,22-11-24,678.42,22-11-24,676.17,22-11-24,675.81
21-11-24,696.10,21-11-24,688.70,21-11-24,685.33,21-11-24,683.38,21-11-24,680.03,21-11-24,677.31,21-11-24,676.62,21-11-24,674.88,21-11-24,676.25,21-11-24,676.25,21-11-24,677.25,21-11-24,676.20,21-11-24,674.00,21-11-24,673.70
20-11-24,683.93,20-11-24,677.67,20-11-24,675.08,20-11-24,674.02,20-11-24,671.55,20-11-24,669.66,20-11-24,668.25,20-11-24,668.12,20-11-24,668.25,20-11-24,669.42,20-11-24,670.88,20-11-24,669.92,20-11-24,667.92,20-11-24,668.08
19-11-24,683.65,19-11-24,677.30,19-11-24,675.08,19-11-24,673.96,19-11-24,671.39,19-11-24,669.17,19-11-24,667.73,19-11-24,667.85,19-11-24,667.83,19-11-24,668.35,19-11-24,669.85,19-11-24,669.10,19-11-24,667.08,19-11-24,667.35
18-11-24,688.03,18-11-24,681.08,18-11-24,678.46,18-11-24,677.86,18-11-24,674.71,18-11-24,672.38,18-11-24,670.84,18-11-24,670.50,18-11-24,670.75,18-11-24,670.88,18-11-24,672.50,18-11-24,671.66,18-11-24,669.79,18-11-24,669.88
15-11-24,662.75,15-11-24,658.05,15-11-24,656.18,15-11-24,656.55,15-11-24,654.18,15-11-24,652.67,15-11-24,651.42,15-11-24,651.58,15-11-24,652.08,15-11-24,652.83,15-11-24,654.12,15-11-24,653.17,15-11-24,651.58,15-11-24,651.92
14-11-24,671.38,14-11-24,666.67,14-11-24,665.79,14-11-24,665.43,14-11-24,663.44,14-11-24,662.07,14-11-24,660.61,14-11-24,661.02,14-11-24,661.48,14-11-24,661.39,14-11-24,663.03,14-11-24,662.64,14-11-24,660.18,14-11-24,660.54
13-11-24,668.44,13-11-24,665.12,13-11-24,664.07,13-11-24,663.36,13-11-24,661.58,13-11-24,660.11,13-11-24,658.86,13-11-24,659.04,13-11-24,659.54,13-11-24,660.29,13-11-24,661.96,13-11-24,660.57,13-11-24,658.94,13-11-24,659.28
12-11-24,662.00,12-11-24,659.44,12-11-24,658.29,12-11-24,658.72,12-11-24,657.44,12-11-24,654.96,12-11-24,654.70,12-11-24,654.50,12-11-24,656.05,12-11-24,657.05,12-11-24,658.90,12-11-24,659.06,12-11-24,658.07,12-11-24,657.92
11-11-24,658.05,11-11-24,657.77,11-11-24,655.75,11-11-24,655.90,11-11-24,656.31,11-11-24,654.97,11-11-24,653.97,11-11-24,653.38,11-11-24,654.25,11-11-24,655.38,11-11-24,656.62,11-11-24,658.83,11-11-24,658.64,11-11-24,657.42
08-11-24,671.64,08-11-24,670.96,08-11-24,669.75,08-11-24,670.00,08-11-24,671.11,08-11-24,669.39,08-11-24,668.61,08-11-24,667.86,08-11-24,668.14,08-11-24,669.14,08-11-24,670.39,08-11-24,672.14,08-11-24,671.33,08-11-24,669.75
07-11-24,684.10,07-11-24,684.82,07-11-24,683.07,07-11-24,682.67,07-11-24,682.60,07-11-24,681.42,07-11-24,679.81,07-11-24,678.81,07-11-24,679.12,07-11-24,679.44,07-11-24,680.19,07-11-24,681.94,07-11-24,680.96,07-11-24,679.35
06-11-24,682.29,06-11-24,682.10,06-11-24,680.86,06-11-24,680.38,06-11-24,680.79,06-11-24,679.25,06-11-24,677.88,06-11-24,676.77,06-11-24,676.88,06-11-24,677.38,06-11-24,679.07,06-11-24,680.19,06-11-24,679.25,06-11-24,677.31
05-11-24,690.75,05-11-24,690.33,05-11-24,688.83,05-11-24,688.83,05-11-24,688.50,05-11-24,686.50,05-11-24,685.00,05-11-24,683.75,05-11-24,683.92,05-11-24,684.08,05-11-24,684.42,05-11-24,685.58,05-11-24,684.50,05-11-24,682.33
04-11-24,686.06,04-11-24,686.21,04-11-24,684.72,04-11-24,684.53,04-11-24,684.29,04-11-24,682.42,04-11-24,681.12,04-11-24,679.88,04-11-24,680.23,04-11-24,680.70,04-11-24,681.23,04-11-24,682.71,04-11-24,681.60,04-11-24,679.45
01-11-24,667.89,01-11-24,668.14,01-11-24,667.14,01-11-24,667.64,01-11-24,667.64,01-11-24,666.28,01-11-24,665.42,01-11-24,664.53,01-11-24,665.28,01-11-24,666.31,01-11-24,667.42,01-11-24,669.31,01-11-24,669.07,01-11-24,666.81
31-10-24,679.75,31-10-24,678.75,31-10-24,677.36,31-10-24,676.82,31-10-24,676.57,31-10-24,675.29,31-10-24,673.70,31-10-24,672.57,31-10-24,673.20,31-10-24,674.09,31-10-24,674.84,31-10-24,676.59,31-10-24,675.84,31-10-24,674.09
30-10-24,661.28,30-10-24,661.57,30-10-24,661.88,30-10-24,662.92,30-10-24,662.88,30-10-24,661.67,30-10-24,660.88,30-10-24,660.18,30-10-24,661.43,30-10-24,662.68,30-10-24,663.93,30-10-24,665.93,30-10-24,665.38,30-10-24,663.75
29-10-24,644.44,29-10-24,645.35,29-10-24,646.14,29-10-24,647.00,29-10-24,647.81,29-10-24,647.37,29-10-24,646.89,29-10-24,646.85,29-10-24,648.25,29-10-24,649.90,29-10-24,651.50,29-10-24,653.25,29-10-24,653.00,29-10-24,651.75
28-10-24,647.55,28-10-24,648.28,28-10-24,648.79,28-10-24,650.05,28-10-24,651.10,28-10-24,650.35,28-10-24,649.37,28-10-24,649.56,28-10-24,650.31,28-10-24,652.14,28-10-24,653.63,28-10-24,655.62,28-10-24,655.30,28-10-24,653.65
27-10-24,649.38,27-10-24,650.19,27-10-24,651.18,27-10-24,652.78,27-10-24,653.60,27-10-24,653.11,27-10-24,652.38,27-10-24,652.04,27-10-24,653.39,27-10-24,654.62,27-10-24,656.11,27-10-24,658.09,27-10-24,657.64,27-10-24,656.00
25-10-24,673.72,25-10-24,674.29,25-10-24,674.89,25-10-24,676.14,25-10-24,676.89,25-10-24,675.64,25-10-24,675.15,25-10-24,674.08,25-10-24,675.15,25-10-24,675.95,25-10-24,676.90,25-10-24,678.40,25-10-24,677.65,25-10-24,675.65
24-10-24,664.00,24-10-24,663.88,24-10-24,664.38,24-10-24,665.62,24-10-24,666.59,24-10-24,665.65,24-10-24,665.15,24-10-24,664.38,24-10-24,665.19,24-10-24,666.16,24-10-24,667.21,24-10-24,668.75,24-10-24,668.25,24-10-24,666.68
23-10-24,669.81,23-10-24,669.38,23-10-24,669.86,23-10-24,671.25,23-10-24,672.12,23-10-24,670.64,23-10-24,670.33,23-10-24,669.58,23-10-24,670.39,23-10-24,671.21,23-10-24,672.45,23-10-24,674.05,23-10-24,673.83,23-10-24,671.62
22-10-24,672.07,22-10-24,671.58,22-10-24,671.78,22-10-24,673.50,22-10-24,674.50,22-10-24,673.06,22-10-24,673.12,22-10-24,672.38,22-10-24,672.36,22-10-24,674.00,22-10-24,674.67,22-10-24,676.26,22-10-24,675.36,22-10-24,673.67
21-10-24,658.36,21-10-24,657.67,21-10-24,658.57,21-10-24,660.12,21-10-24,661.30,21-10-24,660.62,21-10-24,660.41,21-10-24,659.41,21-10-24,660.44,21-10-24,661.47,21-10-24,662.63,21-10-24,664.83,21-10-24,665.10,21-10-24,663.62
20-10-24,651.19,20-10-24,650.58,20-10-24,651.17,20-10-24,652.88,20-10-24,654.03,20-10-24,653.49,20-10-24,653.37,20-10-24,653.23,20-10-24,654.51,20-10-24,655.61,20-10-24,656.84,20-10-24,658.81,20-10-24,658.36,20-10-24,657.30
18-10-24,650.61,18-10-24,650.34,18-10-24,650.67,18-10-24,652.64,18-10-24,653.61,18-10-24,653.11,18-10-24,652.98,18-10-24,652.69,18-10-24,653.82,18-10-24,655.88,18-10-24,655.67,18-10-24,657.67,18-10-24,658.09,18-10-24,656.43
17-10-24,662.11,17-10-24,661.75,17-10-24,662.50,17-10-24,664.00,17-10-24,664.89,17-10-24,664.00,17-10-24,663.79,17-10-24,662.25,17-10-24,663.81,17-10-24,664.38,17-10-24,666.25,17-10-24,668.22,17-10-24,666.29,17-10-24,665.54
16-10-24,660.11,16-10-24,659.28,16-10-24,660.12,16-10-24,661.81,16-10-24,662.81,16-10-24,662.30,16-10-24,662.13,16-10-24,661.27,16-10-24,662.17,16-10-24,662.89,16-10-24,664.31,16-10-24,666.21,16-10-24,665.84,16-10-24,664.10
15-10-24,664.15,15-10-24,663.60,15-10-24,664.55,15-10-24,665.82,15-10-24,667.05,15-10-24,666.05,15-10-24,665.75,15-10-24,665.00,15-10-24,665.95,15-10-24,666.90,15-10-24,667.90,15-10-24,668.50,15-10-24,668.61,15-10-24,667.27
14-10-24,670.40,14-10-24,669.35,14-10-24,670.30,14-10-24,672.00,14-10-24,672.55,14-10-24,671.50,14-10-24,671.00,14-10-24,670.50,14-10-24,671.45,14-10-24,672.40,14-10-24,673.08,14-10-24,675.40,14-10-24,674.50,14-10-24,672.75
13-10-24,698.41,13-10-24,695.95,13-10-24,695.53,13-10-24,696.30,13-10-24,696.62,13-10-24,694.84,13-10-24,693.64,13-10-24,692.61,13-10-24,692.56,13-10-24,692.81,13-10-24,693.05,13-10-24,694.40,13-10-24,693.71,13-10-24,691.07
11-10-24,709.00,11-10-24,706.38,11-10-24,705.75,11-10-24,706.38,11-10-24,706.38,11-10-24,703.50,11-10-24,703.00,11-10-24,701.75,11-10-24,701.75,11-10-24,699.79,11-10-24,700.25,11-10-24,701.25,11-10-24,700.00,11-10-24,697.54
10-10-24,705.61,10-10-24,700.28,10-10-24,697.71,10-10-24,697.03,10-10-24,697.29,10-10-24,697.06,10-10-24,695.34,10-10-24,694.20,10-10-24,693.13,10-10-24,693.23,10-10-24,693.52,10-10-24,694.02,10-10-24,695.27,10-10-24,694.27
09-10-24,696.00,09-10-24,692.35,09-10-24,689.83,09-10-24,689.58,09-10-24,690.08,09-10-24,690.00,09-10-24,688.50,09-10-24,687.75,09-10-24,686.92,09-10-24,687.42,09-10-24,687.67,09-10-24,688.33,09-10-24,689.92,09-10-24,689.60
08-10-24,700.54,08-10-24,698.50,08-10-24,696.75,08-10-24,696.75,08-10-24,697.25,08-10-24,696.93,08-10-24,695.39,08-10-24,695.88,08-10-24,694.75,08-10-24,695.00,08-10-24,695.38,08-10-24,696.00,08-10-24,697.50,08-10-24,696.62
07-10-24,731.30,07-10-24,728.90,07-10-24,726.67,07-10-24,726.26,07-10-24,726.42,07-10-24,725.92,07-10-24,723.33,07-10-24,721.38,07-10-24,719.38,07-10-24,718.75,07-10-24,718.00,07-10-24,717.93,07-10-24,719.05,07-10-24,717.20
06-10-24,708.65,06-10-24,704.73,06-10-24,701.06,06-10-24,700.71,06-10-24,700.46,06-10-24,699.91,06-10-24,697.92,06-10-24,696.56,06-10-24,695.07,06-10-24,695.11,06-10-24,695.40,06-10-24,695.57,06-10-24,696.55,06-10-24,695.55
04-10-24,712.00,04-10-24,708.35,04-10-24,704.66,04-10-24,704.05,04-10-24,704.96,04-10-24,704.25,04-10-24,702.21,04-10-24,700.71,04-10-24,699.25,04-10-24,699.21,04-10-24,699.43,04-10-24,699.46,04-10-24,700.68,04-10-24,699.46
03-10-24,705.71,03-10-24,701.70,03-10-24,698.75,03-10-24,697.95,03-10-24,697.95,03-10-24,697.88,03-10-24,695.75,03-10-24,694.38,03-10-24,693.12,03-10-24,693.25,03-10-24,693.50,03-10-24,694.12,03-10-24,695.35,03-10-24,695.17
02-10-24,674.56,02-10-24,670.67,02-10-24,668.00,02-10-24,668.20,02-10-24,668.95,02-10-24,669.31,02-10-24,668.12,02-10-24,667.55,02-10-24,667.09,02-10-24,668.08,02-10-24,669.38,02-10-24,670.66,02-10-24,672.79,02-10-24,672.70
01-10-24,674.50,01-10-24,669.88,01-10-24,667.00,01-10-24,667.25,01-10-24,667.75,01-10-24,668.25,01-10-24,667.25,01-10-24,667.25,01-10-24,667.25,01-10-24,668.75,01-10-24,670.12,01-10-24,671.50,01-10-24,673.88,01-10-24,673.62
30-09-24,660.62,30-09-24,656.83,30-09-24,653.33,30-09-24,653.25,30-09-24,653.75,30-09-24,654.25,30-09-24,653.50,30-09-24,653.50,30-09-24,654.00,30-09-24,655.38,30-09-24,656.88,30-09-24,658.50,30-09-24,661.12,30-09-24,660.88
29-09-24,659.66,29-09-24,655.27,29-09-24,651.56,29-09-24,651.60,29-09-24,651.88,29-09-24,652.05,29-09-24,651.17,29-09-24,651.00,29-09-24,651.17,29-09-24,652.54,29-09-24,654.05,29-09-24,655.79,29-09-24,658.35,29-09-24,658.09
27-09-24,662.25,27-09-24,657.78,27-09-24,653.78,27-09-24,653.87,27-09-24,654.03,27-09-24,654.09,27-09-24,653.28,27-09-24,652.99,27-09-24,653.34,27-09-24,654.74,27-09-24,656.38,27-09-24,657.99,27-09-24,660.63,27-09-24,660.38
26-09-24,656.46,26-09-24,652.25,26-09-24,648.58,26-09-24,648.83,26-09-24,648.82,26-09-24,649.31,26-09-24,649.12,26-09-24,648.55,26-09-24,649.50,26-09-24,651.42,26-09-24,653.58,26-09-24,655.33,26-09-24,658.25,26-09-24,658.08
25-09-24,664.43,25-09-24,662.12,25-09-24,659.70,25-09-24,659.94,25-09-24,660.43,25-09-24,661.75,25-09-24,661.33,25-09-24,661.12,25-09-24,661.12,25-09-24,662.75,25-09-24,664.25,25-09-24,666.00,25-09-24,668.38,25-09-24,667.88
24-09-24,672.92,24-09-24,670.92,24-09-24,668.39,24-09-24,669.31,24-09-24,669.92,24-09-24,670.31,24-09-24,669.58,24-09-24,669.58,24-09-24,669.80,24-09-24,671.33,24-09-24,672.83,24-09-24,674.33,24-09-24,676.33,24-09-24,675.58
23-09-24,663.51,23-09-24,660.64,23-09-24,658.55,23-09-24,659.44,23-09-24,660.47,23-09-24,661.08,23-09-24,660.59,23-09-24,660.60,23-09-24,661.09,23-09-24,662.60,23-09-24,664.11,23-09-24,665.86,23-09-24,667.88,23-09-24,667.35
22-09-24,665.49,22-09-24,663.18,22-09-24,660.42,22-09-24,660.98,22-09-24,661.62,22-09-24,662.21,22-09-24,661.54,22-09-24,661.75,22-09-24,662.45,22-09-24,664.23,22-09-24,666.19,22-09-24,667.33,22-09-24,669.67,22-09-24,668.96
20-09-24,667.23,20-09-24,664.84,20-09-24,662.04,20-09-24,662.49,20-09-24,663.47,20-09-24,663.86,20-09-24,663.08,20-09-24,663.56,20-09-24,663.82,20-09-24,665.69,20-09-24,667.50,20-09-24,669.17,20-09-24,671.39,20-09-24,670.78
19-09-24,667.80,19-09-24,665.30,19-09-24,661.70,19-09-24,662.39,19-09-24,662.55,19-09-24,663.00,19-09-24,662.05,19-09-24,662.15,19-09-24,662.55,19-09-24,664.15,19-09-24,666.00,19-09-24,667.75,19-09-24,669.67,19-09-24,669.14
18-09-24,653.92,18-09-24,651.53,18-09-24,648.91,18-09-24,649.62,18-09-24,650.55,18-09-24,650.88,18-09-24,650.47,18-09-24,649.94,18-09-24,650.86,18-09-24,652.28,18-09-24,654.75,18-09-24,656.03,18-09-24,658.85,18-09-24,658.25
17-09-24,659.50,17-09-24,657.83,17-09-24,656.08,17-09-24,657.25,17-09-24,658.25,17-09-24,658.75,17-09-24,658.42,17-09-24,658.67,17-09-24,659.25,17-09-24,661.17,17-09-24,663.00,17-09-24,664.83,17-09-24,667.00,17-09-24,666.33
16-09-24,645.58,16-09-24,644.62,16-09-24,644.00,16-09-24,645.92,16-09-24,647.45,16-09-24,648.49,16-09-24,648.66,16-09-24,649.02,16-09-24,649.77,16-09-24,652.85,16-09-24,654.25,16-09-24,656.24,16-09-24,659.18,16-09-24,657.75
15-09-24,640.65,15-09-24,639.55,15-09-24,638.37,15-09-24,639.97,15-09-24,641.14,15-09-24,641.93,15-09-24,642.03,15-09-24,642.94,15-09-24,643.43,15-09-24,645.53,15-09-24,647.83,15-09-24,649.50,15-09-24,652.00,15-09-24,651.65
13-09-24,643.12,13-09-24,642.61,13-09-24,641.17,13-09-24,642.39,13-09-24,643.88,13-09-24,644.40,13-09-24,644.42,13-09-24,645.31,13-09-24,645.83,13-09-24,648.14,13-09-24,650.25,13-09-24,651.81,13-09-24,654.12,13-09-24,654.03
12-09-24,640.99,12-09-24,646.12,12-09-24,645.22,12-09-24,643.66,12-09-24,644.76,12-09-24,645.69,12-09-24,646.13,12-09-24,645.98,12-09-24,646.11,12-09-24,646.50,12-09-24,648.15,12-09-24,650.01,12-09-24,651.81,12-09-24,654.08
11-09-24,638.75,11-09-24,643.17,11-09-24,641.83,11-09-24,640.22,11-09-24,641.39,11-09-24,641.94,11-09-24,642.08,11-09-24,641.58,11-09-24,641.78,11-09-24,642.10,11-09-24,643.75,11-09-24,645.75,11-09-24,647.33,11-09-24,649.75
10-09-24,630.75,10-09-24,634.67,10-09-24,633.44,10-09-24,631.85,10-09-24,632.72,10-09-24,633.40,10-09-24,633.96,10-09-24,633.20,10-09-24,633.70,10-09-24,634.20,10-09-24,636.00,10-09-24,638.05,10-09-24,639.80,10-09-24,642.30
09-09-24,655.00,09-09-24,658.10,09-09-24,656.50,09-09-24,653.67,09-09-24,653.75,09-09-24,654.38,09-09-24,654.12,09-09-24,652.52,09-09-24,653.31,09-09-24,652.60,09-09-24,655.00,09-09-24,655.61,09-09-24,657.11,09-09-24,659.94
08-09-24,657.22,08-09-24,659.99,08-09-24,658.60,08-09-24,656.42,08-09-24,656.95,08-09-24,657.38,08-09-24,656.95,08-09-24,656.12,08-09-24,656.10,08-09-24,656.08,08-09-24,657.46,08-09-24,659.03,08-09-24,660.43,08-09-24,662.22
06-09-24,650.52,06-09-24,653.88,06-09-24,653.23,06-09-24,651.79,06-09-24,652.68,06-09-24,653.32,06-09-24,653.32,06-09-24,652.62,06-09-24,653.32,06-09-24,653.25,06-09-24,654.86,06-09-24,656.22,06-09-24,657.50,06-09-24,659.75
05-09-24,664.12,05-09-24,667.14,05-09-24,665.86,05-09-24,663.43,05-09-24,663.86,05-09-24,664.29,05-09-24,663.61,05-09-24,662.79,05-09-24,662.71,05-09-24,662.17,05-09-24,663.25,05-09-24,664.33,05-09-24,665.64,05-09-24,667.39
04-09-24,658.89,04-09-24,662.82,04-09-24,661.83,04-09-24,660.83,04-09-24,661.43,04-09-24,661.68,04-09-24,661.20,04-09-24,660.35,04-09-24,660.20,04-09-24,659.95,04-09-24,661.00,04-09-24,662.15,04-09-24,662.90,04-09-24,664.04
03-09-24,676.12,03-09-24,678.65,03-09-24,676.43,03-09-24,672.93,03-09-24,672.86,03-09-24,672.61,03-09-24,671.36,03-09-24,669.86,03-09-24,669.29,03-09-24,668.61,03-09-24,669.29,03-09-24,669.96,03-09-24,670.54,03-09-24,671.96
02-09-24,696.94,02-09-24,700.29,02-09-24,698.58,02-09-24,695.32,02-09-24,694.84,02-09-24,694.35,02-09-24,692.97,02-09-24,690.89,02-09-24,689.75,02-09-24,688.60,02-09-24,688.84,02-09-24,689.04,02-09-24,689.29,02-09-24,690.29
01-09-24,691.27,01-09-24,695.34,01-09-24,694.42,01-09-24,691.80,01-09-24,691.59,01-09-24,691.38,01-09-24,690.03,01-09-24,688.21,01-09-24,687.19,01-09-24,686.10,01-09-24,686.15,01-09-24,686.65,01-09-24,686.95,01-09-24,687.95
30-08-24,695.00,30-08-24,699.12,30-08-24,698.20,30-08-24,696.42,30-08-24,695.35,30-08-24,696.18,30-08-24,693.50,30-08-24,692.43,30-08-24,690.50,30-08-24,689.62,30-08-24,689.75,30-08-24,690.67,30-08-24,690.75,30-08-24,691.67
29-08-24,703.56,29-08-24,708.30,29-08-24,707.61,29-08-24,705.67,29-08-24,705.88,29-08-24,705.62,29-08-24,703.44,29-08-24,702.45,29-08-24,700.50,29-08-24,699.45,29-08-24,699.70,29-08-24,700.62,29-08-24,700.62,29-08-24,702.33
28-08-24,686.88,28-08-24,691.83,28-08-24,692.04,28-08-24,690.96,28-08-24,691.19,28-08-24,691.19,28-08-24,690.41,28-08-24,688.91,28-08-24,687.88,28-08-24,687.21,28-08-24,687.50,28-08-24,688.69,28-08-24,688.95,28-08-24,690.19
27-08-24,706.59,27-08-24,710.83,27-08-24,710.25,27-08-24,707.88,27-08-24,707.75,27-08-24,707.56,27-08-24,706.30,27-08-24,704.67,27-08-24,703.53,27-08-24,702.47,27-08-24,702.81,27-08-24,703.14,27-08-24,703.88,27-08-24,705.06
26-08-24,724.17,26-08-24,727.42,26-08-24,725.67,26-08-24,721.92,26-08-24,721.08,26-08-24,720.58,26-08-24,718.83,26-08-24,716.58,26-08-24,715.00,26-08-24,713.75,26-08-24,713.92,26-08-24,714.08,26-08-24,713.83,26-08-24,713.80
25-08-24,711.93,25-08-24,715.36,25-08-24,713.80,25-08-24,710.28,25-08-24,709.71,25-08-24,709.38,25-08-24,708.12,25-08-24,706.38,25-08-24,705.03,25-08-24,704.05,25-08-24,704.27,25-08-24,704.42,25-08-24,704.70,25-08-24,705.61
23-08-24,708.61,23-08-24,711.64,23-08-24,710.19,23-08-24,706.46,23-08-24,705.88,23-08-24,705.56,23-08-24,704.31,23-08-24,702.61,23-08-24,701.36,23-08-24,700.31,23-08-24,700.36,23-08-24,700.61,23-08-24,700.86,23-08-24,702.11
22-08-24,698.25,22-08-24,702.28,22-08-24,700.78,22-08-24,696.62,22-08-24,697.03,22-08-24,696.82,22-08-24,695.57,22-08-24,694.04,22-08-24,692.85,22-08-24,692.04,22-08-24,692.29,22-08-24,692.50,22-08-24,693.04,22-08-24,694.46
21-08-24,690.00,21-08-24,693.58,21-08-24,691.88,21-08-24,689.50,21-08-24,688.75,21-08-24,688.75,21-08-24,688.44,21-08-24,687.12,21-08-24,686.19,21-08-24,685.38,21-08-24,685.81,21-08-24,686.25,21-08-24,686.50,21-08-24,687.69
20-08-24,697.50,20-08-24,700.88,20-08-24,699.50,20-08-24,696.33,20-08-24,696.75,20-08-24,696.75,20-08-24,695.75,20-08-24,693.92,20-08-24,693.12,20-08-24,691.67,20-08-24,691.75,20-08-24,691.75,20-08-24,692.00,20-08-24,692.83
19-08-24,697.98,19-08-24,701.71,19-08-24,700.95,19-08-24,698.48,19-08-24,698.95,19-08-24,699.20,19-08-24,698.67,19-08-24,697.38,19-08-24,696.38,19-08-24,695.08,19-08-24,695.25,19-08-24,695.50,19-08-24,695.92,19-08-24,697.08
18-08-24,714.11,18-08-24,717.39,18-08-24,715.80,18-08-24,712.40,18-08-24,711.77,18-08-24,711.45,18-08-24,709.96,18-08-24,707.78,18-08-24,706.18,18-08-24,704.70,18-08-24,704.42,18-08-24,704.57,18-08-24,704.67,18-08-24,705.95
16-08-24,717.12,16-08-24,720.12,16-08-24,718.00,16-08-24,714.50,16-08-24,714.22,16-08-24,713.72,16-08-24,711.98,16-08-24,709.60,16-08-24,708.32,16-08-24,706.35,16-08-24,706.62,16-08-24,707.25,16-08-24,706.36,16-08-24,706.60
15-08-24,731.75,15-08-24,734.88,15-08-24,732.62,15-08-24,728.75,15-08-24,727.88,15-08-24,726.88,15-08-24,724.90,15-08-24,722.75,15-08-24,720.40,15-08-24,718.30,15-08-24,717.50,15-08-24,718.33,15-08-24,718.25,15-08-24,718.00
14-08-24,730.50,14-08-24,732.88,14-08-24,730.25,14-08-24,725.88,14-08-24,724.62,14-08-24,723.75,14-08-24,722.00,14-08-24,719.62,14-08-24,717.50,14-08-24,715.50,14-08-24,715.12,14-08-24,714.88,14-08-24,714.75,14-08-24,715.50
13-08-24,735.19,13-08-24,738.15,13-08-24,735.15,13-08-24,730.95,13-08-24,729.65,13-08-24,728.65,13-08-24,726.65,13-08-24,724.10,13-08-24,721.80,13-08-24,719.60,13-08-24,719.05,13-08-24,718.75,13-08-24,718.25,13-08-24,718.75
12-08-24,725.22,12-08-24,728.08,12-08-24,730.97,12-08-24,728.12,12-08-24,724.12,12-08-24,722.58,12-08-24,721.70,12-08-24,720.02,12-08-24,717.60,12-08-24,715.41,12-08-24,713.33,12-08-24,712.99,12-08-24,712.40,12-08-24,712.49
11-08-24,717.04,11-08-24,720.40,11-08-24,723.77,11-08-24,721.12,11-08-24,717.02,11-08-24,715.86,11-08-24,714.85,11-08-24,713.12,11-08-24,711.14,11-08-24,708.88,11-08-24,706.61,11-08-24,706.22,11-08-24,706.26,11-08-24,706.97
09-08-24,715.20,09-08-24,718.56,09-08-24,722.06,09-08-24,719.31,09-08-24,715.29,09-08-24,714.13,09-08-24,713.33,09-08-24,711.68,09-08-24,709.18,09-08-24,707.07,09-08-24,705.18,09-08-24,704.82,09-08-24,704.75,09-08-24,704.85
08-08-24,722.62,08-08-24,724.67,08-08-24,727.17,08-08-24,723.86,08-08-24,718.96,08-08-24,717.71,08-08-24,716.71,08-08-24,714.71,08-08-24,712.17,08-08-24,709.88,08-08-24,707.88,08-08-24,707.55,08-08-24,707.54,08-08-24,707.71
07-08-24,722.53,07-08-24,724.88,07-08-24,726.72,07-08-24,722.97,07-08-24,717.97,07-08-24,716.22,07-08-24,714.97,07-08-24,712.97,07-08-24,709.88,07-08-24,707.88,07-08-24,705.72,07-08-24,705.12,07-08-24,704.78,07-08-24,704.69
06-08-24,702.00,06-08-24,705.00,06-08-24,707.95,06-08-24,704.70,06-08-24,698.55,06-08-24,698.42,06-08-24,696.60,06-08-24,694.81,06-08-24,692.20,06-08-24,692.13,06-08-24,690.44,06-08-24,688.62,06-08-24,690.09,06-08-24,690.44
05-08-24,713.08,05-08-24,716.00,05-08-24,718.33,05-08-24,715.33,05-08-24,711.08,05-08-24,710.25,05-08-24,709.25,05-08-24,707.42,05-08-24,704.92,05-08-24,702.83,05-08-24,701.25,05-08-24,701.00,05-08-24,701.00,05-08-24,701.25
04-08-24,714.98,04-08-24,716.99,04-08-24,718.95,04-08-24,714.99,04-08-24,709.98,04-08-24,708.92,04-08-24,707.67,04-08-24,705.62,04-08-24,702.67,04-08-24,700.44,04-08-24,698.39,04-08-24,697.95,04-08-24,697.85,04-08-24,698.03
02-08-24,717.58,02-08-24,719.83,02-08-24,720.92,02-08-24,717.17,02-08-24,712.10,02-08-24,711.10,02-08-24,709.95,02-08-24,708.21,02-08-24,705.36,02-08-24,703.00,02-08-24,701.00,02-08-24,700.39,02-08-24,700.29,02-08-24,699.85
01-08-24,740.93,01-08-24,743.18,01-08-24,744.71,01-08-24,740.71,01-08-24,735.42,01-08-24,734.00,01-08-24,732.50,01-08-24,730.25,01-08-24,726.83,01-08-24,724.08,01-08-24,721.50,01-08-24,721.00,01-08-24,720.50,01-08-24,720.25
31-07-24,747.56,31-07-24,750.05,31-07-24,752.65,31-07-24,748.50,31-07-24,743.25,31-07-24,741.83,31-07-24,741.60,31-07-24,737.58,31-07-24,733.92,31-07-24,731.00,31-07-24,728.50,31-07-24,727.33,31-07-24,726.50,31-07-24,726.36
30-07-24,724.73,30-07-24,727.43,30-07-24,729.67,30-07-24,726.12,30-07-24,721.34,30-07-24,720.44,30-07-24,719.50,30-07-24,717.25,30-07-24,714.50,30-07-24,712.25,30-07-24,710.25,30-07-24,709.88,30-07-24,709.88,30-07-24,710.00
29-07-24,732.75,29-07-24,734.50,29-07-24,736.25,29-07-24,732.17,29-07-24,727.00,29-07-24,725.92,29-07-24,724.58,29-07-24,722.33,29-07-24,719.08,29-07-24,716.58,29-07-24,714.58,29-07-24,714.00,29-07-24,713.92,29-07-24,713.75
28-07-24,747.47,28-07-24,749.12,28-07-24,750.68,28-07-24,746.35,28-07-24,740.74,28-07-24,739.19,28-07-24,737.93,28-07-24,735.00,28-07-24,731.30,28-07-24,728.23,28-07-24,725.68,28-07-24,724.60,28-07-24,723.92,28-07-24,723.80
26-07-24,741.25,26-07-24,743.89,26-07-24,745.04,26-07-24,741.53,26-07-24,736.03,26-07-24,734.67,26-07-24,733.31,26-07-24,731.62,26-07-24,727.93,26-07-24,724.59,26-07-24,721.94,26-07-24,721.08,26-07-24,718.19,26-07-24,719.25
25-07-24,758.40,25-07-24,759.67,25-07-24,760.90,25-07-24,755.90,25-07-24,749.90,25-07-24,748.00,25-07-24,746.00,25-07-24,743.12,25-07-24,739.12,25-07-24,735.75,25-07-24,732.62,25-07-24,731.25,25-07-24,730.25,25-07-24,729.14
24-07-24,750.33,24-07-24,751.33,24-07-24,752.58,24-07-24,748.00,24-07-24,742.33,24-07-24,740.33,24-07-24,738.50,24-07-24,735.50,24-07-24,731.25,24-07-24,728.00,24-07-24,725.92,24-07-24,724.38,24-07-24,724.25,24-07-24,723.75
23-07-24,742.50,23-07-24,743.88,23-07-24,745.16,23-07-24,741.11,23-07-24,735.96,23-07-24,734.14,23-07-24,732.42,23-07-24,730.00,23-07-24,726.32,23-07-24,723.54,23-07-24,721.00,23-07-24,719.82,23-07-24,719.07,23-07-24,718.67
22-07-24,747.65,22-07-24,749.15,22-07-24,750.75,22-07-24,747.25,22-07-24,742.67,22-07-24,741.00,22-07-24,739.58,22-07-24,737.00,22-07-24,733.42,22-07-24,730.42,22-07-24,727.67,22-07-24,726.50,22-07-24,725.75,22-07-24,725.08
21-07-24,747.93,21-07-24,749.83,21-07-24,751.70,21-07-24,748.68,21-07-24,744.35,21-07-24,742.65,21-07-24,741.03,21-07-24,738.47,21-07-24,734.80,21-07-24,731.58,21-07-24,728.73,21-07-24,727.39,21-07-24,726.86,21-07-24,725.91
19-07-24,744.54,19-07-24,745.81,19-07-24,748.00,19-07-24,744.85,19-07-24,740.50,19-07-24,739.00,19-07-24,737.35,19-07-24,734.85,19-07-24,731.35,19-07-24,728.20,19-07-24,725.60,19-07-24,724.30,19-07-24,723.30,19-07-24,722.44
18-07-24,760.94,18-07-24,763.75,18-07-24,765.54,18-07-24,762.57,18-07-24,757.79,18-07-24,756.04,18-07-24,754.23,18-07-24,751.48,18-07-24,747.67,18-07-24,744.37,18-07-24,740.33,18-07-24,738.50,18-07-24,737.50,18-07-24,736.50
17-07-24,767.99,17-07-24,769.50,17-07-24,770.95,17-07-24,767.00,17-07-24,761.58,17-07-24,759.75,17-07-24,757.75,17-07-24,754.75,17-07-24,750.92,17-07-24,747.08,17-07-24,744.70,17-07-24,743.15,17-07-24,741.85,17-07-24,740.80
16-07-24,760.00,16-07-24,761.10,16-07-24,762.35,16-07-24,759.25,16-07-24,753.12,16-07-24,751.50,16-07-24,750.97,16-07-24,748.33,16-07-24,744.92,16-07-24,740.40,16-07-24,737.78,16-07-24,736.40,16-07-24,735.40,16-07-24,734.40
15-07-24,773.31,15-07-24,773.75,15-07-24,774.56,15-07-24,770.35,15-07-24,765.00,15-07-24,763.06,15-07-24,761.31,15-07-24,758.06,15-07-24,753.88,15-07-24,750.19,15-07-24,747.08,15-07-24,745.17,15-07-24,743.75,15-07-24,742.58
14-07-24,772.36,14-07-24,772.56,14-07-24,773.47,14-07-24,769.44,14-07-24,763.19,14-07-24,761.37,14-07-24,759.48,14-07-24,756.24,14-07-24,751.96,14-07-24,748.37,14-07-24,745.42,14-07-24,743.50,14-07-24,741.97,14-07-24,740.94
12-07-24,772.19,12-07-24,772.67,12-07-24,773.62,12-07-24,769.58,12-07-24,763.58,12-07-24,761.81,12-07-24,760.19,12-07-24,757.00,12-07-24,752.83,12-07-24,749.38,12-07-24,746.12,12-07-24,744.31,12-07-24,743.00,12-07-24,742.07
11-07-24,780.91,11-07-24,777.09,11-07-24,777.67,11-07-24,778.51,11-07-24,775.00,11-07-24,769.30,11-07-24,767.48,11-07-24,765.75,11-07-24,762.48,11-07-24,758.14,11-07-24,754.39,11-07-24,750.95,11-07-24,748.90,11-07-24,747.38
10-07-24,774.12,10-07-24,772.96,10-07-24,774.20,10-07-24,775.21,10-07-24,771.75,10-07-24,766.25,10-07-24,764.50,10-07-24,762.55,10-07-24,759.10,10-07-24,754.83,10-07-24,751.15,10-07-24,748.10,10-07-24,746.15,10-07-24,744.45
09-07-24,776.06,09-07-24,775.29,09-07-24,776.88,09-07-24,777.60,09-07-24,774.29,09-07-24,768.31,09-07-24,766.72,09-07-24,765.21,09-07-24,761.90,09-07-24,757.80,09-07-24,754.30,09-07-24,750.75,09-07-24,749.85,09-07-24,747.50
08-07-24,784.46,08-07-24,785.36,08-07-24,785.62,08-07-24,786.96,08-07-24,782.96,08-07-24,776.96,08-07-24,774.96,08-07-24,773.07,08-07-24,770.07,08-07-24,765.75,08-07-24,762.25,08-07-24,759.25,08-07-24,757.46,08-07-24,755.92
07-07-24,794.06,07-07-24,794.91,07-07-24,795.72,07-07-24,796.21,07-07-24,791.69,07-07-24,784.97,07-07-24,782.36,07-07-24,779.77,07-07-24,776.02,07-07-24,771.05,07-07-24,767.12,07-07-24,763.49,07-07-24,761.61,07-07-24,759.97
05-07-24,801.00,05-07-24,801.02,05-07-24,800.92,05-07-24,801.38,05-07-24,796.62,05-07-24,789.00,05-07-24,786.17,05-07-24,783.42,05-07-24,779.58,05-07-24,774.50,05-07-24,770.42,05-07-24,766.83,05-07-24,764.75,05-07-24,762.38
04-07-24,802.95,04-07-24,803.68,04-07-24,804.08,04-07-24,804.69,04-07-24,799.82,04-07-24,792.88,04-07-24,789.93,04-07-24,786.99,04-07-24,783.22,04-07-24,778.67,04-07-24,774.43,04-07-24,770.70,04-07-24,768.67,04-07-24,767.15
03-07-24,801.60,03-07-24,801.17,03-07-24,802.81,03-07-24,803.58,03-07-24,798.17,03-07-24,791.17,03-07-24,788.08,03-07-24,785.08,03-07-24,781.50,03-07-24,776.75,03-07-24,772.67,03-07-24,768.92,03-07-24,766.75,03-07-24,765.00
02-07-24,808.62,02-07-24,808.42,02-07-24,807.47,02-07-24,807.39,02-07-24,801.08,02-07-24,792.81,02-07-24,789.35,02-07-24,786.13,02-07-24,782.08,02-07-24,776.92,02-07-24,773.83,02-07-24,769.75,02-07-24,767.62,02-07-24,765.75
01-07-24,802.88,01-07-24,801.35,01-07-24,801.10,01-07-24,800.90,01-07-24,795.25,01-07-24,787.60,01-07-24,784.35,01-07-24,781.15,01-07-24,777.35,01-07-24,772.50,01-07-24,768.32,01-07-24,764.82,01-07-24,762.88,01-07-24,761.06
30-06-24,788.86,30-06-24,787.03,30-06-24,786.97,30-06-24,787.19,30-06-24,781.69,30-06-24,774.60,30-06-24,771.71,30-06-24,768.96,30-06-24,765.62,30-06-24,761.45,30-06-24,757.44,30-06-24,754.35,30-06-24,752.40,30-06-24,750.70
28-06-24,784.86,28-06-24,783.43,28-06-24,783.68,28-06-24,784.11,28-06-24,779.19,28-06-24,772.19,28-06-24,769.44,28-06-24,766.89,28-06-24,762.58,28-06-24,758.25,28-06-24,754.75,28-06-24,752.94,28-06-24,751.44,28-06-24,749.94
27-06-24,793.12,27-06-24,790.58,27-06-24,789.92,27-06-24,790.33,27-06-24,784.83,27-06-24,777.58,27-06-24,774.50,27-06-24,771.67,27-06-24,767.92,27-06-24,763.42,27-06-24,759.58,27-06-24,756.17,27-06-24,754.33,27-06-24,752.92
26-06-24,788.00,26-06-24,785.75,26-06-24,785.12,26-06-24,785.40,26-06-24,780.62,26-06-24,773.90,26-06-24,771.12,26-06-24,767.83,26-06-24,764.50,26-06-24,760.17,26-06-24,756.67,26-06-24,753.50,26-06-24,751.83,26-06-24,750.33
25-06-24,782.60,25-06-24,780.60,25-06-24,780.12,25-06-24,780.50,25-06-24,775.75,25-06-24,769.25,25-06-24,766.40,25-06-24,763.65,25-06-24,760.50,25-06-24,756.40,25-06-24,752.92,25-06-24,749.50,25-06-24,748.42,25-06-24,747.05
24-06-24,786.53,24-06-24,784.72,24-06-24,784.50,24-06-24,784.79,24-06-24,780.04,24-06-24,773.75,24-06-24,770.79,24-06-24,767.86,24-06-24,764.92,24-06-24,760.67,24-06-24,757.08,24-06-24,753.92,24-06-24,752.08,24-06-24,750.83
23-06-24,774.59,23-06-24,772.95,23-06-24,772.84,23-06-24,773.31,23-06-24,768.88,23-06-24,762.60,23-06-24,759.68,23-06-24,757.36,23-06-24,754.00,23-06-24,750.06,23-06-24,747.04,23-06-24,744.15,23-06-24,742.46,23-06-24,741.05
21-06-24,775.73,21-06-24,774.05,21-06-24,774.50,21-06-24,774.48,21-06-24,770.46,21-06-24,764.46,21-06-24,761.67,21-06-24,759.17,21-06-24,756.12,21-06-24,752.33,21-06-24,748.50,21-06-24,745.62,21-06-24,744.00,21-06-24,742.75
20-06-24,785.15,20-06-24,782.42,20-06-24,781.28,20-06-24,781.31,20-06-24,776.06,20-06-24,769.45,20-06-24,766.58,20-06-24,763.67,20-06-24,760.17,20-06-24,756.91,20-06-24,753.12,20-06-24,750.00,20-06-24,748.25,20-06-24,747.00
19-06-24,792.38,19-06-24,787.69,19-06-24,785.78,19-06-24,785.54,19-06-24,780.19,19-06-24,773.34,19-06-24,769.78,19-06-24,766.99,19-06-24,763.57,19-06-24,759.32,19-06-24,755.60,19-06-24,752.44,19-06-24,750.53,19-06-24,748.78
18-06-24,784.30,18-06-24,781.06,18-06-24,780.31,18-06-24,780.57,18-06-24,775.82,18-06-24,769.57,18-06-24,766.39,18-06-24,764.07,18-06-24,761.08,18-06-24,757.08,18-06-24,753.83,18-06-24,750.91,18-06-24,749.14,18-06-24,747.61
17-06-24,769.62,17-06-24,768.55,17-06-24,768.30,17-06-24,768.98,17-06-24,764.73,17-06-24,758.07,17-06-24,755.90,17-06-24,752.93,17-06-24,749.20,17-06-24,746.00,17-06-24,742.23,17-06-24,739.48,17-06-24,738.42,17-06-24,737.00
16-06-24,761.72,16-06-24,760.87,16-06-24,760.77,16-06-24,761.51,16-06-24,757.48,16-06-24,751.78,16-06-24,749.18,16-06-24,747.16,16-06-24,744.15,16-06-24,740.52,16-06-24,737.78,16-06-24,734.89,16-06-24,733.46,16-06-24,732.29
14-06-24,762.94,14-06-24,761.94,14-06-24,761.89,14-06-24,761.75,14-06-24,758.44,14-06-24,751.88,14-06-24,749.83,14-06-24,747.38,14-06-24,745.29,14-06-24,741.79,14-06-24,737.85,14-06-24,735.25,14-06-24,733.86,14-06-24,732.72
13-06-24,764.45,13-06-24,763.90,13-06-24,764.12,13-06-24,764.50,13-06-24,760.37,13-06-24,754.37,13-06-24,752.09,13-06-24,750.34,13-06-24,747.80,13-06-24,744.52,13-06-24,741.49,13-06-24,738.55,13-06-24,737.21,13-06-24,736.17
12-06-24,760.53,12-06-24,755.49,12-06-24,756.11,12-06-24,757.74,12-06-24,759.72,12-06-24,755.99,12-06-24,750.49,12-06-24,748.49,12-06-24,746.74,12-06-24,744.21,12-06-24,740.91,12-06-24,738.17,12-06-24,735.41,12-06-24,734.31
11-06-24,751.67,11-06-24,749.33,11-06-24,750.98,11-06-24,752.68,11-06-24,754.91,11-06-24,751.41,11-06-24,746.18,11-06-24,744.36,11-06-24,743.39,11-06-24,740.12,11-06-24,737.88,11-06-24,734.62,11-06-24,732.04,11-06-24,731.15
10-06-24,743.69,10-06-24,744.96,10-06-24,746.42,10-06-24,748.03,10-06-24,751.21,10-06-24,747.68,10-06-24,742.64,10-06-24,741.18,10-06-24,739.93,10-06-24,738.09,10-06-24,734.38,10-06-24,732.67,10-06-24,730.44,10-06-24,730.12
09-06-24,724.77,09-06-24,726.23,09-06-24,728.04,09-06-24,730.32,09-06-24,732.74,09-06-24,730.12,09-06-24,725.73,09-06-24,724.97,09-06-24,723.97,09-06-24,722.22,09-06-24,719.70,09-06-24,717.64,09-06-24,715.65,09-06-24,715.42
07-06-24,724.91,07-06-24,726.24,07-06-24,728.23,07-06-24,730.47,07-06-24,732.97,07-06-24,730.22,07-06-24,725.49,07-06-24,724.73,07-06-24,723.71,07-06-24,721.99,07-06-24,719.48,07-06-24,717.48,07-06-24,715.68,07-06-24,715.39
06-06-24,722.91,06-06-24,724.63,06-06-24,726.88,06-06-24,730.00,06-06-24,731.88,06-06-24,729.13,06-06-24,725.00,06-06-24,723.66,06-06-24,723.25,06-06-24,721.50,06-06-24,718.91,06-06-24,718.00,06-06-24,716.03,06-06-24,715.78
05-06-24,709.85,05-06-24,712.38,05-06-24,714.64,05-06-24,717.70,05-06-24,720.50,05-06-24,717.94,05-06-24,713.67,05-06-24,713.38,05-06-24,712.92,05-06-24,711.03,05-06-24,708.83,05-06-24,707.25,05-06-24,705.66,05-06-24,705.44
04-06-24,702.75,04-06-24,705.05,04-06-24,707.40,04-06-24,711.59,04-06-24,713.62,04-06-24,711.33,04-06-24,707.40,04-06-24,707.25,04-06-24,706.85,04-06-24,705.85,04-06-24,703.44,04-06-24,702.19,04-06-24,701.19,04-06-24,701.25
03-06-24,706.00,03-06-24,708.60,03-06-24,711.65,03-06-24,715.25,03-06-24,718.00,03-06-24,717.40,03-06-24,713.00,03-06-24,712.75,03-06-24,712.50,03-06-24,711.50,03-06-24,709.75,03-06-24,708.25,03-06-24,707.08,03-06-24,707.38
02-06-24,729.28,02-06-24,731.89,02-06-24,734.54,02-06-24,737.80,02-06-24,740.73,02-06-24,738.73,02-06-24,734.42,02-06-24,733.45,02-06-24,732.64,02-06-24,730.68,02-06-24,727.88,02-06-24,725.88,02-06-24,724.07,02-06-24,723.32
31-05-24,732.50,31-05-24,735.00,31-05-24,738.50,31-05-24,741.50,31-05-24,743.25,31-05-24,741.33,31-05-24,736.83,31-05-24,735.92,31-05-24,735.00,31-05-24,733.25,31-05-24,730.83,31-05-24,728.67,31-05-24,726.92,31-05-24,726.61
30-05-24,733.78,30-05-24,736.61,30-05-24,739.67,30-05-24,742.68,30-05-24,745.82,30-05-24,743.43,30-05-24,738.75,30-05-24,737.75,30-05-24,736.54,30-05-24,734.58,30-05-24,731.88,30-05-24,729.88,30-05-24,727.92,30-05-24,726.96
29-05-24,747.94,29-05-24,750.44,29-05-24,753.08,29-05-24,756.08,29-05-24,758.45,29-05-24,755.92,29-05-24,750.50,29-05-24,748.81,29-05-24,747.05,29-05-24,744.75,29-05-24,741.80,29-05-24,739.35,29-05-24,736.85,29-05-24,735.45
28-05-24,761.69,28-05-24,763.04,28-05-24,765.15,28-05-24,767.40,28-05-24,769.20,28-05-24,766.15,28-05-24,759.90,28-05-24,757.90,28-05-24,755.70,28-05-24,752.95,28-05-24,749.75,28-05-24,747.00,28-05-24,744.83,28-05-24,743.05
27-05-24,749.26,27-05-24,751.05,27-05-24,753.33,27-05-24,755.78,27-05-24,757.96,27-05-24,755.21,27-05-24,749.42,27-05-24,747.61,27-05-24,745.83,27-05-24,743.33,27-05-24,740.55,27-05-24,738.25,27-05-24,736.08,27-05-24,735.00
26-05-24,742.46,26-05-24,744.59,26-05-24,747.14,26-05-24,749.46,26-05-24,751.34,26-05-24,748.48,26-05-24,742.58,26-05-24,740.79,26-05-24,739.01,26-05-24,736.47,26-05-24,733.88,26-05-24,731.81,26-05-24,729.50,26-05-24,728.38
24-05-24,741.29,24-05-24,743.55,24-05-24,745.85,24-05-24,748.10,24-05-24,750.15,24-05-24,746.95,24-05-24,741.15,24-05-24,739.20,24-05-24,737.70,24-05-24,735.50,24-05-24,732.55,24-05-24,730.35,24-05-24,728.44,24-05-24,727.25
23-05-24,740.11,23-05-24,742.19,23-05-24,744.88,23-05-24,747.39,23-05-24,749.38,23-05-24,746.29,23-05-24,740.29,23-05-24,737.88,23-05-24,736.93,23-05-24,734.57,23-05-24,731.71,23-05-24,728.75,23-05-24,726.75,23-05-24,725.31
22-05-24,743.12,22-05-24,745.50,22-05-24,747.13,22-05-24,749.15,22-05-24,750.91,22-05-24,747.41,22-05-24,741.45,22-05-24,739.50,22-05-24,737.75,22-05-24,735.30,22-05-24,732.55,22-05-24,730.35,22-05-24,728.30,22-05-24,726.85
21-05-24,754.05,21-05-24,756.61,21-05-24,758.25,21-05-24,760.32,21-05-24,762.32,21-05-24,758.57,21-05-24,752.07,21-05-24,750.18,21-05-24,748.18,21-05-24,745.80,21-05-24,742.00,21-05-24,739.53,21-05-24,737.03,21-05-24,735.33
20-05-24,761.72,20-05-24,764.00,20-05-24,765.62,20-05-24,767.54,20-05-24,769.38,20-05-24,765.38,20-05-24,758.50,20-05-24,756.25,20-05-24,754.00,20-05-24,751.25,20-05-24,747.83,20-05-24,745.17,20-05-24,742.42,20-05-24,740.50
19-05-24,761.81,19-05-24,763.71,19-05-24,765.68,19-05-24,767.39,19-05-24,769.04,19-05-24,765.02,19-05-24,758.46,19-05-24,756.20,19-05-24,753.91,19-05-24,750.82,19-05-24,747.47,19-05-24,744.75,19-05-24,742.38,19-05-24,740.81
17-05-24,764.88,17-05-24,766.44,17-05-24,768.33,17-05-24,769.88,17-05-24,771.62,17-05-24,767.62,17-05-24,761.12,17-05-24,758.78,17-05-24,756.53,17-05-24,753.62,17-05-24,750.28,17-05-24,747.69,17-05-24,745.19,17-05-24,743.59
16-05-24,754.56,16-05-24,756.50,16-05-24,758.62,16-05-24,760.62,16-05-24,762.62,16-05-24,759.12,16-05-24,752.62,16-05-24,750.50,16-05-24,748.58,16-05-24,745.92,16-05-24,742.83,16-05-24,740.58,16-05-24,738.17,16-05-24,736.58
15-05-24,746.75,15-05-24,749.00,15-05-24,751.50,15-05-24,753.92,15-05-24,756.12,15-05-24,753.00,15-05-24,747.00,15-05-24,745.00,15-05-24,743.12,15-05-24,740.88,15-05-24,737.88,15-05-24,735.62,15-05-24,733.38,15-05-24,732.00
14-05-24,748.25,14-05-24,751.30,14-05-24,752.56,14-05-24,755.38,14-05-24,757.75,14-05-24,754.12,14-05-24,748.25,14-05-24,746.00,14-05-24,744.00,14-05-24,741.50,14-05-24,738.67,14-05-24,736.17,14-05-24,733.75,14-05-24,732.17
13-05-24,751.25,13-05-24,754.20,13-05-24,756.70,13-05-24,758.75,13-05-24,761.00,13-05-24,757.62,13-05-24,751.30,13-05-24,748.88,13-05-24,746.75,13-05-24,744.00,13-05-24,740.75,13-05-24,738.00,13-05-24,735.75,13-05-24,734.12
12-05-24,747.31,12-05-24,750.44,12-05-24,752.85,12-05-24,754.99,12-05-24,757.07,12-05-24,753.35,12-05-24,747.19,12-05-24,744.60,12-05-24,742.62,12-05-24,739.68,12-05-24,736.64,12-05-24,734.38,12-05-24,731.79,12-05-24,730.07
10-05-24,758.81,10-05-24,762.99,10-05-24,765.66,10-05-24,767.48,10-05-24,769.23,10-05-24,770.99,10-05-24,767.21,10-05-24,760.24,10-05-24,757.43,10-05-24,754.73,10-05-24,751.48,10-05-24,747.73,10-05-24,744.65,10-05-24,741.70
09-05-24,760.92,09-05-24,764.20,09-05-24,766.19,09-05-24,766.98,09-05-24,768.67,09-05-24,771.00,09-05-24,767.15,09-05-24,759.69,09-05-24,756.72,09-05-24,753.75,09-05-24,750.72,09-05-24,747.00,09-05-24,743.78,09-05-24,740.88
08-05-24,759.33,08-05-24,761.75,08-05-24,764.64,08-05-24,766.25,08-05-24,768.04,08-05-24,769.79,08-05-24,766.25,08-05-24,759.96,08-05-24,756.96,08-05-24,754.25,08-05-24,751.79,08-05-24,748.50,08-05-24,745.29,08-05-24,742.33
07-05-24,750.17,07-05-24,754.06,07-05-24,756.33,07-05-24,758.41,07-05-24,760.75,07-05-24,762.59,07-05-24,759.62,07-05-24,754.20,07-05-24,751.80,07-05-24,749.55,07-05-24,746.55,07-05-24,743.15,07-05-24,739.88,07-05-24,737.31
06-05-24,750.89,06-05-24,754.65,06-05-24,757.77,06-05-24,760.03,06-05-24,762.30,06-05-24,765.38,06-05-24,762.56,06-05-24,755.65,06-05-24,753.25,06-05-24,751.25,06-05-24,748.30,06-05-24,745.10,06-05-24,742.64,06-05-24,740.04
05-05-24,745.56,05-05-24,749.39,05-05-24,752.48,05-05-24,754.95,05-05-24,757.14,05-05-24,759.56,05-05-24,756.64,05-05-24,750.95,05-05-24,748.91,05-05-24,746.88,05-05-24,744.12,05-05-24,741.08,05-05-24,738.50,05-05-24,736.08
03-05-24,743.28,03-05-24,747.18,03-05-24,750.18,03-05-24,752.82,03-05-24,754.53,03-05-24,757.31,03-05-24,754.56,03-05-24,749.83,03-05-24,747.79,03-05-24,745.79,03-05-24,743.08,03-05-24,740.04,03-05-24,737.50,03-05-24,735.21
02-05-24,746.44,02-05-24,750.52,02-05-24,753.47,02-05-24,755.34,02-05-24,757.64,02-05-24,759.64,02-05-24,756.64,02-05-24,750.86,02-05-24,748.64,02-05-24,746.71,02-05-24,743.96,02-05-24,740.75,02-05-24,738.07,02-05-24,735.68
01-05-24,751.75,01-05-24,754.95,01-05-24,757.35,01-05-24,758.85,01-05-24,760.10,01-05-24,762.00,01-05-24,758.65,01-05-24,752.05,01-05-24,749.20,01-05-24,746.60,01-05-24,742.67,01-05-24,739.25,01-05-24,737.25,01-05-24,734.35
30-04-24,771.69,30-04-24,774.17,30-04-24,775.88,30-04-24,776.47,30-04-24,777.56,30-04-24,778.62,30-04-24,775.00,30-04-24,768.83,30-04-24,766.04,30-04-24,763.04,30-04-24,759.29,30-04-24,755.25,30-04-24,751.96,30-04-24,748.46
29-04-24,780.06,29-04-24,781.86,29-04-24,783.31,29-04-24,784.13,29-04-24,785.14,29-04-24,786.15,29-04-24,781.95,29-04-24,774.95,29-04-24,771.49,29-04-24,768.49,29-04-24,764.26,29-04-24,759.53,29-04-24,755.55,29-04-24,752.50
28-04-24,780.46,28-04-24,782.80,28-04-24,784.49,28-04-24,785.64,28-04-24,786.85,28-04-24,788.31,28-04-24,784.41,28-04-24,777.29,28-04-24,773.81,28-04-24,770.58,28-04-24,766.52,28-04-24,761.86,28-04-24,758.30,28-04-24,754.56
26-04-24,783.25,26-04-24,785.61,26-04-24,787.25,26-04-24,788.39,26-04-24,789.39,26-04-24,790.89,26-04-24,787.04,26-04-24,779.79,26-04-24,776.43,26-04-24,773.07,26-04-24,769.07,26-04-24,764.46,26-04-24,760.75,26-04-24,757.08
25-04-24,783.84,25-04-24,786.39,25-04-24,787.89,25-04-24,788.67,25-04-24,789.67,25-04-24,790.69,25-04-24,786.69,25-04-24,779.60,25-04-24,775.75,25-04-24,772.50,25-04-24,768.65,25-04-24,763.95,25-04-24,760.03,25-04-24,756.50
24-04-24,780.89,24-04-24,783.12,24-04-24,784.70,24-04-24,785.50,24-04-24,786.50,24-04-24,787.35,24-04-24,782.50,24-04-24,775.75,24-04-24,772.00,24-04-24,768.58,24-04-24,764.58,24-04-24,759.92,24-04-24,755.92,24-04-24,752.42
23-04-24,786.45,23-04-24,789.60,23-04-24,790.93,23-04-24,791.57,23-04-24,791.17,23-04-24,791.95,23-04-24,787.45,23-04-24,779.75,23-04-24,776.30,23-04-24,773.85,23-04-24,767.58,23-04-24,762.50,23-04-24,760.00,23-04-24,756.25
22-04-24,784.33,22-04-24,786.92,22-04-24,788.50,22-04-24,788.94,22-04-24,788.85,22-04-24,789.69,22-04-24,785.19,22-04-24,777.94,22-04-24,774.38,22-04-24,770.56,22-04-24,765.25,22-04-24,760.25,22-04-24,756.12,22-04-24,752.25
21-04-24,776.43,21-04-24,779.08,21-04-24,780.59,21-04-24,781.24,21-04-24,781.93,21-04-24,782.66,21-04-24,778.52,21-04-24,771.53,21-04-24,768.01,21-04-24,764.29,21-04-24,760.12,21-04-24,755.50,21-04-24,751.75,21-04-24,747.83
19-04-24,780.15,19-04-24,782.70,19-04-24,783.95,19-04-24,784.70,19-04-24,784.95,19-04-24,785.65,19-04-24,781.15,19-04-24,773.95,19-04-24,770.40,19-04-24,766.65,19-04-24,762.20,19-04-24,757.17,19-04-24,753.00,19-04-24,749.17
18-04-24,774.17,18-04-24,776.38,18-04-24,777.94,18-04-24,778.62,18-04-24,779.17,18-04-24,779.58,18-04-24,775.31,18-04-24,768.75,18-04-24,765.56,18-04-24,762.94,18-04-24,759.11,18-04-24,754.86,18-04-24,751.36,18-04-24,747.71
17-04-24,791.41,17-04-24,792.67,17-04-24,793.57,17-04-24,793.50,17-04-24,792.92,17-04-24,792.58,17-04-24,787.58,17-04-24,780.67,17-04-24,777.38,17-04-24,773.25,17-04-24,770.33,17-04-24,765.75,17-04-24,761.96,17-04-24,758.00
16-04-24,819.08,16-04-24,818.64,16-04-24,817.62,16-04-24,816.75,16-04-24,815.62,16-04-24,814.50,16-04-24,809.38,16-04-24,802.33,16-04-24,798.75,16-04-24,795.33,16-04-24,790.02,16-04-24,785.08,16-04-24,780.33,16-04-24,776.06
15-04-24,820.25,15-04-24,819.54,15-04-24,818.75,15-04-24,817.38,15-04-24,815.75,15-04-24,814.25,15-04-24,808.75,15-04-24,801.00,15-04-24,797.38,15-04-24,794.00,15-04-24,789.75,15-04-24,784.75,15-04-24,780.50,15-04-24,776.25
14-04-24,833.85,14-04-24,830.54,14-04-24,827.62,14-04-24,825.14,14-04-24,823.19,14-04-24,821.38,14-04-24,815.45,14-04-24,806.88,14-04-24,802.88,14-04-24,799.00,14-04-24,794.30,14-04-24,788.70,14-04-24,783.83,14-04-24,779.00
12-04-24,828.12,12-04-24,825.25,12-04-24,822.38,12-04-24,819.88,12-04-24,817.88,12-04-24,816.25,12-04-24,810.25,12-04-24,801.62,12-04-24,797.62,12-04-24,793.75,12-04-24,789.12,12-04-24,783.75,12-04-24,779.00,12-04-24,774.25
11-04-24,827.65,11-04-24,826.03,11-04-24,823.16,11-04-24,820.54,11-04-24,818.31,11-04-24,816.74,11-04-24,815.82,11-04-24,810.19,11-04-24,801.54,11-04-24,797.17,11-04-24,793.08,11-04-24,788.10,11-04-24,782.14,11-04-24,777.03
10-04-24,845.22,10-04-24,839.38,10-04-24,835.38,10-04-24,831.86,10-04-24,829.07,10-04-24,826.83,10-04-24,825.54,10-04-24,819.29,10-04-24,809.51,10-04-24,804.66,10-04-24,801.38,10-04-24,795.92,10-04-24,789.42,10-04-24,783.67
09-04-24,836.67,09-04-24,827.08,09-04-24,821.68,09-04-24,818.25,09-04-24,815.62,09-04-24,813.89,09-04-24,812.85,09-04-24,806.88,09-04-24,797.85,09-04-24,793.75,09-04-24,789.50,09-04-24,784.25,09-04-24,778.00,09-04-24,772.50
08-04-24,853.67,08-04-24,841.20,08-04-24,834.75,08-04-24,830.05,08-04-24,827.15,08-04-24,825.50,08-04-24,824.00,08-04-24,817.50,08-04-24,808.00,08-04-24,803.10,08-04-24,798.70,08-04-24,793.20,08-04-24,787.05,08-04-24,781.25
07-04-24,857.94,07-04-24,844.48,07-04-24,836.67,07-04-24,830.98,07-04-24,827.45,07-04-24,825.20,07-04-24,823.45,07-04-24,816.40,07-04-24,806.71,07-04-24,801.40,07-04-24,796.17,07-04-24,790.00,07-04-24,783.62,07-04-24,777.33
05-04-24,867.38,05-04-24,853.91,05-04-24,843.88,05-04-24,839.46,05-04-24,836.04,05-04-24,833.67,05-04-24,831.67,05-04-24,824.42,05-04-24,814.67,05-04-24,807.38,05-04-24,802.12,05-04-24,796.12,05-04-24,789.12,05-04-24,782.75
04-04-24,865.35,04-04-24,853.25,04-04-24,844.94,04-04-24,838.94,04-04-24,834.94,04-04-24,831.97,04-04-24,829.85,04-04-24,822.80,04-04-24,813.10,04-04-24,807.75,04-04-24,802.65,04-04-24,796.55,04-04-24,789.60,04-04-24,782.75
03-04-24,857.58,03-04-24,846.58,03-04-24,837.80,03-04-24,832.56,03-04-24,828.92,03-04-24,826.40,03-04-24,824.15,03-04-24,817.15,03-04-24,807.65,03-04-24,802.45,03-04-24,797.50,03-04-24,792.00,03-04-24,785.55,03-04-24,779.80
02-04-24,852.52,02-04-24,842.41,02-04-24,834.45,02-04-24,828.77,02-04-24,824.89,02-04-24,822.54,02-04-24,820.75,02-04-24,813.25,02-04-24,802.85,02-04-24,797.80,02-04-24,793.25,02-04-24,787.70,02-04-24,781.65,02-04-24,776.08
01-04-24,822.31,01-04-24,813.72,01-04-24,808.58,01-04-24,804.85,01-04-24,802.17,01-04-24,800.12,01-04-24,798.88,01-04-24,792.79,01-04-24,783.39,01-04-24,778.94,01-04-24,775.00,01-04-24,771.38,01-04-24,765.50,01-04-24,761.00
31-03-24,818.54,31-03-24,809.64,31-03-24,803.78,31-03-24,799.54,31-03-24,796.95,31-03-24,795.23,31-03-24,794.22,31-03-24,788.49,31-03-24,779.45,31-03-24,775.30,31-03-24,771.75,31-03-24,767.40,31-03-24,762.35,31-03-24,757.91
28-03-24,819.25,28-03-24,810.38,28-03-24,804.50,28-03-24,800.00,28-03-24,797.50,28-03-24,796.21,28-03-24,794.62,28-03-24,789.13,28-03-24,779.86,28-03-24,775.71,28-03-24,772.18,28-03-24,767.62,28-03-24,762.04,28-03-24,759.60
27-03-24,815.30,27-03-24,805.28,27-03-24,798.11,27-03-24,793.64,27-03-24,791.31,27-03-24,789.81,27-03-24,788.88,27-03-24,783.46,27-03-24,775.75,27-03-24,771.62,27-03-24,768.12,27-03-24,764.00,27-03-24,759.25,27-03-24,754.62
26-03-24,811.90,26-03-24,801.06,26-03-24,793.89,26-03-24,789.25,26-03-24,786.68,26-03-24,785.18,26-03-24,783.96,26-03-24,778.75,26-03-24,770.88,26-03-24,766.75,26-03-24,763.25,26-03-24,759.00,26-03-24,753.88,26-03-24,749.38
25-03-24,832.38,25-03-24,818.75,25-03-24,809.42,25-03-24,803.67,25-03-24,800.00,25-03-24,797.50,25-03-24,795.08,25-03-24,789.08,25-03-24,780.67,25-03-24,776.25,25-03-24,772.25,25-03-24,767.25,25-03-24,761.58,25-03-24,756.67
24-03-24,824.65,24-03-24,811.35,24-03-24,801.81,24-03-24,796.18,24-03-24,792.30,24-03-24,789.39,24-03-24,787.14,24-03-24,780.70,24-03-24,772.54,24-03-24,768.10,24-03-24,763.97,24-03-24,759.21,24-03-24,753.83,24-03-24,748.94
22-03-24,825.02,22-03-24,808.86,22-03-24,799.21,22-03-24,794.46,22-03-24,792.50,22-03-24,789.46,22-03-24,787.21,22-03-24,781.21,22-03-24,771.08,22-03-24,766.67,22-03-24,762.50,22-03-24,759.75,22-03-24,754.43,22-03-24,749.61
21-03-24,823.92,21-03-24,811.69,21-03-24,802.88,21-03-24,797.31,21-03-24,793.08,21-03-24,790.41,21-03-24,788.34,21-03-24,782.59,21-03-24,775.09,21-03-24,770.98,21-03-24,767.11,21-03-24,761.62,21-03-24,756.17,21-03-24,751.21
20-03-24,830.96,20-03-24,820.58,20-03-24,810.97,20-03-24,804.61,20-03-24,800.75,20-03-24,798.17,20-03-24,796.12,20-03-24,790.08,20-03-24,781.94,20-03-24,777.62,20-03-24,773.62,20-03-24,768.92,20-03-24,763.33,20-03-24,758.25
19-03-24,850.75,19-03-24,838.25,19-03-24,826.58,19-03-24,818.94,19-03-24,813.94,19-03-24,810.00,19-03-24,807.00,19-03-24,800.31,19-03-24,791.56,19-03-24,786.31,19-03-24,781.38,19-03-24,776.12,19-03-24,769.94,19-03-24,764.58
18-03-24,858.60,18-03-24,843.45,18-03-24,830.02,18-03-24,821.84,18-03-24,816.66,18-03-24,812.73,18-03-24,809.55,18-03-24,802.11,18-03-24,792.86,18-03-24,787.43,18-03-24,782.75,18-03-24,776.81,18-03-24,770.89,18-03-24,765.39
17-03-24,841.95,17-03-24,827.61,17-03-24,814.70,17-03-24,807.60,17-03-24,803.52,17-03-24,800.58,17-03-24,798.29,17-03-24,791.69,17-03-24,783.36,17-03-24,778.88,17-03-24,774.61,17-03-24,769.40,17-03-24,763.78,17-03-24,758.92
15-03-24,836.88,15-03-24,822.75,15-03-24,810.88,15-03-24,804.00,15-03-24,799.75,15-03-24,797.00,15-03-24,794.62,15-03-24,788.38,15-03-24,779.88,15-03-24,775.12,15-03-24,770.75,15-03-24,766.00,15-03-24,760.38,15-03-24,755.50
14-03-24,832.12,14-03-24,817.75,14-03-24,806.25,14-03-24,799.42,14-03-24,795.42,14-03-24,792.50,14-03-24,790.54,14-03-24,784.29,14-03-24,775.80,14-03-24,771.20,14-03-24,766.90,14-03-24,761.90,14-03-24,756.00,14-03-24,750.95
13-03-24,826.92,13-03-24,812.35,13-03-24,801.00,13-03-24,794.00,13-03-24,789.45,13-03-24,785.58,13-03-24,783.91,13-03-24,776.08,13-03-24,768.08,13-03-24,763.42,13-03-24,759.25,13-03-24,754.50,13-03-24,748.83,13-03-24,744.25
12-03-24,827.21,12-03-24,811.59,12-03-24,795.89,12-03-24,784.72,12-03-24,778.11,12-03-24,774.19,12-03-24,771.56,12-03-24,769.31,12-03-24,763.72,12-03-24,756.13,12-03-24,751.83,12-03-24,748.19,12-03-24,743.96,12-03-24,738.69
11-03-24,829.23,11-03-24,811.38,11-03-24,795.19,11-03-24,783.85,11-03-24,777.39,11-03-24,773.14,11-03-24,770.39,11-03-24,768.50,11-03-24,762.18,11-03-24,754.88,11-03-24,750.50,11-03-24,746.88,11-03-24,742.50,11-03-24,737.25
10-03-24,827.35,10-03-24,804.40,10-03-24,786.63,10-03-24,775.99,10-03-24,769.44,10-03-24,765.11,10-03-24,762.19,10-03-24,760.29,10-03-24,754.40,10-03-24,746.65,10-03-24,742.15,10-03-24,738.60,10-03-24,734.35,10-03-24,729.06
08-03-24,829.38,08-03-24,806.62,08-03-24,789.06,08-03-24,778.38,08-03-24,771.85,08-03-24,767.50,08-03-24,764.50,08-03-24,762.40,08-03-24,756.55,08-03-24,748.90,08-03-24,744.30,08-03-24,740.80,08-03-24,736.55,08-03-24,731.20
07-03-24,851.25,07-03-24,826.07,07-03-24,805.62,07-03-24,793.47,07-03-24,785.50,07-03-24,780.10,07-03-24,777.12,07-03-24,774.92,07-03-24,768.67,07-03-24,760.67,07-03-24,756.00,07-03-24,752.17,07-03-24,747.83,07-03-24,742.50
06-03-24,834.25,06-03-24,813.35,06-03-24,795.15,06-03-24,783.88,06-03-24,776.33,06-03-24,771.58,06-03-24,768.67,06-03-24,766.75,06-03-24,760.75,06-03-24,753.50,06-03-24,748.83,06-03-24,745.33,06-03-24,741.38,06-03-24,735.75
05-03-24,813.62,05-03-24,794.38,05-03-24,779.35,05-03-24,770.38,05-03-24,763.97,05-03-24,759.92,05-03-24,757.86,05-03-24,756.61,05-03-24,751.15,05-03-24,744.00,05-03-24,739.89,05-03-24,736.54,05-03-24,733.10,05-03-24,728.30
04-03-24,822.85,04-03-24,803.40,04-03-24,788.12,04-03-24,778.45,04-03-24,772.07,04-03-24,767.68,04-03-24,764.88,04-03-24,762.75,04-03-24,757.05,04-03-24,749.60,04-03-24,745.20,04-03-24,741.45,04-03-24,737.41,04-03-24,731.57
01-03-24,844.35,01-03-24,820.53,01-03-24,802.04,01-03-24,790.67,01-03-24,782.36,01-03-24,777.18,01-03-24,773.43,01-03-24,770.50,01-03-24,763.82,01-03-24,756.58,01-03-24,751.75,01-03-24,747.83,01-03-24,743.33,01-03-24,737.83
29-02-24,831.38,29-02-24,808.92,29-02-24,791.18,29-02-24,780.08,29-02-24,772.67,29-02-24,768.17,29-02-24,764.75,29-02-24,761.92,29-02-24,755.33,29-02-24,748.00,29-02-24,743.58,29-02-24,739.92,29-02-24,735.75,29-02-24,730.75
28-02-24,813.67,28-02-24,793.46,28-02-24,778.93,28-02-24,769.42,28-02-24,762.88,28-02-24,759.12,28-02-24,756.12,28-02-24,754.12,28-02-24,748.83,28-02-24,742.08,28-02-24,738.00,28-02-24,734.50,28-02-24,730.54,28-02-24,725.71
27-02-24,838.50,27-02-24,814.12,27-02-24,796.42,27-02-24,785.08,27-02-24,777.58,27-02-24,772.75,27-02-24,769.25,27-02-24,766.88,27-02-24,760.50,27-02-24,753.10,27-02-24,748.30,27-02-24,744.25,27-02-24,739.25,27-02-24,733.83
26-02-24,848.79,26-02-24,822.62,26-02-24,802.25,26-02-24,789.12,26-02-24,781.00,26-02-24,775.88,26-02-24,772.25,26-02-24,769.50,26-02-24,763.00,26-02-24,755.25,26-02-24,750.12,26-02-24,746.25,26-02-24,742.12,26-02-24,736.75
23-02-24,827.88,23-02-24,802.00,23-02-24,783.12,23-02-24,772.38,23-02-24,765.50,23-02-24,761.12,23-02-24,758.00,23-02-24,755.62,23-02-24,749.25,23-02-24,741.75,23-02-24,737.12,23-02-24,733.75,23-02-24,730.00,23-02-24,725.38
22-02-24,844.21,22-02-24,817.75,22-02-24,798.06,22-02-24,786.12,22-02-24,778.44,22-02-24,773.50,22-02-24,769.56,22-02-24,766.81,22-02-24,760.06,22-02-24,752.06,22-02-24,746.88,22-02-24,743.00,22-02-24,739.00,22-02-24,734.06
21-02-24,837.07,21-02-24,810.93,21-02-24,792.62,21-02-24,781.88,21-02-24,775.38,21-02-24,771.12,21-02-24,767.62,21-02-24,765.25,21-02-24,758.88,21-02-24,751.12,21-02-24,746.25,21-02-24,742.50,21-02-24,738.40,21-02-24,733.25
20-02-24,839.15,20-02-24,811.31,20-02-24,791.50,20-02-24,779.33,20-02-24,772.67,20-02-24,768.25,20-02-24,765.17,20-02-24,763.00,20-02-24,756.58,20-02-24,748.83,20-02-24,743.92,20-02-24,740.25,20-02-24,736.33,20-02-24,731.25
19-02-24,858.17,19-02-24,830.17,19-02-24,808.65,19-02-24,794.42,19-02-24,786.46,19-02-24,781.25,19-02-24,777.58,19-02-24,775.33,19-02-24,768.85,19-02-24,760.80,19-02-24,755.65,19-02-24,751.65,19-02-24,747.45,19-02-24,742.05
16-02-24,855.00,16-02-24,828.18,16-02-24,808.88,16-02-24,794.88,16-02-24,786.50,16-02-24,781.38,16-02-24,777.75,16-02-24,775.25,16-02-24,768.62,16-02-24,760.50,16-02-24,755.38,16-02-24,751.38,16-02-24,747.25,16-02-24,742.00
15-02-24,858.10,15-02-24,830.18,15-02-24,809.19,15-02-24,793.85,15-02-24,784.90,15-02-24,779.15,15-02-24,775.65,15-02-24,773.25,15-02-24,766.50,15-02-24,757.75,15-02-24,752.33,15-02-24,748.33,15-02-24,744.04,15-02-24,738.88
14-02-24,846.22,14-02-24,822.46,14-02-24,803.25,14-02-24,789.00,14-02-24,780.46,14-02-24,775.12,14-02-24,770.88,14-02-24,769.00,14-02-24,761.17,14-02-24,752.38,14-02-24,747.75,14-02-24,743.62,14-02-24,738.62,14-02-24,733.12
13-02-24,872.28,13-02-24,845.53,13-02-24,823.06,13-02-24,806.25,13-02-24,796.75,13-02-24,790.17,13-02-24,785.92,13-02-24,783.25,13-02-24,775.58,13-02-24,766.25,13-02-24,760.25,13-02-24,755.38,13-02-24,750.25,13-02-24,744.00
12-02-24,877.60,12-02-24,849.10,12-02-24,825.85,12-02-24,809.10,12-02-24,799.10,12-02-24,792.70,12-02-24,788.50,12-02-24,786.25,12-02-24,778.35,12-02-24,768.65,12-02-24,762.67,12-02-24,757.50,12-02-24,752.33,12-02-24,745.83
09-02-24,911.75,09-02-24,881.38,09-02-24,850.88,09-02-24,826.42,09-02-24,808.60,09-02-24,797.35,09-02-24,790.32,09-02-24,785.44,09-02-24,783.00,09-02-24,774.81,09-02-24,764.81,09-02-24,758.44,09-02-24,753.50,09-02-24,748.38
08-02-24,893.38,08-02-24,868.75,08-02-24,841.00,08-02-24,818.25,08-02-24,800.04,08-02-24,788.83,08-02-24,782.38,08-02-24,778.42,08-02-24,776.31,08-02-24,769.67,08-02-24,760.25,08-02-24,754.17,08-02-24,749.50,08-02-24,744.83
07-02-24,870.89,07-02-24,849.58,07-02-24,822.61,07-02-24,800.38,07-02-24,783.50,07-02-24,774.25,07-02-24,768.62,07-02-24,764.75,07-02-24,762.62,07-02-24,756.12,07-02-24,747.88,07-02-24,742.62,07-02-24,738.62,07-02-24,734.75
06-02-24,844.55,06-02-24,827.00,06-02-24,805.00,06-02-24,786.39,06-02-24,771.61,06-02-24,763.32,06-02-24,758.79,06-02-24,756.55,06-02-24,754.95,06-02-24,747.92,06-02-24,740.64,06-02-24,736.00,06-02-24,732.61,06-02-24,729.21
05-02-24,834.10,05-02-24,817.94,05-02-24,796.35,05-02-24,779.30,05-02-24,765.71,05-02-24,758.15,05-02-24,754.00,05-02-24,751.59,05-02-24,749.84,05-02-24,744.07,05-02-24,736.59,05-02-24,732.32,05-02-24,728.75,05-02-24,725.80
02-02-24,817.75,02-02-24,800.88,02-02-24,781.31,02-02-24,765.38,02-02-24,752.81,02-02-24,746.38,02-02-24,742.28,02-02-24,740.83,02-02-24,739.08,02-02-24,733.08,02-02-24,727.07,02-02-24,722.86,02-02-24,719.75,02-02-24,715.06
01-02-24,831.92,01-02-24,815.93,01-02-24,796.46,01-02-24,780.25,01-02-24,766.75,01-02-24,759.89,01-02-24,755.93,01-02-24,752.96,01-02-24,750.25,01-02-24,745.85,01-02-24,738.15,01-02-24,733.85,01-02-24,730.60,01-02-24,727.55
31-01-24,856.25,31-01-24,838.08,31-01-24,815.67,31-01-24,796.83,31-01-24,782.00,31-01-24,774.42,31-01-24,769.83,31-01-24,767.00,31-01-24,764.92,31-01-24,758.67,31-01-24,751.33,31-01-24,746.83,31-01-24,743.75,31-01-24,740.67
30-01-24,848.88,30-01-24,832.58,30-01-24,812.12,30-01-24,795.83,30-01-24,783.25,30-01-24,777.00,30-01-24,773.00,30-01-24,770.12,30-01-24,768.25,30-01-24,762.50,30-01-24,755.25,30-01-24,750.88,30-01-24,747.62,30-01-24,744.50
29-01-24,860.62,29-01-24,840.19,29-01-24,816.08,29-01-24,797.33,29-01-24,783.58,29-01-24,776.88,29-01-24,772.12,29-01-24,768.67,29-01-24,766.42,29-01-24,760.85,29-01-24,753.92,29-01-24,749.39,29-01-24,746.29,29-01-24,743.33
26-01-24,874.00,26-01-24,848.57,26-01-24,821.69,26-01-24,801.89,26-01-24,788.25,26-01-24,781.61,26-01-24,777.38,26-01-24,774.35,26-01-24,772.94,26-01-24,766.11,26-01-24,759.94,26-01-24,755.62,26-01-24,752.47,26-01-24,750.38
25-01-24,845.92,25-01-24,826.88,25-01-24,805.25,25-01-24,787.38,25-01-24,774.50,25-01-24,767.81,25-01-24,763.67,25-01-24,761.00,25-01-24,760.21,25-01-24,755.46,25-01-24,749.25,25-01-24,745.29,25-01-24,742.33,25-01-24,739.38
24-01-24,809.87,24-01-24,794.17,24-01-24,775.75,24-01-24,761.83,24-01-24,753.33,24-01-24,748.92,24-01-24,746.00,24-01-24,744.17,24-01-24,743.92,24-01-24,740.17,24-01-24,734.92,24-01-24,730.85,24-01-24,729.62,24-01-24,727.38
23-01-24,806.83,23-01-24,790.13,23-01-24,771.42,23-01-24,756.96,23-01-24,747.75,23-01-24,743.27,23-01-24,740.52,23-01-24,739.12,23-01-24,738.29,23-01-24,734.75,23-01-24,729.45,23-01-24,726.00,23-01-24,723.80,23-01-24,721.80
22-01-24,806.88,22-01-24,789.25,22-01-24,771.00,22-01-24,757.62,22-01-24,749.00,22-01-24,744.62,22-01-24,741.88,22-01-24,740.00,22-01-24,739.62,22-01-24,736.00,22-01-24,730.50,22-01-24,727.38,22-01-24,725.12,22-01-24,722.67
19-01-24,793.83,19-01-24,776.50,19-01-24,759.17,19-01-24,746.83,19-01-24,739.25,19-01-24,735.17,19-01-24,732.58,19-01-24,730.30,19-01-24,729.83,19-01-24,726.00,19-01-24,720.35,19-01-24,716.85,19-01-24,714.60,19-01-24,712.38
18-01-24,792.71,18-01-24,775.36,18-01-24,758.09,18-01-24,746.21,18-01-24,738.08,18-01-24,734.17,18-01-24,731.67,18-01-24,729.67,18-01-24,729.17,18-01-24,725.25,18-01-24,719.50,18-01-24,715.83,18-01-24,713.67,18-01-24,711.92
17-01-24,782.38,17-01-24,764.93,17-01-24,749.64,17-01-24,738.64,17-01-24,731.86,17-01-24,728.57,17-01-24,726.54,17-01-24,724.79,17-01-24,724.50,17-01-24,720.75,17-01-24,715.25,17-01-24,712.21,17-01-24,710.18,17-01-24,708.43
16-01-24,780.62,16-01-24,763.00,16-01-24,747.00,16-01-24,736.08,16-01-24,729.17,16-01-24,725.50,16-01-24,723.00,16-01-24,721.00,16-01-24,720.58,16-01-24,716.67,16-01-24,711.08,16-01-24,707.67,16-01-24,705.50,16-01-24,703.75
15-01-24,784.75,15-01-24,768.42,15-01-24,753.33,15-01-24,743.00,15-01-24,736.67,15-01-24,733.08,15-01-24,730.42,15-01-24,727.92,15-01-24,727.58,15-01-24,721.69,15-01-24,716.12,15-01-24,712.50,15-01-24,710.50,15-01-24,710.12
12-01-24,784.60,12-01-24,767.85,12-01-24,753.00,12-01-24,742.75,12-01-24,735.88,12-01-24,732.25,12-01-24,729.62,12-01-24,727.25,12-01-24,727.12,12-01-24,723.25,12-01-24,717.88,12-01-24,714.50,12-01-24,712.62,12-01-24,710.88
11-01-24,785.19,11-01-24,769.88,11-01-24,755.62,11-01-24,743.64,11-01-24,736.61,11-01-24,732.89,11-01-24,730.45,11-01-24,728.40,11-01-24,727.90,11-01-24,723.95,11-01-24,718.40,11-01-24,714.95,11-01-24,712.75,11-01-24,710.80
10-01-24,766.38,10-01-24,757.62,10-01-24,747.50,10-01-24,736.00,10-01-24,727.12,10-01-24,721.25,10-01-24,718.38,10-01-24,716.38,10-01-24,714.62,10-01-24,714.50,10-01-24,710.75,10-01-24,705.00,10-01-24,702.00,10-01-24,700.38
09-01-24,776.33,09-01-24,767.75,09-01-24,757.67,09-01-24,745.33,09-01-24,734.83,09-01-24,727.92,09-01-24,724.33,09-01-24,721.67,09-01-24,719.75,09-01-24,719.50,09-01-24,715.50,09-01-24,709.17,09-01-24,705.75,09-01-24,703.83
08-01-24,761.38,08-01-24,752.78,08-01-24,743.88,08-01-24,733.97,08-01-24,725.94,08-01-24,720.47,08-01-24,717.84,08-01-24,715.59,08-01-24,713.84,08-01-24,713.84,08-01-24,710.06,08-01-24,704.09,08-01-24,701.06,08-01-24,699.62
05-01-24,772.75,05-01-24,765.12,05-01-24,757.33,05-01-24,747.58,05-01-24,740.04,05-01-24,734.54,05-01-24,731.75,05-01-24,729.46,05-01-24,727.71,05-01-24,727.12,05-01-24,723.40,05-01-24,716.90,05-01-24,713.35,05-01-24,711.55
04-01-24,763.88,04-01-24,756.00,04-01-24,747.88,04-01-24,738.25,04-01-24,731.12,04-01-24,725.88,04-01-24,723.12,04-01-24,720.88,04-01-24,719.38,04-01-24,719.50,04-01-24,715.62,04-01-24,709.50,04-01-24,706.12,04-01-24,704.50
03-01-24,770.33,03-01-24,760.67,03-01-24,752.58,03-01-24,743.50,03-01-24,736.75,03-01-24,731.42,03-01-24,728.83,03-01-24,726.58,03-01-24,725.00,03-01-24,725.25,03-01-24,721.67,03-01-24,715.42,03-01-24,712.08,03-01-24,710.75
02-01-24,750.62,02-01-24,740.00,02-01-24,731.88,02-01-24,723.62,02-01-24,717.88,02-01-24,713.50,02-01-24,711.00,02-01-24,709.12,02-01-24,707.62,02-01-24,708.00,02-01-24,704.50,02-01-24,698.88,02-01-24,695.75,02-01-24,694.62
29-12-23,751.00,29-12-23,741.61,29-12-23,734.40,29-12-23,726.36,29-12-23,720.74,29-12-23,716.33,29-12-23,714.12,29-12-23,712.25,29-12-23,710.54,29-12-23,710.56,29-12-23,707.50,29-12-23,701.86,29-12-23,698.75,29-12-23,698.00
28-12-23,755.08,28-12-23,746.00,28-12-23,737.79,28-12-23,730.22,28-12-23,724.75,28-12-23,720.50,28-12-23,718.00,28-12-23,716.00,28-12-23,714.50,28-12-23,714.75,28-12-23,711.54,28-12-23,705.79,28-12-23,702.58,28-12-23,701.12
27-12-23,772.44,27-12-23,762.00,27-12-23,754.58,27-12-23,746.83,27-12-23,740.92,27-12-23,736.12,27-12-23,733.50,27-12-23,731.25,27-12-23,729.62,27-12-23,729.75,27-12-23,726.25,27-12-23,720.38,27-12-23,716.88,27-12-23,715.25
26-12-23,782.42,26-12-23,773.42,26-12-23,765.92,26-12-23,757.92,26-12-23,751.42,26-12-23,745.92,26-12-23,742.75,26-12-23,741.25,26-12-23,739.38,26-12-23,739.38,26-12-23,735.75,26-12-23,729.62,26-12-23,726.00,26-12-23,724.12
22-12-23,776.95,22-12-23,767.64,22-12-23,759.55,22-12-23,750.85,22-12-23,743.68,22-12-23,737.55,22-12-23,734.77,22-12-23,732.55,22-12-23,730.56,22-12-23,730.54,22-12-23,727.12,22-12-23,721.00,22-12-23,717.38,22-12-23,715.62
21-12-23,790.44,21-12-23,779.17,21-12-23,769.83,21-12-23,760.75,21-12-23,753.17,21-12-23,747.17,21-12-23,744.33,21-12-23,742.25,21-12-23,740.67,21-12-23,740.38,21-12-23,737.25,21-12-23,730.62,21-12-23,726.88,21-12-23,725.00
20-12-23,789.00,20-12-23,777.83,20-12-23,769.50,20-12-23,761.25,20-12-23,754.50,20-12-23,748.83,20-12-23,746.17,20-12-23,744.00,20-12-23,742.00,20-12-23,742.50,20-12-23,738.58,20-12-23,732.25,20-12-23,728.60,20-12-23,726.70
19-12-23,791.75,19-12-23,782.50,19-12-23,774.75,19-12-23,765.80,19-12-23,759.62,19-12-23,753.58,19-12-23,750.75,19-12-23,748.83,19-12-23,747.42,19-12-23,747.50,19-12-23,744.08,19-12-23,738.33,19-12-23,734.92,19-12-23,733.00
18-12-23,781.50,18-12-23,772.88,18-12-23,764.58,18-12-23,756.88,18-12-23,750.17,18-12-23,745.50,18-12-23,743.17,18-12-23,741.17,18-12-23,739.75,18-12-23,739.83,18-12-23,736.67,18-12-23,731.33,18-12-23,728.42,18-12-23,726.75
15-12-23,764.50,15-12-23,757.54,15-12-23,750.79,15-12-23,744.00,15-12-23,738.75,15-12-23,735.00,15-12-23,732.93,15-12-23,731.46,15-12-23,729.96,15-12-23,729.96,15-12-23,726.71,15-12-23,721.46,15-12-23,719.17,15-12-23,718.12
14-12-23,752.00,14-12-23,747.38,14-12-23,742.25,14-12-23,736.50,14-12-23,732.67,14-12-23,730.42,14-12-23,729.25,14-12-23,728.00,14-12-23,727.08,14-12-23,727.50,14-12-23,725.00,14-12-23,720.25,14-12-23,718.17,14-12-23,717.33
13-12-23,742.21,13-12-23,736.71,13-12-23,731.21,13-12-23,725.46,13-12-23,721.43,13-12-23,719.39,13-12-23,718.36,13-12-23,717.61,13-12-23,717.07,13-12-23,717.57,13-12-23,715.04,13-12-23,710.08,13-12-23,708.50,13-12-23,707.96
12-12-23,725.75,12-12-23,722.12,12-12-23,717.38,12-12-23,711.88,12-12-23,708.00,12-12-23,706.00,12-12-23,705.12,12-12-23,704.62,12-12-23,703.58,12-12-23,704.12,12-12-23,701.62,12-12-23,697.15,12-12-23,695.20,12-12-23,694.50
11-12-23,779.00,11-12-23,754.00,11-12-23,748.00,11-12-23,742.50,11-12-23,736.00,11-12-23,731.12,11-12-23,728.38,11-12-23,727.00,11-12-23,726.00,11-12-23,725.79,11-12-23,725.79,11-12-23,722.45,11-12-23,717.25,11-12-23,714.95
08-12-23,769.75,08-12-23,748.75,08-12-23,742.38,08-12-23,736.50,08-12-23,730.00,08-12-23,725.75,08-12-23,723.38,08-12-23,722.25,08-12-23,721.38,08-12-23,720.38,08-12-23,720.62,08-12-23,717.38,08-12-23,712.25,08-12-23,709.88
07-12-23,763.55,07-12-23,741.20,07-12-23,734.36,07-12-23,728.89,07-12-23,722.42,07-12-23,718.19,07-12-23,715.97,07-12-23,714.75,07-12-23,713.78,07-12-23,712.95,07-12-23,713.20,07-12-23,710.00,07-12-23,705.00,07-12-23,702.55
06-12-23,766.11,06-12-23,740.00,06-12-23,733.25,06-12-23,727.53,06-12-23,720.56,06-12-23,715.84,06-12-23,713.84,06-12-23,712.88,06-12-23,711.91,06-12-23,711.20,06-12-23,711.25,06-12-23,708.25,06-12-23,703.05,06-12-23,700.80
05-12-23,784.46,05-12-23,762.70,05-12-23,755.50,05-12-23,749.25,05-12-23,742.25,05-12-23,738.19,05-12-23,735.94,05-12-23,734.68,05-12-23,733.29,05-12-23,732.25,05-12-23,731.65,05-12-23,728.62,05-12-23,722.62,05-12-23,720.25
04-12-23,789.12,04-12-23,771.00,04-12-23,764.67,04-12-23,758.67,04-12-23,751.58,04-12-23,746.50,04-12-23,743.50,04-12-23,742.08,04-12-23,740.92,04-12-23,739.67,04-12-23,739.33,04-12-23,735.83,04-12-23,730.75,04-12-23,728.33
01-12-23,791.25,01-12-23,775.35,01-12-23,768.42,01-12-23,763.00,01-12-23,756.08,01-12-23,751.08,01-12-23,748.08,01-12-23,746.42,01-12-23,745.00,01-12-23,743.58,01-12-23,743.33,01-12-23,739.83,01-12-23,734.58,01-12-23,731.67
30-11-23,807.12,30-11-23,792.50,30-11-23,786.62,30-11-23,780.25,30-11-23,771.88,30-11-23,765.25,30-11-23,761.12,30-11-23,758.62,30-11-23,756.50,30-11-23,754.38,30-11-23,753.50,30-11-23,749.25,30-11-23,743.50,30-11-23,740.50
29-11-23,827.06,29-11-23,810.75,29-11-23,804.56,29-11-23,797.97,29-11-23,789.50,29-11-23,782.95,29-11-23,778.55,29-11-23,775.85,29-11-23,773.40,29-11-23,771.14,29-11-23,770.20,29-11-23,765.75,29-11-23,760.20,29-11-23,757.00
28-11-23,826.88,28-11-23,808.88,28-11-23,802.00,28-11-23,794.38,28-11-23,784.12,28-11-23,776.25,28-11-23,771.12,28-11-23,768.12,28-11-23,765.50,28-11-23,763.12,28-11-23,762.00,28-11-23,757.50,28-11-23,751.75,28-11-23,748.38
27-11-23,815.38,27-11-23,798.00,27-11-23,791.38,27-11-23,784.12,27-11-23,775.12,27-11-23,768.75,27-11-23,764.50,27-11-23,762.12,27-11-23,760.00,27-11-23,758.12,27-11-23,757.25,27-11-23,752.88,27-11-23,747.00,27-11-23,744.12
24-11-23,815.12,24-11-23,797.25,24-11-23,791.58,24-11-23,784.75,24-11-23,775.50,24-11-23,768.95,24-11-23,765.17,24-11-23,762.68,24-11-23,760.43,24-11-23,757.69,24-11-23,756.94,24-11-23,752.94,24-11-23,747.38,24-11-23,744.43
23-11-23,824.92,23-11-23,807.04,23-11-23,800.69,23-11-23,793.50,23-11-23,784.62,23-11-23,778.50,23-11-23,774.06,23-11-23,771.25,23-11-23,768.94,23-11-23,766.50,23-11-23,765.32,23-11-23,761.07,23-11-23,755.43,23-11-23,752.57
22-11-23,826.80,22-11-23,808.50,22-11-23,802.15,22-11-23,794.83,22-11-23,786.00,22-11-23,779.42,22-11-23,774.33,22-11-23,771.58,22-11-23,769.50,22-11-23,767.25,22-11-23,766.00,22-11-23,761.62,22-11-23,755.88,22-11-23,752.75
21-11-23,840.36,21-11-23,824.14,21-11-23,816.96,21-11-23,809.25,21-11-23,799.68,21-11-23,792.38,21-11-23,787.08,21-11-23,783.54,21-11-23,780.50,21-11-23,777.50,21-11-23,775.12,21-11-23,770.25,21-11-23,764.12,21-11-23,760.75
20-11-23,820.88,20-11-23,806.00,20-11-23,799.55,20-11-23,793.14,20-11-23,785.23,20-11-23,779.62,20-11-23,775.58,20-11-23,772.98,20-11-23,770.62,20-11-23,768.52,20-11-23,767.42,20-11-23,762.96,20-11-23,757.67,20-11-23,754.83
17-11-23,796.62,17-11-23,783.36,17-11-23,777.96,17-11-23,772.64,17-11-23,765.62,17-11-23,761.00,17-11-23,758.25,17-11-23,756.38,17-11-23,754.58,17-11-23,753.00,17-11-23,752.75,17-11-23,748.83,17-11-23,743.75,17-11-23,741.94
16-11-23,786.75,16-11-23,771.19,16-11-23,765.62,16-11-23,760.08,16-11-23,752.50,16-11-23,747.00,16-11-23,743.42,16-11-23,741.75,16-11-23,739.62,16-11-23,738.25,16-11-23,738.12,16-11-23,734.12,16-11-23,728.69,16-11-23,726.38
15-11-23,820.92,15-11-23,803.44,15-11-23,796.88,15-11-23,790.17,15-11-23,781.08,15-11-23,774.00,15-11-23,768.38,15-11-23,765.25,15-11-23,763.00,15-11-23,761.00,15-11-23,759.62,15-11-23,755.00,15-11-23,749.12,15-11-23,746.00
14-11-23,816.44,14-11-23,802.75,14-11-23,796.62,14-11-23,790.62,14-11-23,781.88,14-11-23,775.44,14-11-23,770.75,14-11-23,768.62,14-11-23,765.42,14-11-23,763.62,14-11-23,763.25,14-11-23,758.50,14-11-23,752.88,14-11-23,749.50
13-11-23,817.12,13-11-23,804.00,13-11-23,798.75,13-11-23,793.50,13-11-23,785.88,13-11-23,779.50,13-11-23,775.25,13-11-23,772.38,13-11-23,770.00,13-11-23,768.00,13-11-23,766.88,13-11-23,762.75,13-11-23,755.94,13-11-23,753.65
10-11-23,792.00,10-11-23,782.29,10-11-23,779.00,10-11-23,774.79,10-11-23,768.21,10-11-23,764.17,10-11-23,761.17,10-11-23,759.05,10-11-23,757.02,10-11-23,755.10,10-11-23,754.35,10-11-23,750.87,10-11-23,745.39,10-11-23,742.64
09-11-23,808.75,09-11-23,780.50,09-11-23,771.00,09-11-23,767.58,09-11-23,763.42,09-11-23,757.25,09-11-23,753.08,09-11-23,750.33,09-11-23,748.67,09-11-23,747.00,09-11-23,745.58,09-11-23,745.17,09-11-23,743.04,09-11-23,737.67
08-11-23,820.80,08-11-23,791.88,08-11-23,781.42,08-11-23,776.29,08-11-23,771.29,08-11-23,763.56,08-11-23,758.50,08-11-23,755.25,08-11-23,753.29,08-11-23,751.50,08-11-23,750.00,08-11-23,749.67,08-11-23,746.08,08-11-23,741.00
07-11-23,851.94,07-11-23,817.28,07-11-23,803.72,07-11-23,798.43,07-11-23,789.83,07-11-23,779.83,07-11-23,774.08,07-11-23,769.83,07-11-23,767.00,07-11-23,764.67,07-11-23,762.67,07-11-23,763.19,07-11-23,759.35,07-11-23,753.70
06-11-23,889.89,06-11-23,854.50,06-11-23,840.58,06-11-23,832.75,06-11-23,824.17,06-11-23,811.88,06-11-23,804.38,06-11-23,799.38,06-11-23,796.25,06-11-23,793.38,06-11-23,790.62,06-11-23,789.00,06-11-23,784.62,06-11-23,778.88
03-11-23,876.12,03-11-23,842.00,03-11-23,828.50,03-11-23,821.75,03-11-23,814.00,03-11-23,802.14,03-11-23,795.88,03-11-23,791.04,03-11-23,788.04,03-11-23,785.43,03-11-23,783.07,03-11-23,781.62,03-11-23,777.17,03-11-23,771.38
02-11-23,908.00,02-11-23,870.50,02-11-23,854.58,02-11-23,846.42,02-11-23,837.50,02-11-23,824.33,02-11-23,816.42,02-11-23,809.68,02-11-23,805.88,02-11-23,802.68,02-11-23,799.93,02-11-23,798.00,02-11-23,793.42,02-11-23,787.50
01-11-23,885.79,01-11-23,851.12,01-11-23,836.62,01-11-23,828.25,01-11-23,817.50,01-11-23,805.31,01-11-23,798.38,01-11-23,793.25,01-11-23,790.12,01-11-23,787.50,01-11-23,784.50,01-11-23,783.50,01-11-23,779.50,01-11-23,774.50
31-10-23,876.88,31-10-23,846.34,31-10-23,831.50,31-10-23,825.57,31-10-23,815.92,31-10-23,804.94,31-10-23,797.40,31-10-23,791.95,31-10-23,789.00,31-10-23,786.50,31-10-23,784.05,31-10-23,784.75,31-10-23,780.18,31-10-23,774.82
30-10-23,866.56,30-10-23,840.12,30-10-23,829.25,30-10-23,824.10,30-10-23,815.70,30-10-23,805.40,30-10-23,799.60,30-10-23,795.80,30-10-23,793.25,30-10-23,790.95,30-10-23,788.69,30-10-23,787.62,30-10-23,783.80,30-10-23,777.12
29-10-23,878.50,29-10-23,850.61,29-10-23,838.00,29-10-23,831.38,29-10-23,823.00,29-10-23,812.62,29-10-23,806.62,29-10-23,802.62,29-10-23,799.88,29-10-23,797.38,29-10-23,795.12,29-10-23,794.12,29-10-23,789.58,29-10-23,784.00
27-10-23,880.44,27-10-23,854.45,27-10-23,842.75,27-10-23,834.75,27-10-23,825.79,27-10-23,815.45,27-10-23,808.95,27-10-23,804.70,27-10-23,805.75,27-10-23,803.25,27-10-23,800.50,27-10-23,799.00,27-10-23,794.50,27-10-23,784.70
26-10-23,885.75,26-10-23,858.12,26-10-23,845.62,26-10-23,838.12,26-10-23,828.88,26-10-23,817.67,26-10-23,811.17,26-10-23,807.12,26-10-23,804.19,26-10-23,801.75,26-10-23,799.25,26-10-23,798.06,26-10-23,794.00,26-10-23,787.88
25-10-23,884.75,25-10-23,861.05,25-10-23,850.67,25-10-23,843.67,25-10-23,834.88,25-10-23,822.83,25-10-23,815.75,25-10-23,811.67,25-10-23,808.67,25-10-23,806.08,25-10-23,803.92,25-10-23,802.75,25-10-23,798.42,25-10-23,792.42
24-10-23,885.62,24-10-23,860.12,24-10-23,847.50,24-10-23,839.67,24-10-23,829.33,24-10-23,816.67,24-10-23,809.75,24-10-23,805.25,24-10-23,801.15,24-10-23,798.83,24-10-23,796.50,24-10-23,795.12,24-10-23,790.75,24-10-23,785.12
23-10-23,907.38,23-10-23,880.00,23-10-23,865.38,23-10-23,855.38,23-10-23,843.62,23-10-23,830.00,23-10-23,822.12,23-10-23,817.00,23-10-23,813.38,23-10-23,810.25,23-10-23,807.25,23-10-23,806.25,23-10-23,801.38,23-10-23,795.62
22-10-23,918.96,22-10-23,891.64,22-10-23,877.00,22-10-23,866.38,22-10-23,853.25,22-10-23,838.25,22-10-23,828.88,22-10-23,822.95,22-10-23,819.25,22-10-23,815.88,22-10-23,813.60,22-10-23,811.50,22-10-23,806.75,22-10-23,800.42
20-10-23,922.58,20-10-23,896.25,20-10-23,881.25,20-10-23,870.50,20-10-23,857.38,20-10-23,843.06,20-10-23,829.70,20-10-23,823.85,20-10-23,819.85,20-10-23,816.55,20-10-23,813.70,20-10-23,811.90,20-10-23,807.15,20-10-23,801.05
19-10-23,918.32,19-10-23,890.98,19-10-23,876.36,19-10-23,866.71,19-10-23,853.52,19-10-23,839.36,19-10-23,830.86,19-10-23,825.01,19-10-23,821.41,19-10-23,817.93,19-10-23,815.18,19-10-23,813.61,19-10-23,812.84,19-10-23,807.19
18-10-23,908.38,18-10-23,882.50,18-10-23,868.25,18-10-23,859.12,18-10-23,847.00,18-10-23,833.00,18-10-23,825.88,18-10-23,821.38,18-10-23,818.38,18-10-23,815.62,18-10-23,813.25,18-10-23,812.50,18-10-23,808.25,18-10-23,802.88
17-10-23,916.44,17-10-23,886.33,17-10-23,870.39,17-10-23,859.88,17-10-23,847.12,17-10-23,832.75,17-10-23,825.50,17-10-23,820.62,17-10-23,817.38,17-10-23,814.75,17-10-23,812.50,17-10-23,811.88,17-10-23,807.38,17-10-23,801.88
16-10-23,917.22,16-10-23,889.69,16-10-23,872.30,16-10-23,861.94,16-10-23,847.62,16-10-23,832.83,16-10-23,824.75,16-10-23,820.33,16-10-23,817.42,16-10-23,814.83,16-10-23,812.00,16-10-23,811.38,16-10-23,807.00,16-10-23,802.17
15-10-23,934.00,15-10-23,900.38,15-10-23,881.85,15-10-23,869.29,15-10-23,855.25,15-10-23,838.83,15-10-23,830.75,15-10-23,825.62,15-10-23,822.75,15-10-23,820.00,15-10-23,818.17,15-10-23,817.62,15-10-23,813.33,15-10-23,807.75
13-10-23,932.08,13-10-23,899.40,13-10-23,880.85,13-10-23,868.85,13-10-23,855.10,13-10-23,838.85,13-10-23,831.10,13-10-23,826.35,13-10-23,823.20,13-10-23,821.50,13-10-23,819.50,13-10-23,818.00,13-10-23,813.75,13-10-23,808.43
12-10-23,907.06,12-10-23,884.56,12-10-23,857.72,12-10-23,841.50,12-10-23,831.04,12-10-23,818.83,12-10-23,804.80,12-10-23,798.98,12-10-23,795.45,12-10-23,793.23,12-10-23,791.30,12-10-23,790.07,12-10-23,789.96,12-10-23,785.96
11-10-23,897.80,11-10-23,876.39,11-10-23,850.58,11-10-23,835.12,11-10-23,825.00,11-10-23,812.17,11-10-23,797.88,11-10-23,792.25,11-10-23,788.62,11-10-23,786.12,11-10-23,784.25,11-10-23,782.75,11-10-23,782.38,11-10-23,778.25
10-10-23,906.25,10-10-23,883.25,10-10-23,857.38,10-10-23,842.00,10-10-23,831.75,10-10-23,818.75,10-10-23,804.38,10-10-23,798.62,10-10-23,795.12,10-10-23,793.00,10-10-23,791.12,10-10-23,789.38,10-10-23,789.50,10-10-23,785.25
09-10-23,896.75,09-10-23,872.62,09-10-23,846.83,09-10-23,831.12,09-10-23,820.50,09-10-23,807.43,09-10-23,794.00,09-10-23,788.05,09-10-23,783.88,09-10-23,781.17,09-10-23,778.83,09-10-23,776.58,09-10-23,775.83,09-10-23,771.89
08-10-23,896.42,08-10-23,873.43,08-10-23,846.81,08-10-23,828.79,08-10-23,818.05,08-10-23,805.42,08-10-23,792.50,08-10-23,785.00,08-10-23,779.75,08-10-23,776.88,08-10-23,774.12,08-10-23,772.00,08-10-23,771.25,08-10-23,765.88
06-10-23,872.19,06-10-23,849.06,06-10-23,823.75,06-10-23,807.96,06-10-23,796.40,06-10-23,784.45,06-10-23,772.00,06-10-23,765.56,06-10-23,763.00,06-10-23,760.75,06-10-23,758.50,06-10-23,757.00,06-10-23,756.50,06-10-23,752.00
05-10-23,859.33,05-10-23,837.18,05-10-23,814.62,05-10-23,803.00,05-10-23,793.95,05-10-23,783.42,05-10-23,773.17,05-10-23,767.17,05-10-23,763.17,05-10-23,760.00,05-10-23,757.08,05-10-23,756.75,05-10-23,755.83,05-10-23,751.31
04-10-23,899.64,04-10-23,876.19,04-10-23,845.92,04-10-23,830.30,04-10-23,818.30,04-10-23,805.55,04-10-23,792.05,04-10-23,783.12,04-10-23,776.88,04-10-23,774.50,04-10-23,771.88,04-10-23,768.55,04-10-23,767.13,04-10-23,762.53
03-10-23,955.69,03-10-23,927.85,03-10-23,897.92,03-10-23,878.92,03-10-23,865.00,03-10-23,850.83,03-10-23,834.00,03-10-23,823.75,03-10-23,816.04,03-10-23,811.62,03-10-23,808.12,03-10-23,805.25,03-10-23,803.15,03-10-23,797.85
02-10-23,976.35,02-10-23,941.00,02-10-23,903.93,02-10-23,882.88,02-10-23,867.75,02-10-23,852.69,02-10-23,837.31,02-10-23,827.25,02-10-23,819.62,02-10-23,815.88,02-10-23,812.10,02-10-23,809.10,02-10-23,807.62,02-10-23,803.08
01-10-23,993.40,01-10-23,958.43,01-10-23,918.75,01-10-23,894.12,01-10-23,877.20,01-10-23,860.32,01-10-23,842.88,01-10-23,831.60,01-10-23,823.96,01-10-23,819.25,01-10-23,815.36,01-10-23,811.61,01-10-23,809.00,01-10-23,803.82
29-09-23,993.03,29-09-23,957.25,29-09-23,918.62,29-09-23,894.92,29-09-23,876.88,29-09-23,861.25,29-09-23,843.45,29-09-23,832.35,29-09-23,824.50,29-09-23,819.90,29-09-23,816.15,29-09-23,812.55,29-09-23,809.95,29-09-23,804.20
28-09-23,993.95,28-09-23,959.04,28-09-23,921.14,28-09-23,900.45,28-09-23,883.60,28-09-23,866.42,28-09-23,849.75,28-09-23,838.95,28-09-23,830.80,28-09-23,825.88,28-09-23,819.50,28-09-23,815.12,28-09-23,811.38,28-09-23,805.12
27-09-23,984.10,27-09-23,954.25,27-09-23,920.12,27-09-23,899.14,27-09-23,884.17,27-09-23,868.33,27-09-23,851.58,27-09-23,840.92,27-09-23,834.08,27-09-23,829.07,27-09-23,823.08,27-09-23,819.58,27-09-23,814.58,27-09-23,809.60
26-09-23,960.62,26-09-23,933.50,26-09-23,902.62,26-09-23,887.12,26-09-23,874.12,26-09-23,860.50,26-09-23,845.62,26-09-23,837.75,26-09-23,830.56,26-09-23,826.31,26-09-23,822.62,26-09-23,818.38,26-09-23,815.12,26-09-23,808.88
25-09-23,965.12,25-09-23,936.38,25-09-23,904.00,25-09-23,887.67,25-09-23,875.08,25-09-23,862.00,25-09-23,847.25,25-09-23,838.75,25-09-23,832.00,25-09-23,827.42,25-09-23,823.08,25-09-23,818.83,25-09-23,815.12,25-09-23,809.42
24-09-23,983.12,24-09-23,950.44,24-09-23,913.62,24-09-23,894.12,24-09-23,880.42,24-09-23,866.50,24-09-23,850.83,24-09-23,841.83,24-09-23,834.17,24-09-23,828.58,24-09-23,823.50,24-09-23,818.50,24-09-23,814.25,24-09-23,807.50
22-09-23,983.00,22-09-23,950.33,22-09-23,913.88,22-09-23,894.38,22-09-23,880.62,22-09-23,866.88,22-09-23,851.12,22-09-23,842.12,22-09-23,834.88,22-09-23,829.25,22-09-23,824.12,22-09-23,819.25,22-09-23,815.38,22-09-23,808.75
21-09-23,983.45,21-09-23,951.25,21-09-23,915.18,21-09-23,897.05,21-09-23,883.81,21-09-23,868.11,21-09-23,852.36,21-09-23,843.86,21-09-23,835.77,21-09-23,830.08,21-09-23,824.44,21-09-23,819.00,21-09-23,817.35,21-09-23,810.20
20-09-23,960.86,20-09-23,931.56,20-09-23,901.58,20-09-23,884.06,20-09-23,872.38,20-09-23,858.81,20-09-23,843.81,20-09-23,836.06,20-09-23,829.81,20-09-23,823.51,20-09-23,818.73,20-09-23,816.38,20-09-23,812.12,20-09-23,806.12
19-09-23,986.83,19-09-23,953.54,19-09-23,919.29,19-09-23,902.05,19-09-23,887.60,19-09-23,874.62,19-09-23,857.00,19-09-23,848.42,19-09-23,840.83,19-09-23,834.75,19-09-23,829.25,19-09-23,824.08,19-09-23,819.58,19-09-23,812.67
18-09-23,962.81,18-09-23,932.58,18-09-23,902.42,18-09-23,887.58,18-09-23,874.11,18-09-23,861.48,18-09-23,847.19,18-09-23,841.19,18-09-23,835.02,18-09-23,830.07,18-09-23,825.11,18-09-23,820.94,18-09-23,817.25,18-09-23,810.83
17-09-23,987.19,17-09-23,951.47,17-09-23,915.38,17-09-23,896.75,17-09-23,883.20,17-09-23,870.17,17-09-23,853.38,17-09-23,845.50,17-09-23,838.25,17-09-23,832.62,17-09-23,827.25,17-09-23,822.25,17-09-23,818.25,17-09-23,811.38
15-09-23,988.94,15-09-23,953.06,15-09-23,917.39,15-09-23,898.95,15-09-23,885.60,15-09-23,872.70,15-09-23,855.95,15-09-23,848.15,15-09-23,840.95,15-09-23,835.60,15-09-23,830.10,15-09-23,825.10,15-09-23,820.85,15-09-23,813.85
14-09-23,1011.12,14-09-23,972.07,14-09-23,933.17,14-09-23,913.83,14-09-23,898.25,14-09-23,882.55,14-09-23,865.92,14-09-23,855.42,14-09-23,846.67,14-09-23,840.08,14-09-23,834.00,14-09-23,828.33,14-09-23,822.90,14-09-23,816.33
13-09-23,997.10,13-09-23,958.75,13-09-23,919.75,13-09-23,901.20,13-09-23,886.58,13-09-23,871.00,13-09-23,854.88,13-09-23,846.00,13-09-23,838.25,13-09-23,832.38,13-09-23,826.88,13-09-23,822.68,13-09-23,817.93,13-09-23,808.58
12-09-23,1003.32,12-09-23,974.05,12-09-23,937.61,12-09-23,899.84,12-09-23,881.94,12-09-23,868.10,12-09-23,854.12,12-09-23,840.14,12-09-23,832.62,12-09-23,826.34,12-09-23,821.14,12-09-23,816.14,12-09-23,811.38,12-09-23,807.19
11-09-23,1005.35,11-09-23,978.20,11-09-23,940.75,11-09-23,901.85,11-09-23,883.50,11-09-23,869.95,11-09-23,855.00,11-09-23,841.00,11-09-23,833.83,11-09-23,827.83,11-09-23,821.88,11-09-23,817.08,11-09-23,811.83,11-09-23,807.33
10-09-23,977.01,10-09-23,955.18,10-09-23,920.86,10-09-23,885.00,10-09-23,867.18,10-09-23,854.29,10-09-23,841.36,10-09-23,828.57,10-09-23,822.07,10-09-23,816.43,10-09-23,812.07,10-09-23,807.40,10-09-23,802.96,10-09-23,798.94
08-09-23,985.88,08-09-23,960.70,08-09-23,925.12,08-09-23,890.44,08-09-23,872.38,08-09-23,859.12,08-09-23,845.67,08-09-23,832.42,08-09-23,825.83,08-09-23,820.17,08-09-23,815.83,08-09-23,810.12,08-09-23,806.50,08-09-23,801.25
07-09-23,952.81,07-09-23,936.38,07-09-23,904.69,07-09-23,871.79,07-09-23,854.38,07-09-23,842.00,07-09-23,830.25,07-09-23,818.50,07-09-23,811.62,07-09-23,806.00,07-09-23,801.75,07-09-23,798.17,07-09-23,794.00,07-09-23,789.62
06-09-23,942.62,06-09-23,928.92,06-09-23,898.92,06-09-23,866.19,06-09-23,850.50,06-09-23,839.04,06-09-23,828.56,06-09-23,819.88,06-09-23,813.62,06-09-23,807.31,06-09-23,803.12,06-09-23,799.08,06-09-23,794.92,06-09-23,791.25
05-09-23,956.88,05-09-23,943.00,05-09-23,909.08,05-09-23,873.75,05-09-23,857.58,05-09-23,845.00,05-09-23,835.07,05-09-23,824.12,05-09-23,816.62,05-09-23,809.00,05-09-23,804.62,05-09-23,800.38,05-09-23,796.00,05-09-23,792.25
04-09-23,928.29,04-09-23,913.70,04-09-23,884.29,04-09-23,852.93,04-09-23,838.39,04-09-23,827.94,04-09-23,818.38,04-09-23,808.88,04-09-23,802.75,04-09-23,798.00,04-09-23,794.60,04-09-23,790.97,04-09-23,787.22,04-09-23,783.96
03-09-23,917.45,03-09-23,904.80,03-09-23,876.95,03-09-23,846.79,03-09-23,833.38,03-09-23,823.44,03-09-23,814.18,03-09-23,804.71,03-09-23,798.71,03-09-23,793.50,03-09-23,790.06,03-09-23,786.62,03-09-23,782.94,03-09-23,780.15
01-09-23,918.78,01-09-23,907.62,01-09-23,880.50,01-09-23,848.75,01-09-23,835.00,01-09-23,825.39,01-09-23,815.75,01-09-23,806.00,01-09-23,800.12,01-09-23,794.68,01-09-23,792.40,01-09-23,789.05,01-09-23,784.25,01-09-23,780.25
31-08-23,907.41,31-08-23,895.93,31-08-23,869.33,31-08-23,840.22,31-08-23,825.32,31-08-23,817.25,31-08-23,808.90,31-08-23,799.81,31-08-23,792.15,31-08-23,787.50,31-08-23,783.69,31-08-23,781.05,31-08-23,776.75,31-08-23,773.32
30-08-23,897.50,30-08-23,885.38,30-08-23,858.94,30-08-23,830.92,30-08-23,817.25,30-08-23,807.56,30-08-23,798.83,30-08-23,789.72,30-08-23,783.93,30-08-23,778.17,30-08-23,774.53,30-08-23,771.61,30-08-23,768.75,30-08-23,765.40
29-08-23,931.85,29-08-23,914.73,29-08-23,879.97,29-08-23,847.00,29-08-23,830.33,29-08-23,819.58,29-08-23,809.33,29-08-23,798.33,29-08-23,791.54,29-08-23,785.33,29-08-23,781.52,29-08-23,777.75,29-08-23,774.00,29-08-23,770.73
28-08-23,928.70,28-08-23,912.36,28-08-23,879.12,28-08-23,845.60,28-08-23,829.00,28-08-23,817.67,28-08-23,807.08,28-08-23,796.65,28-08-23,788.90,28-08-23,782.83,28-08-23,778.80,28-08-23,774.77,28-08-23,769.67,28-08-23,766.25
27-08-23,959.27,27-08-23,939.67,27-08-23,901.08,27-08-23,860.46,27-08-23,842.22,27-08-23,830.38,27-08-23,818.44,27-08-23,806.95,27-08-23,798.44,27-08-23,791.58,27-08-23,787.19,27-08-23,782.69,27-08-23,778.10,27-08-23,775.11
25-08-23,960.58,25-08-23,940.75,25-08-23,901.95,25-08-23,863.09,25-08-23,844.97,25-08-23,833.30,25-08-23,821.61,25-08-23,809.62,25-08-23,801.71,25-08-23,794.75,25-08-23,788.50,25-08-23,784.25,25-08-23,780.00,25-08-23,778.12
24-08-23,917.00,24-08-23,902.00,24-08-23,872.00,24-08-23,839.50,24-08-23,823.88,24-08-23,812.50,24-08-23,801.12,24-08-23,790.38,24-08-23,783.50,24-08-23,777.88,24-08-23,774.06,24-08-23,770.50,24-08-23,767.05,24-08-23,763.75
23-08-23,905.22,23-08-23,893.52,23-08-23,865.37,23-08-23,834.40,23-08-23,819.50,23-08-23,808.85,23-08-23,797.88,23-08-23,787.80,23-08-23,781.15,23-08-23,774.92,23-08-23,771.25,23-08-23,767.83,23-08-23,764.75,23-08-23,761.94
22-08-23,910.04,22-08-23,899.67,22-08-23,871.75,22-08-23,841.50,22-08-23,826.62,22-08-23,815.62,22-08-23,804.17,22-08-23,795.11,22-08-23,787.86,22-08-23,780.86,22-08-23,776.75,22-08-23,772.45,22-08-23,768.95,22-08-23,765.44
21-08-23,906.25,21-08-23,894.17,21-08-23,867.41,21-08-23,837.70,21-08-23,822.90,21-08-23,812.35,21-08-23,802.05,21-08-23,792.00,21-08-23,785.15,21-08-23,778.55,21-08-23,773.38,21-08-23,769.88,21-08-23,767.25,21-08-23,764.50
20-08-23,919.06,20-08-23,903.89,20-08-23,875.31,20-08-23,845.25,20-08-23,829.46,20-08-23,818.08,20-08-23,806.70,20-08-23,796.08,20-08-23,788.75,20-08-23,782.00,20-08-23,777.62,20-08-23,773.75,20-08-23,770.00,20-08-23,766.50
18-08-23,919.97,18-08-23,904.50,18-08-23,875.58,18-08-23,845.97,18-08-23,830.41,18-08-23,819.09,18-08-23,807.84,18-08-23,797.56,18-08-23,790.25,18-08-23,782.80,18-08-23,778.45,18-08-23,774.75,18-08-23,769.62,18-08-23,766.62
17-08-23,902.66,17-08-23,888.09,17-08-23,861.86,17-08-23,834.06,17-08-23,819.75,17-08-23,809.71,17-08-23,799.92,17-08-23,790.58,17-08-23,783.67,17-08-23,776.92,17-08-23,772.83,17-08-23,768.00,17-08-23,766.08,17-08-23,763.33
16-08-23,881.75,16-08-23,869.85,16-08-23,847.25,16-08-23,821.08,16-08-23,808.67,16-08-23,799.25,16-08-23,791.25,16-08-23,783.33,16-08-23,777.17,16-08-23,771.00,16-08-23,767.17,16-08-23,764.00,16-08-23,761.25,16-08-23,758.75
15-08-23,884.50,15-08-23,873.50,15-08-23,852.75,15-08-23,828.75,15-08-23,817.19,15-08-23,808.31,15-08-23,800.19,15-08-23,792.31,15-08-23,785.94,15-08-23,779.44,15-08-23,775.62,15-08-23,772.56,15-08-23,769.50,15-08-23,766.67
14-08-23,896.93,14-08-23,885.33,14-08-23,864.40,14-08-23,839.75,14-08-23,826.67,14-08-23,816.33,14-08-23,806.75,14-08-23,797.67,14-08-23,790.42,14-08-23,783.08,14-08-23,779.00,14-08-23,775.67,14-08-23,772.33,14-08-23,769.50
13-08-23,909.63,13-08-23,896.25,13-08-23,873.77,13-08-23,849.29,13-08-23,836.54,13-08-23,825.83,13-08-23,815.07,13-08-23,804.88,13-08-23,796.62,13-08-23,788.25,13-08-23,783.62,13-08-23,779.88,13-08-23,776.00,13-08-23,772.83
11-08-23,911.53,11-08-23,898.08,11-08-23,873.38,11-08-23,849.36,11-08-23,836.50,11-08-23,824.75,11-08-23,815.14,11-08-23,805.67,11-08-23,797.63,11-08-23,789.03,11-08-23,784.85,11-08-23,781.32,11-08-23,777.80,11-08-23,773.25
10-08-23,940.47,10-08-23,924.68,10-08-23,908.76,10-08-23,886.26,10-08-23,861.34,10-08-23,848.18,10-08-23,837.15,10-08-23,826.39,10-08-23,815.74,10-08-23,806.50,10-08-23,797.45,10-08-23,792.05,10-08-23,787.90,10-08-23,784.25
09-08-23,955.42,09-08-23,935.88,09-08-23,918.75,09-08-23,894.43,09-08-23,867.52,09-08-23,853.07,09-08-23,839.85,09-08-23,828.83,09-08-23,818.08,09-08-23,809.33,09-08-23,800.83,09-08-23,795.36,09-08-23,791.25,09-08-23,787.54
08-08-23,908.96,08-08-23,898.04,08-08-23,885.07,08-08-23,865.96,08-08-23,843.86,08-08-23,832.39,08-08-23,823.29,08-08-23,814.32,08-08-23,806.80,08-08-23,799.30,08-08-23,791.90,08-08-23,787.60,08-08-23,784.05,08-08-23,780.70
07-08-23,889.52,07-08-23,880.00,07-08-23,870.00,07-08-23,854.38,07-08-23,835.88,07-08-23,825.50,07-08-23,817.12,07-08-23,808.75,07-08-23,800.62,07-08-23,793.75,07-08-23,786.17,07-08-23,781.75,07-08-23,778.42,07-08-23,775.25
06-08-23,905.73,06-08-23,894.11,06-08-23,882.47,06-08-23,864.75,06-08-23,844.25,06-08-23,833.12,06-08-23,823.75,06-08-23,814.88,06-08-23,806.12,06-08-23,798.62,06-08-23,791.00,06-08-23,786.25,06-08-23,782.25,06-08-23,778.38
04-08-23,899.64,04-08-23,890.40,04-08-23,877.17,04-08-23,860.88,04-08-23,840.50,04-08-23,829.25,04-08-23,820.00,04-08-23,810.78,04-08-23,802.03,04-08-23,792.75,04-08-23,785.42,04-08-23,782.06,04-08-23,778.08,04-08-23,774.47
03-08-23,911.73,03-08-23,897.75,03-08-23,883.56,03-08-23,862.92,03-08-23,839.81,03-08-23,827.78,03-08-23,818.31,03-08-23,808.92,03-08-23,799.81,03-08-23,791.81,03-08-23,783.81,03-08-23,778.67,03-08-23,774.53,03-08-23,770.64
02-08-23,893.83,02-08-23,878.60,02-08-23,865.50,02-08-23,846.90,02-08-23,824.75,02-08-23,813.55,02-08-23,803.75,02-08-23,794.70,02-08-23,785.12,02-08-23,777.42,02-08-23,769.42,02-08-23,764.08,02-08-23,759.58,02-08-23,755.88
01-08-23,908.43,01-08-23,891.62,01-08-23,876.75,01-08-23,858.79,01-08-23,836.79,01-08-23,824.75,01-08-23,814.75,01-08-23,806.17,01-08-23,797.58,01-08-23,790.06,01-08-23,781.38,01-08-23,775.88,01-08-23,772.55,01-08-23,768.30
31-07-23,887.36,31-07-23,869.72,31-07-23,856.31,31-07-23,839.16,31-07-23,819.00,31-07-23,808.34,31-07-23,800.19,31-07-23,792.71,31-07-23,786.25,31-07-23,780.00,31-07-23,773.25,31-07-23,768.89,31-07-23,764.75,31-07-23,761.95
30-07-23,874.09,30-07-23,856.62,30-07-23,844.16,30-07-23,827.77,30-07-23,808.88,30-07-23,799.00,30-07-23,791.75,30-07-23,784.75,30-07-23,777.50,30-07-23,771.28,30-07-23,764.64,30-07-23,760.21,30-07-23,756.40,30-07-23,752.85
28-07-23,876.18,28-07-23,858.03,28-07-23,844.88,28-07-23,828.62,28-07-23,809.73,28-07-23,801.75,28-07-23,792.88,28-07-23,785.62,28-07-23,778.33,28-07-23,774.21,28-07-23,767.46,28-07-23,763.17,28-07-23,759.38,28-07-23,754.25
27-07-23,858.84,27-07-23,844.25,27-07-23,834.50,27-07-23,819.50,27-07-23,801.67,27-07-23,792.17,27-07-23,785.42,27-07-23,779.17,27-07-23,772.92,27-07-23,767.17,27-07-23,761.17,27-07-23,757.38,27-07-23,753.92,27-07-23,750.92
26-07-23,834.31,26-07-23,824.25,26-07-23,815.15,26-07-23,802.17,26-07-23,786.17,26-07-23,778.03,26-07-23,772.17,26-07-23,766.53,26-07-23,760.89,26-07-23,755.75,26-07-23,750.25,26-07-23,746.97,26-07-23,744.08,26-07-23,741.47
25-07-23,811.70,25-07-23,804.88,25-07-23,798.25,25-07-23,787.88,25-07-23,774.75,25-07-23,768.31,25-07-23,763.21,25-07-23,758.10,25-07-23,751.86,25-07-23,747.00,25-07-23,742.31,25-07-23,739.16,25-07-23,737.33,25-07-23,734.53
24-07-23,812.58,24-07-23,805.88,24-07-23,798.73,24-07-23,788.08,24-07-23,774.69,24-07-23,767.94,24-07-23,762.94,24-07-23,757.69,24-07-23,752.04,24-07-23,747.15,24-07-23,742.00,24-07-23,738.60,24-07-23,735.71,24-07-23,733.21
23-07-23,800.09,23-07-23,793.42,23-07-23,786.20,23-07-23,774.88,23-07-23,760.53,23-07-23,753.43,23-07-23,748.08,23-07-23,742.63,23-07-23,737.26,23-07-23,732.66,23-07-23,728.12,23-07-23,725.41,23-07-23,722.41,23-07-23,719.45
21-07-23,801.64,21-07-23,795.38,21-07-23,787.64,21-07-23,776.21,21-07-23,762.25,21-07-23,755.11,21-07-23,749.72,21-07-23,744.33,21-07-23,738.94,21-07-23,734.66,21-07-23,729.11,21-07-23,726.11,21-07-23,723.11,21-07-23,720.54
20-07-23,775.86,20-07-23,771.33,20-07-23,766.89,20-07-23,758.02,20-07-23,746.41,20-07-23,741.05,20-07-23,737.68,20-07-23,733.08,20-07-23,727.50,20-07-23,723.75,20-07-23,720.00,20-07-23,718.12,20-07-23,716.12,20-07-23,714.12
19-07-23,769.13,19-07-23,763.62,19-07-23,759.93,19-07-23,751.48,19-07-23,740.23,19-07-23,735.04,19-07-23,730.84,19-07-23,726.34,19-07-23,722.14,19-07-23,718.89,19-07-23,715.45,19-07-23,713.62,19-07-23,711.80,19-07-23,710.42
18-07-23,759.28,18-07-23,754.53,18-07-23,752.31,18-07-23,745.50,18-07-23,735.38,18-07-23,731.42,18-07-23,727.71,18-07-23,723.71,18-07-23,719.75,18-07-23,716.54,18-07-23,713.04,18-07-23,712.12,18-07-23,709.83,18-07-23,708.08
17-07-23,745.31,17-07-23,740.02,17-07-23,738.40,17-07-23,731.95,17-07-23,722.82,17-07-23,719.14,17-07-23,715.64,17-07-23,711.88,17-07-23,708.19,17-07-23,706.42,17-07-23,703.17,17-07-23,701.83,17-07-23,700.50,17-07-23,699.00
16-07-23,751.39,16-07-23,745.19,16-07-23,742.86,16-07-23,736.17,16-07-23,726.58,16-07-23,722.43,16-07-23,718.94,16-07-23,715.17,16-07-23,711.08,16-07-23,708.00,16-07-23,704.34,16-07-23,702.64,16-07-23,700.82,16-07-23,699.17
14-07-23,753.48,14-07-23,748.17,14-07-23,746.17,14-07-23,740.31,14-07-23,729.92,14-07-23,725.67,14-07-23,722.08,14-07-23,718.25,14-07-23,714.17,14-07-23,711.94,14-07-23,708.19,14-07-23,705.75,14-07-23,710.47,14-07-23,659.00
13-07-23,757.57,13-07-23,753.39,13-07-23,751.89,13-07-23,745.89,13-07-23,736.64,13-07-23,732.71,13-07-23,729.29,13-07-23,725.29,13-07-23,721.11,13-07-23,717.79,13-07-23,714.04,13-07-23,712.18,13-07-23,689.91,13-07-23,662.42
12-07-23,761.05,12-07-23,749.62,12-07-23,744.45,12-07-23,742.05,12-07-23,735.56,12-07-23,726.52,12-07-23,722.96,12-07-23,719.69,12-07-23,715.94,12-07-23,711.94,12-07-23,708.56,12-07-23,704.90,12-07-23,703.12,12-07-23,701.50
11-07-23,755.33,11-07-23,746.12,11-07-23,742.00,11-07-23,740.51,11-07-23,734.72,11-07-23,725.82,11-07-23,722.47,11-07-23,719.37,11-07-23,715.72,11-07-23,711.87,11-07-23,708.83,11-07-23,705.33,11-07-23,703.00,11-07-23,708.00
10-07-23,747.88,10-07-23,737.12,10-07-23,733.17,10-07-23,730.94,10-07-23,724.92,10-07-23,716.08,10-07-23,712.71,10-07-23,709.93,10-07-23,706.25,10-07-23,702.62,10-07-23,698.59,10-07-23,695.31,10-07-23,695.62,10-07-23,680.84
09-07-23,749.55,09-07-23,737.93,09-07-23,733.42,09-07-23,730.79,09-07-23,723.77,09-07-23,714.23,09-07-23,710.42,09-07-23,707.23,09-07-23,703.83,09-07-23,700.06,09-07-23,696.94,09-07-23,693.30,09-07-23,693.38,09-07-23,679.28
07-07-23,750.52,07-07-23,738.35,07-07-23,733.45,07-07-23,730.89,07-07-23,723.25,07-07-23,713.67,07-07-23,709.83,07-07-23,707.42,07-07-23,703.17,07-07-23,699.25,07-07-23,696.62,07-07-23,693.25,07-07-23,693.38,07-07-23,679.28
06-07-23,731.75,06-07-23,717.68,06-07-23,713.71,06-07-23,712.71,06-07-23,706.75,06-07-23,698.62,06-07-23,695.59,06-07-23,693.00,06-07-23,690.12,06-07-23,687.00,06-07-23,684.79,06-07-23,680.71,06-07-23,680.75,06-07-23,671.78
05-07-23,736.50,05-07-23,718.45,05-07-23,713.59,05-07-23,711.12,05-07-23,706.00,05-07-23,699.38,05-07-23,696.81,05-07-23,694.75,05-07-23,692.00,05-07-23,688.94,05-07-23,686.29,05-07-23,683.07,05-07-23,682.88,05-07-23,686.56
04-07-23,716.80,04-07-23,706.92,04-07-23,703.66,04-07-23,702.72,04-07-23,698.25,04-07-23,691.82,04-07-23,689.98,04-07-23,688.40,04-07-23,685.98,04-07-23,683.10,04-07-23,680.38,04-07-23,677.29,04-07-23,670.75,04-07-23,675.96
03-07-23,698.88,03-07-23,691.56,03-07-23,690.20,03-07-23,689.95,03-07-23,686.29,03-07-23,680.29,03-07-23,678.79,03-07-23,677.29,03-07-23,674.79,03-07-23,672.21,03-07-23,669.79,03-07-23,666.95,03-07-23,670.75,03-07-23,655.81
02-07-23,710.38,02-07-23,702.67,02-07-23,700.81,02-07-23,700.38,02-07-23,696.56,02-07-23,690.19,02-07-23,688.21,02-07-23,686.79,02-07-23,684.28,02-07-23,681.34,02-07-23,679.58,02-07-23,676.54,02-07-23,675.88,02-07-23,680.81
30-06-23,711.71,30-06-23,703.98,30-06-23,702.11,30-06-23,701.75,30-06-23,698.00,30-06-23,691.75,30-06-23,689.89,30-06-23,687.25,30-06-23,686.02,30-06-23,682.31,30-06-23,679.33,30-06-23,676.33,30-06-23,675.88,30-06-23,680.81
29-06-23,703.57,29-06-23,696.64,29-06-23,694.57,29-06-23,693.95,29-06-23,689.55,29-06-23,683.55,29-06-23,681.65,29-06-23,680.25,29-06-23,678.36,29-06-23,676.25,29-06-23,673.88,29-06-23,671.25,29-06-23,669.38,29-06-23,664.28
28-06-23,698.59,28-06-23,691.07,28-06-23,689.02,28-06-23,688.70,28-06-23,684.67,28-06-23,679.09,28-06-23,677.73,28-06-23,676.48,28-06-23,674.12,28-06-23,671.38,28-06-23,669.00,28-06-23,666.25,28-06-23,665.12,28-06-23,662.56
27-06-23,701.21,27-06-23,690.82,27-06-23,686.44,27-06-23,685.14,27-06-23,680.43,27-06-23,674.21,27-06-23,672.75,27-06-23,671.54,27-06-23,669.32,27-06-23,666.86,27-06-23,666.25,27-06-23,663.88,27-06-23,663.88,27-06-23,661.31
26-06-23,713.83,26-06-23,702.07,26-06-23,698.77,26-06-23,697.68,26-06-23,692.59,26-06-23,686.09,26-06-23,684.50,26-06-23,682.91,26-06-23,680.07,26-06-23,676.98,26-06-23,672.90,26-06-23,669.85,26-06-23,669.75,26-06-23,664.91
25-06-23,708.14,25-06-23,697.05,25-06-23,694.57,25-06-23,694.10,25-06-23,689.62,25-06-23,683.69,25-06-23,682.62,25-06-23,681.38,25-06-23,678.62,25-06-23,675.67,25-06-23,672.90,25-06-23,669.95,25-06-23,662.75,25-06-23,660.53
23-06-23,703.12,23-06-23,692.88,23-06-23,691.12,23-06-23,690.42,23-06-23,686.08,23-06-23,680.33,23-06-23,679.17,23-06-23,677.92,23-06-23,676.58,23-06-23,673.75,23-06-23,671.17,23-06-23,668.08,23-06-23,662.75,23-06-23,660.53
22-06-23,712.72,22-06-23,699.96,22-06-23,696.15,22-06-23,694.95,22-06-23,689.70,22-06-23,683.32,22-06-23,681.70,22-06-23,679.96,22-06-23,676.89,22-06-23,673.46,22-06-23,670.39,22-06-23,666.89,22-06-23,665.75,22-06-23,662.25
21-06-23,741.35,21-06-23,724.04,21-06-23,719.77,21-06-23,718.25,21-06-23,712.72,21-06-23,705.89,21-06-23,703.91,21-06-23,701.77,21-06-23,698.12,21-06-23,694.25,21-06-23,690.88,21-06-23,687.30,21-06-23,687.00,21-06-23,685.03
20-06-23,711.81,20-06-23,700.90,20-06-23,699.27,20-06-23,699.13,20-06-23,695.50,20-06-23,688.25,20-06-23,686.87,20-06-23,685.12,20-06-23,682.00,20-06-23,678.46,20-06-23,674.44,20-06-23,672.21,20-06-23,674.38,20-06-23,677.69
19-06-23,730.53,19-06-23,713.65,19-06-23,709.67,19-06-23,708.36,19-06-23,702.83,19-06-23,695.69,19-06-23,693.81,19-06-23,691.66,19-06-23,688.51,19-06-23,685.10,19-06-23,682.14,19-06-23,678.67,19-06-23,678.12,19-06-23,672.81
18-06-23,742.25,18-06-23,723.60,18-06-23,718.73,18-06-23,716.60,18-06-23,710.62,18-06-23,703.04,18-06-23,700.93,18-06-23,698.57,18-06-23,695.32,18-06-23,691.61,18-06-23,688.00,18-06-23,684.50,18-06-23,685.50,18-06-23,684.41
16-06-23,743.00,16-06-23,724.25,16-06-23,719.39,16-06-23,717.25,16-06-23,711.43,16-06-23,703.68,16-06-23,701.57,16-06-23,699.21,16-06-23,695.96,16-06-23,692.25,16-06-23,688.89,16-06-23,685.21,16-06-23,685.50,16-06-23,684.41
15-06-23,724.58,15-06-23,711.61,15-06-23,707.88,15-06-23,706.19,15-06-23,701.00,15-06-23,694.08,15-06-23,691.92,15-06-23,690.00,15-06-23,687.17,15-06-23,683.75,15-06-23,680.67,15-06-23,677.42,15-06-23,675.50,15-06-23,678.47
14-06-23,689.18,14-06-23,680.85,14-06-23,679.22,14-06-23,679.11,14-06-23,674.75,14-06-23,669.12,14-06-23,668.00,14-06-23,667.35,14-06-23,665.00,14-06-23,661.50,14-06-23,658.88,14-06-23,655.75,14-06-23,656.00,14-06-23,656.31
13-06-23,698.42,13-06-23,690.61,13-06-23,689.00,13-06-23,688.81,13-06-23,685.10,13-06-23,679.16,13-06-23,677.00,13-06-23,675.58,13-06-23,673.33,13-06-23,670.40,13-06-23,667.30,13-06-23,664.05,13-06-23,662.50,13-06-23,667.31
12-06-23,690.39,12-06-23,680.54,12-06-23,676.57,12-06-23,676.85,12-06-23,677.73,12-06-23,674.15,12-06-23,669.43,12-06-23,668.27,12-06-23,667.54,12-06-23,665.70,12-06-23,663.47,12-06-23,661.15,12-06-23,658.18,12-06-23,662.33
11-06-23,695.50,11-06-23,685.01,11-06-23,681.33,11-06-23,681.87,11-06-23,682.84,11-06-23,679.26,11-06-23,674.36,11-06-23,673.05,11-06-23,671.98,11-06-23,669.98,11-06-23,667.59,11-06-23,665.00,11-06-23,662.14,11-06-23,666.88
09-06-23,697.04,09-06-23,687.62,09-06-23,684.25,09-06-23,684.80,09-06-23,686.19,09-06-23,682.25,09-06-23,677.35,09-06-23,676.00,09-06-23,675.00,09-06-23,672.85,09-06-23,670.50,09-06-23,667.85,09-06-23,665.10,09-06-23,666.88
08-06-23,703.10,08-06-23,693.45,08-06-23,690.37,08-06-23,690.81,08-06-23,691.63,08-06-23,688.13,08-06-23,682.79,08-06-23,681.35,08-06-23,680.03,08-06-23,676.38,08-06-23,673.75,08-06-23,672.21,08-06-23,668.68,08-06-23,666.25
07-06-23,708.73,07-06-23,699.83,07-06-23,697.02,07-06-23,697.73,07-06-23,698.73,07-06-23,695.12,07-06-23,689.52,07-06-23,687.92,07-06-23,686.56,07-06-23,684.21,07-06-23,680.46,07-06-23,679.00,07-06-23,674.79,07-06-23,675.00
06-06-23,696.05,06-06-23,687.58,06-06-23,685.64,06-06-23,686.89,06-06-23,688.50,06-06-23,685.25,06-06-23,680.11,06-06-23,678.72,06-06-23,677.58,06-06-23,675.44,06-06-23,672.94,06-06-23,670.44,06-06-23,667.33,06-06-23,667.12
05-06-23,702.38,05-06-23,693.34,05-06-23,691.23,05-06-23,692.21,05-06-23,693.71,05-06-23,690.13,05-06-23,685.42,05-06-23,683.83,05-06-23,682.75,05-06-23,680.50,05-06-23,676.75,05-06-23,674.50,05-06-23,671.75,05-06-23,669.62
04-06-23,707.30,04-06-23,699.59,04-06-23,697.45,04-06-23,698.75,04-06-23,700.12,04-06-23,697.30,04-06-23,692.20,04-06-23,690.80,04-06-23,689.40,04-06-23,687.15,04-06-23,684.50,04-06-23,682.00,04-06-23,678.90,04-06-23,670.25
02-06-23,696.81,02-06-23,689.62,02-06-23,687.56,02-06-23,689.46,02-06-23,689.50,02-06-23,686.59,02-06-23,681.84,02-06-23,680.68,02-06-23,679.52,02-06-23,679.54,02-06-23,677.46,02-06-23,674.92,02-06-23,671.38,02-06-23,670.25
01-06-23,681.12,01-06-23,673.38,01-06-23,671.62,01-06-23,673.12,01-06-23,674.88,01-06-23,672.25,01-06-23,667.62,01-06-23,666.75,01-06-23,666.00,01-06-23,664.38,01-06-23,662.50,01-06-23,660.83,01-06-23,658.17,01-06-23,656.38
31-05-23,658.22,31-05-23,651.17,31-05-23,650.46,31-05-23,652.25,31-05-23,655.00,31-05-23,653.00,31-05-23,648.57,31-05-23,648.33,31-05-23,648.85,31-05-23,647.85,31-05-23,646.60,31-05-23,645.10,31-05-23,642.88,31-05-23,644.88
30-05-23,665.45,30-05-23,660.55,30-05-23,659.69,30-05-23,662.44,30-05-23,665.44,30-05-23,663.44,30-05-23,659.44,30-05-23,659.00,30-05-23,658.81,30-05-23,657.75,30-05-23,656.31,30-05-23,655.00,30-05-23,651.94,30-05-23,653.00
29-05-23,691.72,29-05-23,686.91,29-05-23,686.00,29-05-23,688.60,29-05-23,690.81,29-05-23,688.58,29-05-23,684.31,29-05-23,683.59,29-05-23,683.25,29-05-23,681.88,29-05-23,680.25,29-05-23,678.00,29-05-23,675.00,29-05-23,672.88
28-05-23,692.27,28-05-23,687.38,28-05-23,686.73,28-05-23,689.32,28-05-23,691.60,28-05-23,689.33,28-05-23,684.97,28-05-23,684.34,28-05-23,683.84,28-05-23,682.34,28-05-23,680.46,28-05-23,678.21,28-05-23,675.34,28-05-23,672.88
26-05-23,691.77,26-05-23,686.75,26-05-23,686.12,26-05-23,688.62,26-05-23,691.00,26-05-23,688.50,26-05-23,684.12,26-05-23,683.50,26-05-23,682.88,26-05-23,681.38,26-05-23,679.50,26-05-23,677.22,26-05-23,674.04,26-05-23,672.88
25-05-23,681.44,25-05-23,676.75,25-05-23,676.43,25-05-23,679.60,25-05-23,681.60,25-05-23,679.93,25-05-23,675.00,25-05-23,675.05,25-05-23,674.50,25-05-23,673.00,25-05-23,671.20,25-05-23,668.90,25-05-23,665.95,25-05-23,662.75
24-05-23,698.88,24-05-23,694.12,24-05-23,694.59,24-05-23,696.75,24-05-23,699.00,24-05-23,696.95,24-05-23,692.45,24-05-23,691.40,24-05-23,690.35,24-05-23,688.35,24-05-23,686.05,24-05-23,683.07,24-05-23,680.18,24-05-23,678.38
23-05-23,688.58,23-05-23,685.17,23-05-23,685.04,23-05-23,687.90,23-05-23,690.31,23-05-23,688.32,23-05-23,684.32,23-05-23,683.36,23-05-23,682.39,23-05-23,680.86,23-05-23,678.64,23-05-23,676.14,23-05-23,673.36,23-05-23,671.62
22-05-23,685.66,22-05-23,681.33,22-05-23,680.36,22-05-23,682.40,22-05-23,684.90,22-05-23,682.65,22-05-23,678.15,22-05-23,677.20,22-05-23,676.00,22-05-23,674.25,22-05-23,672.05,22-05-23,669.80,22-05-23,667.42,22-05-23,667.50
21-05-23,680.44,21-05-23,677.23,21-05-23,676.43,21-05-23,678.23,21-05-23,680.82,21-05-23,678.68,21-05-23,674.31,21-05-23,673.24,21-05-23,672.21,21-05-23,670.27,21-05-23,667.97,21-05-23,665.97,21-05-23,663.45,21-05-23,665.62
19-05-23,683.77,19-05-23,680.72,19-05-23,679.12,19-05-23,681.55,19-05-23,683.12,19-05-23,681.38,19-05-23,676.83,19-05-23,675.75,19-05-23,674.59,19-05-23,672.19,19-05-23,670.19,19-05-23,668.19,19-05-23,665.69,19-05-23,665.62
18-05-23,694.75,18-05-23,690.00,18-05-23,688.62,18-05-23,689.75,18-05-23,691.50,18-05-23,689.00,18-05-23,684.50,18-05-23,683.38,18-05-23,682.00,18-05-23,680.12,18-05-23,677.75,18-05-23,675.12,18-05-23,672.25,18-05-23,670.62
17-05-23,702.59,17-05-23,697.42,17-05-23,695.77,17-05-23,696.37,17-05-23,697.85,17-05-23,695.44,17-05-23,690.81,17-05-23,689.69,17-05-23,688.19,17-05-23,686.19,17-05-23,683.58,17-05-23,680.72,17-05-23,677.25,17-05-23,676.62
16-05-23,682.15,16-05-23,678.25,16-05-23,678.30,16-05-23,678.88,16-05-23,680.95,16-05-23,677.00,16-05-23,672.96,16-05-23,671.96,16-05-23,671.04,16-05-23,669.29,16-05-23,667.11,16-05-23,664.31,16-05-23,661.31,16-05-23,659.88
15-05-23,688.62,15-05-23,684.80,15-05-23,684.25,15-05-23,685.64,15-05-23,687.54,15-05-23,684.91,15-05-23,680.55,15-05-23,679.66,15-05-23,678.66,15-05-23,676.66,15-05-23,674.27,15-05-23,671.75,15-05-23,668.39,15-05-23,666.62
14-05-23,661.25,14-05-23,659.91,14-05-23,660.85,14-05-23,662.42,14-05-23,664.92,14-05-23,663.15,14-05-23,659.37,14-05-23,658.90,14-05-23,658.40,14-05-23,657.60,14-05-23,655.96,14-05-23,653.83,14-05-23,651.75,14-05-23,652.38
12-05-23,663.88,12-05-23,662.25,12-05-23,663.12,12-05-23,665.00,12-05-23,667.38,12-05-23,665.81,12-05-23,661.92,12-05-23,661.58,12-05-23,661.00,12-05-23,659.84,12-05-23,658.25,12-05-23,655.79,12-05-23,653.54,12-05-23,652.38
11-05-23,700.35,11-05-23,696.39,11-05-23,693.74,11-05-23,693.76,11-05-23,695.23,11-05-23,697.01,11-05-23,694.56,11-05-23,689.75,11-05-23,688.27,11-05-23,687.00,11-05-23,684.98,11-05-23,682.33,11-05-23,680.12,11-05-23,676.62
10-05-23,695.35,10-05-23,692.00,10-05-23,691.08,10-05-23,691.67,10-05-23,693.72,10-05-23,695.86,10-05-23,693.44,10-05-23,688.88,10-05-23,687.89,10-05-23,686.57,10-05-23,684.75,10-05-23,682.43,10-05-23,679.75,10-05-23,676.62
09-05-23,693.86,09-05-23,692.79,09-05-23,692.65,09-05-23,694.10,09-05-23,696.09,09-05-23,698.65,09-05-23,696.50,09-05-23,692.11,09-05-23,691.08,09-05-23,689.83,09-05-23,688.08,09-05-23,685.83,09-05-23,682.25,09-05-23,680.58
08-05-23,687.25,08-05-23,685.68,08-05-23,685.44,08-05-23,686.44,08-05-23,688.00,08-05-23,690.50,08-05-23,688.31,08-05-23,683.54,08-05-23,682.32,08-05-23,680.86,08-05-23,678.92,08-05-23,676.46,08-05-23,675.12,08-05-23,670.68
07-05-23,675.42,07-05-23,673.66,07-05-23,673.69,07-05-23,674.83,07-05-23,676.62,07-05-23,679.33,07-05-23,677.33,07-05-23,673.35,07-05-23,672.58,07-05-23,671.65,07-05-23,669.90,07-05-23,667.70,07-05-23,662.17,07-05-23,662.17
05-05-23,677.27,05-05-23,675.43,05-05-23,675.53,05-05-23,676.58,05-05-23,678.62,05-05-23,681.44,05-05-23,679.67,05-05-23,675.19,05-05-23,674.64,05-05-23,673.64,05-05-23,671.80,05-05-23,669.75,05-05-23,662.17,05-05-23,663.75
04-05-23,648.43,04-05-23,647.25,04-05-23,648.44,04-05-23,649.75,04-05-23,652.50,04-05-23,655.64,04-05-23,653.88,04-05-23,650.12,04-05-23,649.75,04-05-23,649.38,04-05-23,649.44,04-05-23,647.88,04-05-23,644.75,04-05-23,642.25
03-05-23,638.11,03-05-23,638.50,03-05-23,639.50,03-05-23,642.09,03-05-23,644.90,03-05-23,648.96,03-05-23,647.95,03-05-23,644.95,03-05-23,645.88,03-05-23,646.00,03-05-23,645.25,03-05-23,644.00,03-05-23,640.88,03-05-23,638.25
02-05-23,662.62,02-05-23,662.45,02-05-23,663.10,02-05-23,665.36,02-05-23,667.62,02-05-23,670.75,02-05-23,669.58,02-05-23,666.17,02-05-23,666.25,02-05-23,665.83,02-05-23,664.42,02-05-23,662.58,02-05-23,661.00,02-05-23,658.25
01-05-23,692.50,01-05-23,691.81,01-05-23,692.25,01-05-23,694.00,01-05-23,696.25,01-05-23,698.96,01-05-23,697.46,01-05-23,693.25,01-05-23,692.88,01-05-23,691.50,01-05-23,689.25,01-05-23,686.50,01-05-23,684.75,01-05-23,681.00
30-04-23,687.16,30-04-23,686.85,30-04-23,688.04,30-04-23,689.81,30-04-23,691.91,30-04-23,694.56,30-04-23,694.15,30-04-23,690.67,30-04-23,690.62,30-04-23,689.88,30-04-23,688.00,30-04-23,686.12,30-04-23,689.00,30-04-23,681.57
28-04-23,692.82,28-04-23,692.18,28-04-23,693.50,28-04-23,695.00,28-04-23,697.25,28-04-23,699.75,28-04-23,698.61,28-04-23,694.83,28-04-23,694.75,28-04-23,693.94,28-04-23,692.06,28-04-23,689.75,28-04-23,689.00,28-04-23,684.33
27-04-23,684.89,27-04-23,684.79,27-04-23,685.64,27-04-23,687.00,27-04-23,688.89,27-04-23,691.00,27-04-23,689.80,27-04-23,686.25,27-04-23,686.08,27-04-23,685.50,27-04-23,684.00,27-04-23,681.95,27-04-23,679.62,27-04-23,676.75
26-04-23,691.21,26-04-23,690.25,26-04-23,690.62,26-04-23,692.06,26-04-23,692.75,26-04-23,694.58,26-04-23,693.12,26-04-23,688.38,26-04-23,687.44,26-04-23,686.44,26-04-23,684.31,26-04-23,681.87,26-04-23,679.38,26-04-23,678.00
25-04-23,714.00,25-04-23,713.12,25-04-23,713.50,25-04-23,714.00,25-04-23,715.25,25-04-23,716.50,25-04-23,713.38,25-04-23,708.88,25-04-23,707.25,25-04-23,706.50,25-04-23,704.00,25-04-23,700.83,25-04-23,697.12,25-04-23,694.33
24-04-23,735.83,24-04-23,733.25,24-04-23,733.00,24-04-23,731.57,24-04-23,731.88,24-04-23,735.00,24-04-23,731.92,24-04-23,726.92,24-04-23,725.17,24-04-23,723.42,24-04-23,720.92,24-04-23,717.83,24-04-23,713.38,24-04-23,710.38
23-04-23,722.81,23-04-23,720.44,23-04-23,720.21,23-04-23,720.73,23-04-23,721.69,23-04-23,723.40,23-04-23,720.85,23-04-23,716.04,23-04-23,714.68,23-04-23,713.60,23-04-23,711.07,23-04-23,708.25,23-04-23,705.00,23-04-23,701.25
21-04-23,725.10,21-04-23,723.20,21-04-23,722.50,21-04-23,722.84,21-04-23,724.04,21-04-23,725.75,21-04-23,723.18,21-04-23,718.43,21-04-23,717.07,21-04-23,715.96,21-04-23,713.46,21-04-23,711.30,21-04-23,705.00,21-04-23,703.64
20-04-23,717.86,20-04-23,715.98,20-04-23,716.04,20-04-23,716.71,20-04-23,719.19,20-04-23,720.00,20-04-23,717.00,20-04-23,712.00,20-04-23,710.00,20-04-23,708.75,20-04-23,706.75,20-04-23,703.75,20-04-23,701.38,20-04-23,696.75
19-04-23,739.57,19-04-23,735.75,19-04-23,733.93,19-04-23,733.61,19-04-23,733.17,19-04-23,735.19,19-04-23,731.12,19-04-23,725.25,19-04-23,722.88,19-04-23,721.51,19-04-23,718.43,19-04-23,715.09,19-04-23,712.62,19-04-23,706.10
18-04-23,755.77,18-04-23,751.73,18-04-23,749.63,18-04-23,749.31,18-04-23,749.12,18-04-23,748.93,18-04-23,744.68,18-04-23,738.86,18-04-23,735.19,18-04-23,732.81,18-04-23,729.56,18-04-23,725.84,18-04-23,723.00,18-04-23,717.75
17-04-23,760.25,17-04-23,755.42,17-04-23,752.54,17-04-23,751.79,17-04-23,751.60,17-04-23,751.85,17-04-23,747.55,17-04-23,741.00,17-04-23,737.80,17-04-23,735.60,17-04-23,732.65,17-04-23,728.95,17-04-23,725.32,17-04-23,721.33
16-04-23,771.23,16-04-23,763.91,16-04-23,760.57,16-04-23,759.62,16-04-23,759.11,16-04-23,759.10,16-04-23,754.50,16-04-23,747.39,16-04-23,743.68,16-04-23,741.18,16-04-23,737.93,16-04-23,734.25,16-04-23,729.43,16-04-23,726.12
14-04-23,771.58,14-04-23,764.25,14-04-23,760.75,14-04-23,760.45,14-04-23,761.44,14-04-23,759.67,14-04-23,756.54,14-04-23,749.83,14-04-23,746.42,14-04-23,743.12,14-04-23,740.42,14-04-23,736.75,14-04-23,729.43,14-04-23,728.17
13-04-23,777.39,13-04-23,769.83,13-04-23,765.44,13-04-23,764.33,13-04-23,763.08,13-04-23,762.42,13-04-23,757.58,13-04-23,750.58,13-04-23,746.83,13-04-23,743.75,13-04-23,739.92,13-04-23,735.55,13-04-23,729.43,13-04-23,727.88
12-04-23,779.30,12-04-23,772.22,12-04-23,763.56,12-04-23,759.99,12-04-23,758.31,12-04-23,757.23,12-04-23,756.47,12-04-23,751.45,12-04-23,744.64,12-04-23,741.11,12-04-23,738.14,12-04-23,734.47,12-04-23,730.25,12-04-23,726.75
11-04-23,777.75,11-04-23,771.88,11-04-23,764.25,11-04-23,760.38,11-04-23,759.05,11-04-23,757.55,11-04-23,756.80,11-04-23,752.00,11-04-23,745.30,11-04-23,741.75,11-04-23,738.90,11-04-23,734.88,11-04-23,731.75,11-04-23,727.11
10-04-23,777.18,10-04-23,774.32,10-04-23,765.12,10-04-23,761.17,10-04-23,758.67,10-04-23,756.67,10-04-23,755.42,10-04-23,749.92,10-04-23,742.93,10-04-23,738.92,10-04-23,735.95,10-04-23,732.30,10-04-23,729.12,10-04-23,725.50
09-04-23,778.55,09-04-23,774.12,09-04-23,765.88,09-04-23,762.22,09-04-23,760.35,09-04-23,758.64,09-04-23,758.15,09-04-23,752.68,09-04-23,745.25,09-04-23,741.38,09-04-23,738.25,09-04-23,734.88,09-04-23,728.88,09-04-23,725.50
06-04-23,775.19,06-04-23,771.06,06-04-23,763.00,06-04-23,759.35,06-04-23,757.45,06-04-23,755.80,06-04-23,756.20,06-04-23,750.92,06-04-23,744.15,06-04-23,740.35,06-04-23,737.29,06-04-23,734.52,06-04-23,728.88,06-04-23,725.50
05-04-23,792.67,05-04-23,787.25,05-04-23,778.33,05-04-23,773.25,05-04-23,770.06,05-04-23,767.88,05-04-23,766.25,05-04-23,760.38,05-04-23,752.88,05-04-23,748.38,05-04-23,744.75,05-04-23,740.88,05-04-23,736.50,05-04-23,730.71
04-04-23,787.68,04-04-23,780.92,04-04-23,772.25,04-04-23,767.83,04-04-23,764.92,04-04-23,762.42,04-04-23,760.92,04-04-23,755.00,04-04-23,747.50,04-04-23,743.25,04-04-23,739.92,04-04-23,736.35,04-04-23,730.50,04-04-23,726.96
03-04-23,785.50,03-04-23,776.93,03-04-23,767.54,03-04-23,762.25,03-04-23,759.07,03-04-23,756.84,03-04-23,755.59,03-04-23,750.09,03-04-23,744.12,03-04-23,740.02,03-04-23,736.25,03-04-23,733.12,03-04-23,730.50,03-04-23,727.00
02-04-23,801.50,02-04-23,790.20,02-04-23,776.68,02-04-23,770.00,02-04-23,766.50,02-04-23,764.08,02-04-23,762.50,02-04-23,757.41,02-04-23,750.69,02-04-23,746.66,02-04-23,743.38,02-04-23,739.41,02-04-23,710.12,02-04-23,707.25
31-03-23,768.42,31-03-23,757.69,31-03-23,745.31,31-03-23,739.69,31-03-23,736.62,31-03-23,734.69,31-03-23,733.62,31-03-23,729.06,31-03-23,722.88,31-03-23,719.31,31-03-23,717.19,31-03-23,714.19,31-03-23,710.12,31-03-23,707.25
30-03-23,756.17,30-03-23,744.80,30-03-23,733.12,30-03-23,728.25,30-03-23,725.94,30-03-23,724.44,30-03-23,723.69,30-03-23,719.19,30-03-23,713.12,30-03-23,709.69,30-03-23,707.50,30-03-23,705.17,30-03-23,702.62,30-03-23,700.00
29-03-23,752.62,29-03-23,741.92,29-03-23,730.30,29-03-23,725.25,29-03-23,722.95,29-03-23,721.70,29-03-23,721.53,29-03-23,717.10,29-03-23,711.15,29-03-23,708.54,29-03-23,705.50,29-03-23,703.75,29-03-23,700.25,29-03-23,698.38
28-03-23,777.17,28-03-23,759.33,28-03-23,742.75,28-03-23,735.92,28-03-23,733.00,28-03-23,731.42,28-03-23,730.25,28-03-23,725.83,28-03-23,719.67,28-03-23,716.25,28-03-23,714.75,28-03-23,712.08,28-03-23,710.00,28-03-23,707.75
27-03-23,783.75,27-03-23,760.88,27-03-23,743.75,27-03-23,736.75,27-03-23,734.00,27-03-23,732.38,27-03-23,731.38,27-03-23,726.50,27-03-23,720.25,27-03-23,716.88,27-03-23,715.00,27-03-23,712.88,27-03-23,710.00,27-03-23,707.38
26-03-23,773.40,26-03-23,745.88,26-03-23,727.36,26-03-23,719.39,26-03-23,716.43,26-03-23,715.00,26-03-23,713.80,26-03-23,709.62,26-03-23,703.35,26-03-23,700.40,26-03-23,698.95,26-03-23,698.00,26-03-23,696.00,26-03-23,691.38
24-03-23,770.54,24-03-23,743.50,24-03-23,726.12,24-03-23,716.82,24-03-23,713.85,24-03-23,712.34,24-03-23,711.62,24-03-23,707.45,24-03-23,701.40,24-03-23,698.45,24-03-23,697.86,24-03-23,696.61,24-03-23,696.00,24-03-23,691.38
23-03-23,775.56,23-03-23,746.78,23-03-23,728.72,23-03-23,721.29,23-03-23,719.17,23-03-23,718.14,23-03-23,717.36,23-03-23,712.83,23-03-23,706.58,23-03-23,703.54,23-03-23,701.79,23-03-23,700.06,23-03-23,694.25,23-03-23,691.62
22-03-23,778.00,22-03-23,747.25,22-03-23,729.72,22-03-23,720.67,22-03-23,717.92,22-03-23,716.67,22-03-23,715.92,22-03-23,712.83,22-03-23,706.58,22-03-23,703.50,22-03-23,701.83,22-03-23,698.50,22-03-23,696.38,22-03-23,694.25
21-03-23,776.58,21-03-23,747.60,21-03-23,728.06,21-03-23,719.33,21-03-23,717.62,21-03-23,716.38,21-03-23,715.62,21-03-23,711.12,21-03-23,704.88,21-03-23,701.75,21-03-23,700.25,21-03-23,698.62,21-03-23,700.25,21-03-23,691.39
20-03-23,772.44,20-03-23,742.17,20-03-23,723.58,20-03-23,714.69,20-03-23,712.58,20-03-23,711.79,20-03-23,711.32,20-03-23,707.35,20-03-23,701.35,20-03-23,698.45,20-03-23,699.15,20-03-23,697.60,20-03-23,694.75,20-03-23,688.21
19-03-23,775.85,19-03-23,745.08,19-03-23,725.90,19-03-23,717.38,19-03-23,714.75,19-03-23,714.06,19-03-23,713.12,19-03-23,708.75,19-03-23,702.50,19-03-23,699.50,19-03-23,698.25,19-03-23,696.50,19-03-23,693.39,19-03-23,680.29
17-03-23,770.00,17-03-23,740.86,17-03-23,721.58,17-03-23,713.08,17-03-23,710.69,17-03-23,709.69,17-03-23,709.06,17-03-23,704.56,17-03-23,698.28,17-03-23,695.31,17-03-23,693.42,17-03-23,691.25,17-03-23,693.39,17-03-23,680.29
16-03-23,762.58,16-03-23,739.60,16-03-23,722.50,16-03-23,715.50,16-03-23,713.25,16-03-23,711.38,16-03-23,710.50,16-03-23,706.58,16-03-23,700.00,16-03-23,696.83,16-03-23,695.33,16-03-23,693.50,16-03-23,691.25,16-03-23,679.00
15-03-23,754.62,15-03-23,733.25,15-03-23,719.25,15-03-23,712.75,15-03-23,710.50,15-03-23,709.00,15-03-23,707.83,15-03-23,703.75,15-03-23,697.25,15-03-23,694.12,15-03-23,692.25,15-03-23,690.50,15-03-23,688.62,15-03-23,686.62
14-03-23,791.67,14-03-23,769.89,14-03-23,753.50,14-03-23,746.20,14-03-23,742.95,14-03-23,741.00,14-03-23,739.45,14-03-23,734.00,14-03-23,726.75,14-03-23,722.90,14-03-23,720.35,14-03-23,717.80,14-03-23,714.88,14-03-23,711.88
13-03-23,807.94,13-03-23,787.59,13-03-23,772.78,13-03-23,765.25,13-03-23,761.92,13-03-23,759.75,13-03-23,758.50,13-03-23,751.81,13-03-23,744.35,13-03-23,739.65,13-03-23,736.90,13-03-23,735.00,13-03-23,732.12,13-03-23,727.88
12-03-23,820.38,12-03-23,801.99,12-03-23,789.50,12-03-23,782.55,12-03-23,778.87,12-03-23,776.25,12-03-23,774.25,12-03-23,768.12,12-03-23,760.14,12-03-23,755.45,12-03-23,752.02,12-03-23,748.50,12-03-23,726.88,12-03-23,722.50
10-03-23,814.25,10-03-23,797.00,10-03-23,784.67,10-03-23,777.58,10-03-23,774.08,10-03-23,772.00,10-03-23,770.00,10-03-23,764.17,10-03-23,757.00,10-03-23,752.43,10-03-23,749.32,10-03-23,728.46,10-03-23,726.88,10-03-23,722.50
09-03-23,784.00,09-03-23,782.12,09-03-23,770.58,09-03-23,760.88,09-03-23,755.62,09-03-23,753.00,09-03-23,751.50,09-03-23,750.75,09-03-23,745.85,09-03-23,738.60,09-03-23,734.30,09-03-23,731.50,09-03-23,727.00,09-03-23,723.25
08-03-23,810.08,08-03-23,804.38,08-03-23,790.05,08-03-23,777.70,08-03-23,771.54,08-03-23,768.23,08-03-23,766.30,08-03-23,764.65,08-03-23,758.79,08-03-23,751.66,08-03-23,747.00,08-03-23,743.59,08-03-23,740.88,08-03-23,737.12
07-03-23,823.68,07-03-23,818.50,07-03-23,803.02,07-03-23,790.84,07-03-23,782.00,07-03-23,778.25,07-03-23,776.00,07-03-23,774.00,07-03-23,766.71,07-03-23,759.17,07-03-23,756.08,07-03-23,752.58,07-03-23,749.25,07-03-23,745.38
06-03-23,851.15,06-03-23,845.92,06-03-23,829.35,06-03-23,816.25,06-03-23,808.33,06-03-23,805.12,06-03-23,802.12,06-03-23,799.50,06-03-23,793.18,06-03-23,785.25,06-03-23,779.94,06-03-23,774.71,06-03-23,771.62,06-03-23,767.50
03-03-23,860.38,03-03-23,852.67,03-03-23,833.92,03-03-23,819.17,03-03-23,810.92,03-03-23,806.17,03-03-23,803.91,03-03-23,801.16,03-03-23,793.18,03-03-23,782.95,03-03-23,777.55,03-03-23,773.40,03-03-23,764.94,03-03-23,768.68
02-03-23,850.18,02-03-23,840.29,02-03-23,821.25,02-03-23,807.12,02-03-23,797.88,02-03-23,793.38,02-03-23,791.42,02-03-23,787.38,02-03-23,780.00,02-03-23,771.79,02-03-23,766.39,02-03-23,762.00,02-03-23,755.75,02-03-23,754.12
01-03-23,848.88,01-03-23,839.38,01-03-23,821.25,01-03-23,806.94,01-03-23,798.88,01-03-23,794.06,01-03-23,791.00,01-03-23,788.19,01-03-23,781.38,01-03-23,771.88,01-03-23,766.38,01-03-23,761.88,01-03-23,752.36,01-03-23,751.75
28-02-23,824.59,28-02-23,816.69,28-02-23,802.65,28-02-23,791.88,28-02-23,784.80,28-02-23,780.80,28-02-23,778.50,28-02-23,776.23,28-02-23,770.17,28-02-23,762.62,28-02-23,757.57,28-02-23,753.54,28-02-23,745.18,28-02-23,742.88
27-02-23,824.50,27-02-23,813.88,27-02-23,797.45,27-02-23,785.65,27-02-23,779.00,27-02-23,774.88,27-02-23,771.00,27-02-23,768.38,27-02-23,762.00,27-02-23,754.75,27-02-23,750.38,27-02-23,749.00,27-02-23,749.31,27-02-23,743.86
24-02-23,813.12,24-02-23,805.81,24-02-23,793.00,24-02-23,783.71,24-02-23,778.03,24-02-23,774.53,24-02-23,772.40,24-02-23,770.03,24-02-23,764.88,24-02-23,758.25,24-02-23,754.61,24-02-23,751.72,24-02-23,738.88,24-02-23,745.25
23-02-23,795.07,23-02-23,789.11,23-02-23,779.25,23-02-23,772.00,23-02-23,766.62,23-02-23,763.62,23-02-23,762.08,23-02-23,760.58,23-02-23,755.88,23-02-23,749.83,23-02-23,746.92,23-02-23,744.50,23-02-23,735.75,23-02-23,738.50
22-02-23,789.62,22-02-23,783.50,22-02-23,772.00,22-02-23,763.31,22-02-23,757.33,22-02-23,754.33,22-02-23,752.83,22-02-23,751.12,22-02-23,747.20,22-02-23,740.83,22-02-23,737.42,22-02-23,734.50,22-02-23,733.83,22-02-23,724.88
21-02-23,813.00,21-02-23,805.85,21-02-23,793.00,21-02-23,782.88,21-02-23,775.75,21-02-23,771.88,21-02-23,769.00,21-02-23,766.58,21-02-23,760.67,21-02-23,754.00,21-02-23,749.75,21-02-23,745.75,21-02-23,742.50,21-02-23,737.62
20-02-23,802.21,20-02-23,795.40,20-02-23,787.25,20-02-23,778.92,20-02-23,772.92,20-02-23,771.82,20-02-23,769.70,20-02-23,767.98,20-02-23,763.06,20-02-23,753.38,20-02-23,749.46,20-02-23,745.75,20-02-23,747.62,20-02-23,742.75
17-02-23,791.59,17-02-23,792.25,17-02-23,783.67,17-02-23,776.67,17-02-23,771.42,17-02-23,768.17,17-02-23,765.00,17-02-23,765.08,17-02-23,757.86,17-02-23,752.00,17-02-23,749.25,17-02-23,747.75,17-02-23,746.07,17-02-23,740.75
16-02-23,814.08,16-02-23,810.42,16-02-23,799.75,16-02-23,788.83,16-02-23,782.17,16-02-23,778.75,16-02-23,776.83,16-02-23,774.36,16-02-23,768.70,16-02-23,761.62,16-02-23,757.71,16-02-23,754.04,16-02-23,759.39,16-02-23,746.25
15-02-23,830.95,15-02-23,822.75,15-02-23,809.58,15-02-23,798.00,15-02-23,791.65,15-02-23,788.08,15-02-23,785.83,15-02-23,784.00,15-02-23,778.40,15-02-23,770.95,15-02-23,767.15,15-02-23,763.85,15-02-23,758.88,15-02-23,754.00
14-02-23,856.00,14-02-23,844.93,14-02-23,828.08,14-02-23,813.75,14-02-23,805.25,14-02-23,800.25,14-02-23,796.38,14-02-23,793.50,14-02-23,786.00,14-02-23,777.50,14-02-23,772.50,14-02-23,768.88,14-02-23,764.12,14-02-23,758.75
13-02-23,840.50,13-02-23,832.92,13-02-23,817.17,13-02-23,805.31,13-02-23,797.75,13-02-23,793.00,13-02-23,789.75,13-02-23,786.69,13-02-23,779.25,13-02-23,770.88,13-02-23,765.69,13-02-23,762.55,13-02-23,758.62,13-02-23,753.00
10-02-23,831.67,10-02-23,829.00,10-02-23,814.83,10-02-23,804.17,10-02-23,793.75,10-02-23,788.38,10-02-23,793.25,10-02-23,789.75,10-02-23,787.00,10-02-23,779.84,10-02-23,771.54,10-02-23,766.97,10-02-23,764.88,10-02-23,757.75
09-02-23,814.50,09-02-23,816.33,09-02-23,807.40,09-02-23,795.00,09-02-23,786.00,09-02-23,779.62,09-02-23,775.36,09-02-23,772.95,09-02-23,770.95,09-02-23,764.45,09-02-23,756.95,09-02-23,752.90,09-02-23,749.88,09-02-23,752.66
08-02-23,841.00,08-02-23,839.75,08-02-23,830.11,08-02-23,816.75,08-02-23,806.50,08-02-23,800.50,08-02-23,796.67,08-02-23,793.42,08-02-23,791.25,08-02-23,784.42,08-02-23,776.17,08-02-23,771.75,08-02-23,767.75,08-02-23,763.67
07-02-23,840.88,07-02-23,836.62,07-02-23,824.38,07-02-23,809.25,07-02-23,797.75,07-02-23,791.36,07-02-23,787.36,07-02-23,785.38,07-02-23,782.62,07-02-23,776.50,07-02-23,768.25,07-02-23,764.05,07-02-23,758.62,07-02-23,754.63
06-02-23,797.20,06-02-23,794.90,06-02-23,785.83,06-02-23,775.45,06-02-23,767.95,06-02-23,763.31,06-02-23,760.06,06-02-23,757.81,06-02-23,756.81,06-02-23,751.31,06-02-23,744.31,06-02-23,740.94,06-02-23,742.14,06-02-23,733.06
03-02-23,802.44,03-02-23,797.50,03-02-23,785.68,03-02-23,772.68,03-02-23,763.67,03-02-23,758.33,03-02-23,754.50,03-02-23,752.91,03-02-23,751.55,03-02-23,746.16,03-02-23,739.16,03-02-23,736.34,03-02-23,711.75,03-02-23,731.00
02-02-23,845.50,02-02-23,837.12,02-02-23,817.62,02-02-23,800.88,02-02-23,790.12,02-02-23,784.00,02-02-23,778.25,02-02-23,774.70,02-02-23,772.20,02-02-23,765.45,02-02-23,757.70,02-02-23,753.80,02-02-23,743.20,02-02-23,750.38
01-02-23,868.75,01-02-23,856.50,01-02-23,833.67,01-02-23,814.42,01-02-23,802.42,01-02-23,796.67,01-02-23,791.67,01-02-23,787.92,01-02-23,785.17,01-02-23,778.33,01-02-23,770.42,01-02-23,766.25,01-02-23,763.25,01-02-23,761.83
31-01-23,920.75,31-01-23,903.30,31-01-23,875.88,31-01-23,852.88,31-01-23,837.12,31-01-23,828.75,31-01-23,821.75,31-01-23,815.62,31-01-23,810.95,31-01-23,801.75,31-01-23,792.38,31-01-23,788.10,31-01-23,765.16,31-01-23,778.27
30-01-23,894.72,30-01-23,879.06,30-01-23,851.43,30-01-23,831.16,30-01-23,817.05,30-01-23,809.39,30-01-23,801.62,30-01-23,796.12,30-01-23,791.38,30-01-23,783.44,30-01-23,776.47,30-01-23,771.11,30-01-23,760.41,30-01-23,763.75
27-01-23,933.44,27-01-23,915.25,27-01-23,881.83,27-01-23,855.67,27-01-23,838.94,27-01-23,830.31,27-01-23,823.25,27-01-23,816.69,27-01-23,811.46,27-01-23,801.88,27-01-23,792.12,27-01-23,785.42,27-01-23,778.88,27-01-23,773.88
26-01-23,969.50,26-01-23,946.12,26-01-23,907.12,26-01-23,877.38,26-01-23,857.88,26-01-23,848.25,26-01-23,840.88,26-01-23,834.50,26-01-23,829.00,26-01-23,820.12,26-01-23,810.38,26-01-23,803.00,26-01-23,795.62,26-01-23,789.75
25-01-23,955.58,25-01-23,933.62,25-01-23,897.00,25-01-23,868.75,25-01-23,849.58,25-01-23,840.42,25-01-23,833.75,25-01-23,828.00,25-01-23,823.88,25-01-23,815.00,25-01-23,805.92,25-01-23,798.83,25-01-23,793.38,25-01-23,789.00
24-01-23,982.88,24-01-23,958.38,24-01-23,916.92,24-01-23,886.33,24-01-23,864.83,24-01-23,854.67,24-01-23,848.15,24-01-23,842.90,24-01-23,837.42,24-01-23,829.75,24-01-23,820.67,24-01-23,813.50,24-01-23,809.00,24-01-23,801.35
23-01-23,1011.75,23-01-23,985.25,23-01-23,939.62,23-01-23,906.38,23-01-23,884.88,23-01-23,873.88,23-01-23,866.50,23-01-23,859.58,23-01-23,854.58,23-01-23,846.54,23-01-23,837.46,23-01-23,829.71,23-01-23,822.88,23-01-23,816.38
20-01-23,984.50,20-01-23,956.85,20-01-23,915.75,20-01-23,883.50,20-01-23,865.25,20-01-23,854.88,20-01-23,847.50,20-01-23,841.62,20-01-23,836.38,20-01-23,826.33,20-01-23,818.62,20-01-23,811.25,20-01-23,817.09,20-01-23,804.00
19-01-23,966.08,19-01-23,941.33,19-01-23,904.52,19-01-23,875.52,19-01-23,853.83,19-01-23,843.50,19-01-23,836.50,19-01-23,829.33,19-01-23,823.58,19-01-23,815.25,19-01-23,806.08,19-01-23,799.67,19-01-23,794.25,19-01-23,788.25
18-01-23,931.17,18-01-23,905.33,18-01-23,872.50,18-01-23,847.50,18-01-23,831.58,18-01-23,823.25,18-01-23,817.25,18-01-23,812.00,18-01-23,807.75,18-01-23,800.75,18-01-23,792.75,18-01-23,786.58,18-01-23,784.25,18-01-23,779.88
17-01-23,933.14,17-01-23,911.25,17-01-23,879.75,17-01-23,856.75,17-01-23,842.00,17-01-23,834.33,17-01-23,828.38,17-01-23,822.92,17-01-23,818.21,17-01-23,810.54,17-01-23,802.12,17-01-23,795.67,17-01-23,794.75,17-01-23,790.50
16-01-23,933.33,16-01-23,906.42,16-01-23,871.75,16-01-23,847.45,16-01-23,831.00,16-01-23,823.08,16-01-23,816.50,16-01-23,810.95,16-01-23,805.95,16-01-23,798.20,16-01-23,789.70,16-01-23,783.30,16-01-23,782.00,16-01-23,778.38
13-01-23,935.50,13-01-23,907.62,13-01-23,873.94,13-01-23,849.81,13-01-23,834.69,13-01-23,827.00,13-01-23,822.62,13-01-23,817.50,13-01-23,812.88,13-01-23,804.08,13-01-23,796.62,13-01-23,790.25,13-01-23,787.25,13-01-23,783.38
12-01-23,918.50,12-01-23,889.88,12-01-23,856.50,12-01-23,833.75,12-01-23,821.96,12-01-23,814.00,12-01-23,810.75,12-01-23,805.96,12-01-23,801.20,12-01-23,794.15,12-01-23,785.95,12-01-23,777.88,12-01-23,772.50,12-01-23,763.09
11-01-23,911.56,11-01-23,902.12,11-01-23,874.00,11-01-23,842.75,11-01-23,821.38,11-01-23,809.00,11-01-23,802.58,11-01-23,797.83,11-01-23,794.12,11-01-23,790.25,11-01-23,783.38,11-01-23,775.25,11-01-23,770.75,11-01-23,771.00
10-01-23,898.75,10-01-23,880.88,10-01-23,850.50,10-01-23,818.50,10-01-23,797.00,10-01-23,784.50,10-01-23,779.50,10-01-23,777.31,10-01-23,774.12,10-01-23,771.62,10-01-23,766.12,10-01-23,759.62,10-01-23,753.00,10-01-23,749.88
09-01-23,885.00,09-01-23,863.00,09-01-23,836.00,09-01-23,805.88,09-01-23,785.42,09-01-23,774.45,09-01-23,771.56,09-01-23,770.89,09-01-23,768.14,09-01-23,765.64,09-01-23,760.39,09-01-23,754.39,09-01-23,749.00,09-01-23,747.00
06-01-23,877.42,06-01-23,857.33,06-01-23,832.12,06-01-23,805.60,06-01-23,785.75,06-01-23,774.43,06-01-23,769.19,06-01-23,765.42,06-01-23,761.64,06-01-23,758.64,06-01-23,753.11,06-01-23,746.61,06-01-23,742.12,06-01-23,739.12
05-01-23,866.12,05-01-23,849.00,05-01-23,826.38,05-01-23,801.38,05-01-23,783.38,05-01-23,773.12,05-01-23,768.62,05-01-23,765.12,05-01-23,761.50,05-01-23,758.12,05-01-23,752.12,05-01-23,745.25,05-01-23,739.38,05-01-23,735.75
04-01-23,860.00,04-01-23,846.12,04-01-23,826.42,04-01-23,802.75,04-01-23,784.92,04-01-23,774.75,04-01-23,770.38,04-01-23,763.94,04-01-23,760.88,04-01-23,758.08,04-01-23,752.21,04-01-23,746.44,04-01-23,742.38,04-01-23,740.25
03-01-23,883.25,03-01-23,871.75,03-01-23,852.25,03-01-23,827.25,03-01-23,809.42,03-01-23,798.75,03-01-23,793.67,03-01-23,788.50,03-01-23,785.17,03-01-23,781.00,03-01-23,774.83,03-01-23,767.75,03-01-23,760.00,03-01-23,749.66
30-12-22,942.25,30-12-22,926.33,30-12-22,903.20,30-12-22,874.60,30-12-22,851.98,30-12-22,838.47,30-12-22,831.28,30-12-22,825.75,30-12-22,820.33,30-12-22,814.00,30-12-22,805.93,30-12-22,797.54,30-12-22,790.88,30-12-22,787.00
29-12-22,931.00,29-12-22,915.80,29-12-22,891.35,29-12-22,860.35,29-12-22,836.55,29-12-22,822.62,29-12-22,814.62,29-12-22,810.33,29-12-22,804.42,29-12-22,798.42,29-12-22,790.33,29-12-22,781.17,29-12-22,776.75,29-12-22,761.34
28-12-22,947.75,28-12-22,933.06,28-12-22,906.50,28-12-22,874.12,28-12-22,849.00,28-12-22,833.69,28-12-22,825.56,28-12-22,820.06,28-12-22,814.81,28-12-22,809.17,28-12-22,801.17,28-12-22,793.62,28-12-22,783.38,28-12-22,788.50
27-12-22,966.67,27-12-22,950.83,27-12-22,923.92,27-12-22,890.58,27-12-22,865.50,27-12-22,850.17,27-12-22,841.83,27-12-22,835.58,27-12-22,829.17,27-12-22,824.25,27-12-22,816.00,27-12-22,807.50,27-12-22,803.00,27-12-22,807.61
23-12-22,926.86,23-12-22,914.25,23-12-22,891.00,23-12-22,862.00,23-12-22,840.20,23-12-22,827.11,23-12-22,820.40,23-12-22,815.56,23-12-22,809.69,23-12-22,804.50,23-12-22,797.31,23-12-22,789.31,23-12-22,783.50,23-12-22,779.75
22-12-22,894.12,22-12-22,882.58,22-12-22,861.50,22-12-22,833.25,22-12-22,812.17,22-12-22,799.83,22-12-22,793.00,22-12-22,788.58,22-12-22,784.17,22-12-22,779.83,22-12-22,772.92,22-12-22,765.42,22-12-22,762.12,22-12-22,758.88
21-12-22,900.62,21-12-22,891.00,21-12-22,872.00,21-12-22,846.25,21-12-22,826.62,21-12-22,814.75,21-12-22,808.00,21-12-22,803.25,21-12-22,798.00,21-12-22,793.12,21-12-22,785.88,21-12-22,778.25,21-12-22,776.62,21-12-22,774.38
20-12-22,873.00,20-12-22,862.33,20-12-22,843.55,20-12-22,820.05,20-12-22,802.55,20-12-22,792.38,20-12-22,787.55,20-12-22,784.05,20-12-22,780.30,20-12-22,776.75,20-12-22,770.25,20-12-22,763.55,20-12-22,761.12,20-12-22,764.18
19-12-22,882.53,19-12-22,869.50,19-12-22,847.62,19-12-22,822.62,19-12-22,804.12,19-12-22,791.90,19-12-22,785.65,19-12-22,781.65,19-12-22,777.65,19-12-22,773.65,19-12-22,767.15,19-12-22,759.90,19-12-22,756.50,19-12-22,754.25
16-12-22,890.92,16-12-22,876.33,16-12-22,849.25,16-12-22,820.44,16-12-22,800.19,16-12-22,787.88,16-12-22,779.82,16-12-22,776.81,16-12-22,773.06,16-12-22,769.06,16-12-22,762.06,16-12-22,754.31,16-12-22,753.50,16-12-22,756.57
15-12-22,930.38,15-12-22,912.58,15-12-22,887.00,15-12-22,858.58,15-12-22,836.28,15-12-22,822.56,15-12-22,815.00,15-12-22,809.31,15-12-22,804.56,15-12-22,800.38,15-12-22,792.62,15-12-22,784.06,15-12-22,775.00,15-12-22,778.34
14-12-22,932.22,14-12-22,915.93,14-12-22,895.00,14-12-22,866.58,14-12-22,845.50,14-12-22,830.59,14-12-22,823.12,14-12-22,818.86,14-12-22,815.42,14-12-22,810.42,14-12-22,802.75,14-12-22,794.67,14-12-22,790.12,14-12-22,786.62
13-12-22,889.00,13-12-22,875.09,13-12-22,854.97,13-12-22,833.13,13-12-22,816.45,13-12-22,804.04,13-12-22,796.88,13-12-22,794.50,13-12-22,790.68,13-12-22,787.07,13-12-22,780.86,13-12-22,774.00,13-12-22,769.75,13-12-22,772.00
12-12-22,844.17,12-12-22,834.17,12-12-22,817.42,12-12-22,797.67,12-12-22,784.25,12-12-22,775.92,12-12-22,772.42,12-12-22,770.67,12-12-22,769.67,12-12-22,768.33,12-12-22,767.56,12-12-22,762.19,12-12-22,735.14,12-12-22,732.88
09-12-22,814.81,09-12-22,811.56,09-12-22,803.06,09-12-22,790.56,09-12-22,776.25,09-12-22,764.88,09-12-22,758.50,09-12-22,756.25,09-12-22,755.38,09-12-22,754.75,09-12-22,754.00,09-12-22,752.31,09-12-22,747.08,09-12-22,740.50
08-12-22,821.38,08-12-22,820.30,08-12-22,811.75,08-12-22,797.39,08-12-22,781.64,08-12-22,771.18,08-12-22,764.96,08-12-22,762.25,08-12-22,760.89,08-12-22,759.93,08-12-22,757.98,08-12-22,754.23,08-12-22,749.45,08-12-22,751.41
07-12-22,797.06,07-12-22,800.08,07-12-22,793.38,07-12-22,784.88,07-12-22,773.79,07-12-22,767.04,07-12-22,763.54,07-12-22,762.00,07-12-22,761.17,07-12-22,760.62,07-12-22,758.38,07-12-22,755.38,07-12-22,751.12,07-12-22,748.62
06-12-22,828.58,06-12-22,831.25,06-12-22,823.40,06-12-22,812.05,06-12-22,798.45,06-12-22,789.83,06-12-22,785.83,06-12-22,782.67,06-12-22,781.00,06-12-22,779.50,06-12-22,777.58,06-12-22,773.67,06-12-22,770.64,06-12-22,766.25
05-12-22,866.50,05-12-22,865.33,05-12-22,855.83,05-12-22,842.33,05-12-22,826.92,05-12-22,815.67,05-12-22,809.00,05-12-22,805.25,05-12-22,801.58,05-12-22,798.33,05-12-22,794.58,05-12-22,789.33,05-12-22,782.62,05-12-22,777.50
02-12-22,907.75,02-12-22,908.75,02-12-22,898.12,02-12-22,882.75,02-12-22,861.42,02-12-22,845.10,02-12-22,835.60,02-12-22,829.55,02-12-22,827.17,02-12-22,826.25,02-12-22,822.00,02-12-22,815.75,02-12-22,808.50,02-12-22,800.12
01-12-22,921.17,01-12-22,922.00,01-12-22,910.67,01-12-22,893.38,01-12-22,874.00,01-12-22,859.38,01-12-22,848.62,01-12-22,841.88,01-12-22,836.12,01-12-22,831.00,01-12-22,826.25,01-12-22,819.38,01-12-22,811.50,01-12-22,803.12
30-11-22,932.38,30-11-22,940.25,30-11-22,926.62,30-11-22,907.75,30-11-22,886.25,30-11-22,869.25,30-11-22,856.75,30-11-22,848.50,30-11-22,841.62,30-11-22,835.88,30-11-22,830.12,30-11-22,822.62,30-11-22,814.38,30-11-22,810.25
29-11-22,907.12,29-11-22,910.90,29-11-22,898.25,29-11-22,881.88,29-11-22,863.38,29-11-22,849.36,29-11-22,840.05,29-11-22,833.45,29-11-22,827.90,29-11-22,822.60,29-11-22,817.50,29-11-22,808.75,29-11-22,800.88,29-11-22,792.75
28-11-22,874.00,28-11-22,873.42,28-11-22,863.08,28-11-22,849.17,28-11-22,833.58,28-11-22,822.67,28-11-22,814.75,28-11-22,809.33,28-11-22,804.42,28-11-22,800.75,28-11-22,796.50,28-11-22,790.55,28-11-22,783.40,28-11-22,777.12
25-11-22,902.83,25-11-22,898.00,25-11-22,884.08,25-11-22,867.33,25-11-22,849.75,25-11-22,837.67,25-11-22,828.67,25-11-22,823.25,25-11-22,818.17,25-11-22,812.38,25-11-22,807.62,25-11-22,801.12,25-11-22,794.42,25-11-22,786.18
24-11-22,918.58,24-11-22,913.10,24-11-22,898.88,24-11-22,881.25,24-11-22,862.75,24-11-22,849.00,24-11-22,838.75,24-11-22,832.25,24-11-22,826.50,24-11-22,821.12,24-11-22,815.75,24-11-22,808.38,24-11-22,800.58,24-11-22,794.29
23-11-22,920.56,23-11-22,910.38,23-11-22,896.00,23-11-22,879.00,23-11-22,860.62,23-11-22,848.25,23-11-22,837.33,23-11-22,828.75,23-11-22,825.17,23-11-22,820.08,23-11-22,815.08,23-11-22,808.17,23-11-22,800.25,23-11-22,794.29
22-11-22,941.20,22-11-22,937.12,22-11-22,919.75,22-11-22,904.75,22-11-22,885.00,22-11-22,869.75,22-11-22,858.00,22-11-22,850.00,22-11-22,841.38,22-11-22,835.25,22-11-22,829.25,22-11-22,821.50,22-11-22,813.00,22-11-22,802.82
21-11-22,951.00,21-11-22,938.42,21-11-22,920.08,21-11-22,900.25,21-11-22,879.75,21-11-22,864.38,21-11-22,853.88,21-11-22,846.62,21-11-22,840.00,21-11-22,833.75,21-11-22,828.12,21-11-22,820.50,21-11-22,811.75,21-11-22,801.25
18-11-22,956.50,18-11-22,943.08,18-11-22,923.58,18-11-22,902.00,18-11-22,879.58,18-11-22,862.67,18-11-22,850.00,18-11-22,841.50,18-11-22,834.00,18-11-22,828.75,18-11-22,821.25,18-11-22,813.50,18-11-22,804.75,18-11-22,800.14
17-11-22,960.65,17-11-22,948.62,17-11-22,928.12,17-11-22,905.58,17-11-22,883.42,17-11-22,866.58,17-11-22,854.50,17-11-22,845.88,17-11-22,838.88,17-11-22,833.94,17-11-22,827.69,17-11-22,819.83,17-11-22,811.38,17-11-22,805.25
16-11-22,988.25,16-11-22,978.38,16-11-22,957.92,16-11-22,933.25,16-11-22,909.00,16-11-22,889.50,16-11-22,877.35,16-11-22,865.38,16-11-22,858.08,16-11-22,847.46,16-11-22,840.75,16-11-22,832.33,16-11-22,828.15,16-11-22,810.43
15-11-22,1000.62,15-11-22,991.25,15-11-22,970.25,15-11-22,947.38,15-11-22,923.62,15-11-22,904.62,15-11-22,890.88,15-11-22,882.12,15-11-22,874.38,15-11-22,867.88,15-11-22,861.50,15-11-22,853.00,15-11-22,843.88,15-11-22,832.25
14-11-22,973.12,14-11-22,963.12,14-11-22,942.25,14-11-22,919.67,14-11-22,896.25,14-11-22,877.08,14-11-22,863.67,14-11-22,855.50,14-11-22,848.38,14-11-22,842.12,14-11-22,835.62,14-11-22,828.50,14-11-22,820.17,14-11-22,810.25
11-11-22,986.88,11-11-22,978.00,11-11-22,958.50,11-11-22,937.50,11-11-22,913.69,11-11-22,893.71,11-11-22,879.17,11-11-22,869.42,11-11-22,860.92,11-11-22,853.42,11-11-22,846.67,11-11-22,837.08,11-11-22,827.33,11-11-22,822.00
10-11-22,975.71,10-11-22,969.16,10-11-22,947.00,10-11-22,924.36,10-11-22,901.11,10-11-22,879.00,10-11-22,864.50,10-11-22,855.00,10-11-22,847.25,10-11-22,840.00,10-11-22,832.38,10-11-22,827.61,10-11-22,815.00,10-11-22,808.53
09-11-22,1010.75,09-11-22,994.82,09-11-22,978.85,09-11-22,953.92,09-11-22,928.92,09-11-22,903.88,09-11-22,881.12,09-11-22,864.83,09-11-22,854.08,09-11-22,846.00,09-11-22,838.75,09-11-22,830.75,09-11-22,820.25,09-11-22,811.25
08-11-22,1038.88,08-11-22,1023.44,08-11-22,1007.50,08-11-22,981.67,08-11-22,954.33,08-11-22,926.88,08-11-22,904.12,08-11-22,888.00,08-11-22,877.12,08-11-22,868.62,08-11-22,861.12,08-11-22,853.75,08-11-22,842.78,08-11-22,834.75
07-11-22,1070.67,07-11-22,1042.08,07-11-22,1021.38,07-11-22,997.50,07-11-22,971.33,07-11-22,946.12,07-11-22,924.75,07-11-22,909.33,07-11-22,898.00,07-11-22,887.25,07-11-22,878.58,07-11-22,870.08,07-11-22,861.12,07-11-22,849.83
04-11-22,1115.67,04-11-22,1065.58,04-11-22,1038.75,04-11-22,1011.00,04-11-22,980.00,04-11-22,951.75,04-11-22,928.75,04-11-22,913.25,04-11-22,902.06,04-11-22,892.69,04-11-22,884.56,04-11-22,878.88,04-11-22,868.88,04-11-22,855.81
03-11-22,1105.97,03-11-22,1051.50,03-11-22,1020.25,03-11-22,990.88,03-11-22,960.75,03-11-22,931.75,03-11-22,907.62,03-11-22,891.75,03-11-22,880.38,03-11-22,871.25,03-11-22,863.38,03-11-22,855.62,03-11-22,847.88,03-11-22,837.75
02-11-22,1059.09,02-11-22,1019.00,02-11-22,995.75,02-11-22,971.81,02-11-22,945.50,02-11-22,918.58,02-11-22,897.50,02-11-22,886.00,02-11-22,876.20,02-11-22,868.75,02-11-22,861.88,02-11-22,855.38,02-11-22,846.12,02-11-22,836.17
01-11-22,1051.31,01-11-22,1000.19,01-11-22,978.00,01-11-22,955.50,01-11-22,929.75,01-11-22,904.33,01-11-22,884.58,01-11-22,871.79,01-11-22,863.68,01-11-22,856.75,01-11-22,850.89,01-11-22,845.04,01-11-22,835.60,01-11-22,829.04
31-10-22,1083.50,31-10-22,1008.00,31-10-22,978.92,31-10-22,952.50,31-10-22,923.67,31-10-22,894.83,31-10-22,873.88,31-10-22,862.12,31-10-22,853.38,31-10-22,845.88,31-10-22,840.12,31-10-22,834.25,31-10-22,826.00,31-10-22,818.88
30-10-22,1128.58,30-10-22,1036.05,30-10-22,1004.12,30-10-22,975.75,30-10-22,945.45,30-10-22,915.42,30-10-22,893.35,30-10-22,880.19,30-10-22,870.06,30-10-22,861.81,30-10-22,855.06,30-10-22,848.38,30-10-22,841.75,30-10-22,832.88
28-10-22,1130.50,28-10-22,1038.75,28-10-22,1006.00,28-10-22,977.50,28-10-22,946.75,28-10-22,916.25,28-10-22,894.25,28-10-22,881.00,28-10-22,871.12,28-10-22,862.75,28-10-22,856.00,28-10-22,849.25,28-10-22,841.75,28-10-22,832.50
27-10-22,1118.94,27-10-22,1033.50,27-10-22,1003.42,27-10-22,976.08,27-10-22,947.00,27-10-22,918.58,27-10-22,899.75,27-10-22,886.75,27-10-22,877.75,27-10-22,869.25,27-10-22,862.25,27-10-22,855.50,27-10-22,846.62,27-10-22,838.50
26-10-22,1118.12,26-10-22,1040.88,26-10-22,1011.75,26-10-22,985.08,26-10-22,954.62,26-10-22,924.88,26-10-22,904.62,26-10-22,892.62,26-10-22,883.00,26-10-22,874.38,26-10-22,866.88,26-10-22,859.88,26-10-22,851.38,26-10-22,843.42
25-10-22,1075.08,25-10-22,1005.82,25-10-22,980.08,25-10-22,956.00,25-10-22,929.42,25-10-22,903.08,25-10-22,883.08,25-10-22,871.58,25-10-22,863.50,25-10-22,854.75,25-10-22,846.00,25-10-22,838.58,25-10-22,826.96,25-10-22,822.75
24-10-22,1082.17,24-10-22,1013.00,24-10-22,984.25,24-10-22,957.75,24-10-22,929.50,24-10-22,902.25,24-10-22,882.25,24-10-22,872.05,24-10-22,861.75,24-10-22,852.62,24-10-22,844.62,24-10-22,836.88,24-10-22,828.00,24-10-22,819.00
23-10-22,1075.92,23-10-22,1007.00,23-10-22,980.25,23-10-22,955.50,23-10-22,928.56,23-10-22,900.69,23-10-22,881.75,23-10-22,869.88,23-10-22,861.00,23-10-22,852.38,23-10-22,844.88,23-10-22,837.75,23-10-22,822.75,23-10-22,820.38
21-10-22,1073.33,21-10-22,1003.50,21-10-22,976.25,21-10-22,951.38,21-10-22,925.33,21-10-22,897.75,21-10-22,877.62,21-10-22,866.25,21-10-22,857.38,21-10-22,848.88,21-10-22,841.38,21-10-22,834.25,21-10-22,822.75,21-10-22,817.38
20-10-22,1056.58,20-10-22,990.88,20-10-22,965.38,20-10-22,943.50,20-10-22,918.88,20-10-22,893.50,20-10-22,875.80,20-10-22,867.17,20-10-22,859.25,20-10-22,849.88,20-10-22,842.88,20-10-22,836.62,20-10-22,830.53,20-10-22,818.95
19-10-22,1064.75,19-10-22,999.62,19-10-22,972.88,19-10-22,950.12,19-10-22,926.38,19-10-22,902.88,19-10-22,886.38,19-10-22,875.62,19-10-22,867.50,19-10-22,859.50,19-10-22,852.25,19-10-22,842.33,19-10-22,835.62,19-10-22,829.45
18-10-22,1104.12,18-10-22,1021.88,18-10-22,992.25,18-10-22,965.88,18-10-22,938.50,18-10-22,911.50,18-10-22,893.38,18-10-22,881.75,18-10-22,873.00,18-10-22,864.25,18-10-22,856.38,18-10-22,848.88,18-10-22,841.50,18-10-22,830.75
17-10-22,1115.00,17-10-22,1040.60,17-10-22,1011.05,17-10-22,983.50,17-10-22,954.40,17-10-22,925.55,17-10-22,906.95,17-10-22,895.30,17-10-22,886.70,17-10-22,878.15,17-10-22,867.79,17-10-22,860.04,17-10-22,847.89,17-10-22,838.81
16-10-22,1102.00,16-10-22,1032.75,16-10-22,1005.92,16-10-22,980.08,16-10-22,952.50,16-10-22,925.50,16-10-22,906.25,16-10-22,894.00,16-10-22,885.50,16-10-22,877.17,16-10-22,869.75,16-10-22,862.58,16-10-22,848.62,16-10-22,845.50
14-10-22,1086.81,14-10-22,1019.88,14-10-22,993.75,14-10-22,969.38,14-10-22,943.50,14-10-22,917.50,14-10-22,900.92,14-10-22,888.25,14-10-22,879.88,14-10-22,871.62,14-10-22,864.00,14-10-22,856.75,14-10-22,848.62,14-10-22,838.38
13-10-22,1121.27,13-10-22,1051.17,13-10-22,1026.35,13-10-22,1001.05,13-10-22,973.45,13-10-22,945.60,13-10-22,925.65,13-10-22,912.25,13-10-22,902.55,13-10-22,893.10,13-10-22,884.80,13-10-22,876.40,13-10-22,869.50,13-10-22,859.12
12-10-22,1201.33,12-10-22,1104.86,12-10-22,1040.43,12-10-22,1016.10,12-10-22,991.75,12-10-22,965.55,12-10-22,940.00,12-10-22,920.61,12-10-22,906.67,12-10-22,897.36,12-10-22,888.07,12-10-22,879.18,12-10-22,870.38,12-10-22,860.38
11-10-22,1207.07,11-10-22,1077.07,11-10-22,1021.12,11-10-22,1000.50,11-10-22,978.88,11-10-22,955.00,11-10-22,930.62,11-10-22,911.88,11-10-22,896.92,11-10-22,888.17,11-10-22,879.42,11-10-22,871.33,11-10-22,859.88,11-10-22,850.50
10-10-22,1256.88,10-10-22,1097.00,10-10-22,1044.88,10-10-22,1022.50,10-10-22,998.88,10-10-22,974.50,10-10-22,947.00,10-10-22,924.94,10-10-22,910.94,10-10-22,901.92,10-10-22,892.58,10-10-22,883.92,10-10-22,884.92,10-10-22,865.25
09-10-22,1262.92,09-10-22,1160.75,09-10-22,1097.00,09-10-22,1068.30,09-10-22,1038.67,09-10-22,1007.83,09-10-22,977.00,09-10-22,952.38,09-10-22,934.50,09-10-22,922.69,09-10-22,911.75,09-10-22,901.62,09-10-22,887.43,09-10-22,879.38
07-10-22,1264.62,07-10-22,1160.05,07-10-22,1096.56,07-10-22,1067.69,07-10-22,1040.00,07-10-22,1009.25,07-10-22,978.75,07-10-22,954.00,07-10-22,936.50,07-10-22,925.00,07-10-22,914.00,07-10-22,904.25,07-10-22,887.43,07-10-22,879.38
06-10-22,1210.00,06-10-22,1118.62,06-10-22,1064.00,06-10-22,1039.19,06-10-22,1013.69,06-10-22,986.00,06-10-22,958.69,06-10-22,936.62,06-10-22,918.75,06-10-22,906.00,06-10-22,894.25,06-10-22,883.50,06-10-22,870.88,06-10-22,860.00
05-10-22,1179.17,05-10-22,1087.33,05-10-22,1034.75,05-10-22,1011.92,05-10-22,988.50,05-10-22,963.92,05-10-22,939.00,05-10-22,918.25,05-10-22,901.75,05-10-22,891.00,05-10-22,880.17,05-10-22,870.17,05-10-22,859.75,05-10-22,849.50
04-10-22,1107.88,04-10-22,1024.25,04-10-22,976.75,04-10-22,956.50,04-10-22,935.75,04-10-22,914.38,04-10-22,893.38,04-10-22,877.50,04-10-22,865.25,04-10-22,856.50,04-10-22,848.25,04-10-22,840.62,04-10-22,831.75,04-10-22,828.19
03-10-22,1034.83,03-10-22,975.50,03-10-22,932.33,03-10-22,914.42,03-10-22,895.25,03-10-22,874.58,03-10-22,855.50,03-10-22,842.58,03-10-22,832.25,03-10-22,825.17,03-10-22,818.08,03-10-22,811.83,03-10-22,806.62,03-10-22,800.12
02-10-22,1013.08,02-10-22,961.25,02-10-22,920.75,02-10-22,904.25,02-10-22,887.62,02-10-22,870.00,02-10-22,852.75,02-10-22,839.75,02-10-22,829.88,02-10-22,823.81,02-10-22,817.45,02-10-22,812.75,02-10-22,793.38,02-10-22,788.00
30-09-22,991.00,30-09-22,939.12,30-09-22,897.00,30-09-22,881.25,30-09-22,865.25,30-09-22,850.38,30-09-22,834.12,30-09-22,820.25,30-09-22,810.25,30-09-22,804.00,30-09-22,798.00,30-09-22,793.50,30-09-22,793.38,30-09-22,788.00
29-09-22,1008.75,29-09-22,959.50,29-09-22,919.12,29-09-22,903.00,29-09-22,886.00,29-09-22,868.50,29-09-22,851.75,29-09-22,839.75,29-09-22,830.25,29-09-22,824.00,29-09-22,817.88,29-09-22,812.38,29-09-22,807.12,29-09-22,801.12
28-09-22,1020.83,28-09-22,970.50,28-09-22,931.50,28-09-22,913.75,28-09-22,895.50,28-09-22,877.00,28-09-22,858.33,28-09-22,847.12,28-09-22,837.38,28-09-22,830.88,28-09-22,824.12,28-09-22,817.88,28-09-22,813.12,28-09-22,806.00
27-09-22,962.92,27-09-22,917.50,27-09-22,882.33,27-09-22,868.33,27-09-22,852.58,27-09-22,835.88,27-09-22,824.25,27-09-22,816.25,27-09-22,809.62,27-09-22,804.75,27-09-22,799.38,27-09-22,794.25,27-09-22,790.75,27-09-22,785.25
26-09-22,924.08,26-09-22,885.17,26-09-22,856.00,26-09-22,844.46,26-09-22,830.39,26-09-22,815.07,26-09-22,801.35,26-09-22,795.25,26-09-22,790.30,26-09-22,786.45,26-09-22,782.25,26-09-22,778.30,26-09-22,603.67,26-09-22,768.38
25-09-22,957.12,25-09-22,918.17,25-09-22,889.90,25-09-22,877.56,25-09-22,862.75,25-09-22,846.62,25-09-22,833.62,25-09-22,826.38,25-09-22,820.50,25-09-22,816.00,25-09-22,810.75,25-09-22,805.50,25-09-22,801.62,25-09-22,795.75
23-09-22,958.00,23-09-22,919.25,23-09-22,891.62,23-09-22,879.12,23-09-22,864.00,23-09-22,848.12,23-09-22,835.00,23-09-22,828.50,23-09-22,823.12,23-09-22,818.62,23-09-22,813.38,23-09-22,807.88,23-09-22,801.62,23-09-22,795.75
22-09-22,997.00,22-09-22,958.15,22-09-22,927.57,22-09-22,913.96,22-09-22,899.46,22-09-22,883.50,22-09-22,870.60,22-09-22,861.60,22-09-22,855.25,22-09-22,848.33,22-09-22,840.00,22-09-22,832.75,22-09-22,824.50,22-09-22,817.75
21-09-22,981.55,21-09-22,946.75,21-09-22,918.92,21-09-22,904.33,21-09-22,887.83,21-09-22,871.75,21-09-22,858.00,21-09-22,849.33,21-09-22,841.42,21-09-22,835.50,21-09-22,829.00,21-09-22,823.25,21-09-22,816.50,21-09-22,810.00
20-09-22,980.88,20-09-22,950.34,20-09-22,925.68,20-09-22,911.30,20-09-22,895.60,20-09-22,880.45,20-09-22,866.65,20-09-22,857.75,20-09-22,852.38,20-09-22,846.50,20-09-22,840.62,20-09-22,835.12,20-09-22,829.12,20-09-22,823.40
19-09-22,976.00,19-09-22,948.38,19-09-22,920.25,19-09-22,906.00,19-09-22,890.56,19-09-22,879.25,19-09-22,866.50,19-09-22,858.62,19-09-22,852.12,19-09-22,847.50,19-09-22,841.00,19-09-22,836.83,19-09-22,835.38,19-09-22,830.00
18-09-22,946.82,18-09-22,919.18,18-09-22,899.75,18-09-22,889.17,18-09-22,877.33,18-09-22,864.86,18-09-22,853.88,18-09-22,846.80,18-09-22,839.58,18-09-22,835.42,18-09-22,831.67,18-09-22,827.75,18-09-22,819.62,18-09-22,815.00
16-09-22,945.50,16-09-22,917.25,16-09-22,897.88,16-09-22,887.25,16-09-22,875.62,16-09-22,863.50,16-09-22,852.50,16-09-22,845.25,16-09-22,839.00,16-09-22,834.88,16-09-22,830.88,16-09-22,826.88,16-09-22,819.62,16-09-22,815.00
15-09-22,941.38,15-09-22,919.38,15-09-22,901.83,15-09-22,893.50,15-09-22,883.33,15-09-22,870.58,15-09-22,858.12,15-09-22,848.00,15-09-22,841.88,15-09-22,837.25,15-09-22,830.92,15-09-22,827.25,15-09-22,822.25,15-09-22,830.00
14-09-22,993.12,14-09-22,966.88,14-09-22,940.00,14-09-22,929.12,14-09-22,916.25,14-09-22,901.12,14-09-22,885.38,14-09-22,874.12,14-09-22,864.75,14-09-22,858.38,14-09-22,852.00,14-09-22,846.00,14-09-22,842.00,14-09-22,832.67
13-09-22,1052.60,13-09-22,1017.85,13-09-22,980.60,13-09-22,962.10,13-09-22,943.83,13-09-22,923.08,13-09-22,902.83,13-09-22,889.83,13-09-22,879.08,13-09-22,871.42,13-09-22,863.75,13-09-22,858.50,13-09-22,854.00,13-09-22,845.38
12-09-22,1092.42,12-09-22,1075.58,12-09-22,1038.15,12-09-22,997.17,12-09-22,975.88,12-09-22,954.39,12-09-22,933.25,12-09-22,913.50,12-09-22,901.33,12-09-22,891.08,12-09-22,883.79,12-09-22,876.50,12-09-22,869.62,12-09-22,860.71
11-09-22,1078.86,11-09-22,1061.71,11-09-22,1025.64,11-09-22,986.86,11-09-22,966.42,11-09-22,945.75,11-09-22,925.50,11-09-22,906.62,11-09-22,894.70,11-09-22,885.25,11-09-22,878.17,11-09-22,871.00,11-09-22,861.50,11-09-22,855.25
09-09-22,1083.89,09-09-22,1065.26,09-09-22,1028.68,09-09-22,986.25,09-09-22,966.00,09-09-22,945.50,09-09-22,925.50,09-09-22,906.75,09-09-22,895.00,09-09-22,884.88,09-09-22,877.62,09-09-22,866.88,09-09-22,861.50,09-09-22,855.25
08-09-22,1078.08,08-09-22,1041.00,08-09-22,1003.33,08-09-22,961.55,08-09-22,940.30,08-09-22,918.80,08-09-22,897.75,08-09-22,878.50,08-09-22,865.95,08-09-22,856.75,08-09-22,850.08,08-09-22,842.92,08-09-22,837.38,08-09-22,830.88
07-09-22,1080.56,07-09-22,1044.44,07-09-22,1005.62,07-09-22,964.62,07-09-22,942.38,07-09-22,919.38,07-09-22,898.12,07-09-22,879.65,07-09-22,866.50,07-09-22,857.15,07-09-22,851.50,07-09-22,838.25,07-09-22,836.88,07-09-22,829.38
06-09-22,1086.60,06-09-22,1053.00,06-09-22,1018.33,06-09-22,977.06,06-09-22,956.75,06-09-22,935.75,06-09-22,914.00,06-09-22,895.25,06-09-22,884.38,06-09-22,874.35,06-09-22,867.30,06-09-22,859.65,06-09-22,855.38,06-09-22,848.75
05-09-22,1122.67,05-09-22,1086.54,05-09-22,1049.62,05-09-22,1009.25,05-09-22,986.50,05-09-22,962.92,05-09-22,940.12,05-09-22,919.25,05-09-22,906.25,05-09-22,895.62,05-09-22,887.38,05-09-22,878.38,05-09-22,858.88,05-09-22,869.11
04-09-22,1129.00,04-09-22,1096.38,04-09-22,1058.12,04-09-22,1016.35,04-09-22,993.05,04-09-22,966.62,04-09-22,941.75,04-09-22,919.67,04-09-22,907.08,04-09-22,896.83,04-09-22,889.08,04-09-22,880.92,04-09-22,858.88,04-09-22,869.11
02-09-22,1097.17,02-09-22,1064.62,02-09-22,1027.68,02-09-22,988.00,02-09-22,966.17,02-09-22,945.50,02-09-22,923.25,02-09-22,903.50,02-09-22,891.50,02-09-22,881.38,02-09-22,873.75,02-09-22,866.12,02-09-22,858.88,02-09-22,869.11
01-09-22,1069.88,01-09-22,1042.88,01-09-22,1007.25,01-09-22,968.42,01-09-22,950.00,01-09-22,931.33,01-09-22,910.75,01-09-22,892.38,01-09-22,882.50,01-09-22,874.62,01-09-22,868.12,01-09-22,861.12,01-09-22,855.12,01-09-22,865.89
31-08-22,1086.25,31-08-22,1066.17,31-08-22,1031.94,31-08-22,996.00,31-08-22,977.25,31-08-22,957.00,31-08-22,934.45,31-08-22,914.15,31-08-22,900.92,31-08-22,891.42,31-08-22,882.25,31-08-22,874.38,31-08-22,867.38,31-08-22,875.36
30-08-22,1139.58,30-08-22,1113.88,30-08-22,1076.92,30-08-22,1036.11,30-08-22,1013.14,30-08-22,989.56,30-08-22,965.19,30-08-22,941.30,30-08-22,928.50,30-08-22,917.92,30-08-22,909.75,30-08-22,901.00,30-08-22,893.50,30-08-22,892.32
29-08-22,1166.38,29-08-22,1140.50,29-08-22,1104.42,29-08-22,1062.50,29-08-22,1037.58,29-08-22,1013.00,29-08-22,988.92,29-08-22,966.33,29-08-22,952.92,29-08-22,942.08,29-08-22,933.67,29-08-22,924.83,29-08-22,917.00,29-08-22,909.64
28-08-22,1185.21,28-08-22,1158.64,28-08-22,1122.50,28-08-22,1076.95,28-08-22,1048.80,28-08-22,1020.40,28-08-22,994.08,28-08-22,969.58,28-08-22,953.69,28-08-22,942.00,28-08-22,932.42,28-08-22,922.33,28-08-22,913.00,28-08-22,905.54
26-08-22,1186.44,26-08-22,1159.80,26-08-22,1123.06,26-08-22,1077.94,26-08-22,1047.38,26-08-22,1018.75,26-08-22,991.50,26-08-22,966.88,26-08-22,948.06,26-08-22,935.69,26-08-22,927.25,26-08-22,917.25,26-08-22,913.00,26-08-22,905.54
25-08-22,1164.21,25-08-22,1142.08,25-08-22,1110.70,25-08-22,1071.45,25-08-22,1049.40,25-08-22,1024.00,25-08-22,999.15,25-08-22,977.58,25-08-22,961.75,25-08-22,949.00,25-08-22,939.62,25-08-22,930.00,25-08-22,921.12,25-08-22,900.83
24-08-22,1189.05,24-08-22,1172.80,24-08-22,1142.45,24-08-22,1104.78,24-08-22,1083.81,24-08-22,1059.79,24-08-22,1035.04,24-08-22,1009.50,24-08-22,993.00,24-08-22,979.12,24-08-22,968.38,24-08-22,957.38,24-08-22,944.62,24-08-22,912.83
23-08-22,1132.08,23-08-22,1121.92,23-08-22,1094.83,23-08-22,1060.83,23-08-22,1042.83,23-08-22,1019.83,23-08-22,996.08,23-08-22,975.25,23-08-22,962.00,23-08-22,949.50,23-08-22,937.58,23-08-22,928.46,23-08-22,923.50,23-08-22,918.62
22-08-22,1104.32,22-08-22,1092.56,22-08-22,1066.92,22-08-22,1033.58,22-08-22,1016.50,22-08-22,995.80,22-08-22,970.95,22-08-22,954.38,22-08-22,938.80,22-08-22,930.25,22-08-22,922.81,22-08-22,914.88,22-08-22,911.00,22-08-22,909.10
21-08-22,1081.17,21-08-22,1068.25,21-08-22,1043.40,21-08-22,1013.00,21-08-22,997.50,21-08-22,976.38,21-08-22,954.58,21-08-22,936.62,21-08-22,926.31,21-08-22,916.75,21-08-22,910.83,21-08-22,903.33,21-08-22,896.62,21-08-22,891.96
19-08-22,1087.67,19-08-22,1073.75,19-08-22,1048.75,19-08-22,1017.50,19-08-22,1001.00,19-08-22,979.75,19-08-22,957.88,19-08-22,939.00,19-08-22,926.75,19-08-22,917.88,19-08-22,911.00,19-08-22,903.38,19-08-22,896.62,19-08-22,891.96
18-08-22,1071.00,18-08-22,1057.19,18-08-22,1032.50,18-08-22,1003.67,18-08-22,987.69,18-08-22,968.06,18-08-22,947.56,18-08-22,928.00,18-08-22,916.00,18-08-22,907.25,18-08-22,900.38,18-08-22,892.88,18-08-22,884.75,18-08-22,877.50
17-08-22,1058.88,17-08-22,1043.88,17-08-22,1020.19,17-08-22,990.06,17-08-22,974.81,17-08-22,955.56,17-08-22,936.44,17-08-22,920.69,17-08-22,909.19,17-08-22,900.44,17-08-22,893.88,17-08-22,886.08,17-08-22,874.50,17-08-22,867.25
16-08-22,1024.38,16-08-22,1011.36,16-08-22,989.75,16-08-22,965.25,16-08-22,954.17,16-08-22,939.25,16-08-22,922.58,16-08-22,910.33,16-08-22,897.75,16-08-22,889.50,16-08-22,883.67,16-08-22,877.33,16-08-22,870.50,16-08-22,864.12
15-08-22,1014.81,15-08-22,1001.89,15-08-22,981.75,15-08-22,958.85,15-08-22,947.94,15-08-22,932.17,15-08-22,915.50,15-08-22,901.75,15-08-22,890.12,15-08-22,882.25,15-08-22,876.12,15-08-22,869.75,15-08-22,871.50,15-08-22,864.75
14-08-22,1037.75,14-08-22,1025.12,14-08-22,1004.50,14-08-22,981.62,14-08-22,971.25,14-08-22,956.12,14-08-22,938.00,14-08-22,922.62,14-08-22,910.75,14-08-22,901.12,14-08-22,893.88,14-08-22,886.38,14-08-22,878.94,14-08-22,873.50
12-08-22,1045.83,12-08-22,1030.42,12-08-22,1010.17,12-08-22,986.42,12-08-22,973.88,12-08-22,959.00,12-08-22,941.12,12-08-22,925.88,12-08-22,914.00,12-08-22,904.12,12-08-22,896.88,12-08-22,889.50,12-08-22,878.94,12-08-22,873.50
11-08-22,1038.38,11-08-22,1030.79,11-08-22,1015.94,11-08-22,996.56,11-08-22,972.91,11-08-22,962.00,11-08-22,947.30,11-08-22,932.29,11-08-22,919.75,11-08-22,909.40,11-08-22,900.50,11-08-22,894.46,11-08-22,869.61,11-08-22,880.65
10-08-22,1011.42,10-08-22,1004.83,10-08-22,994.67,10-08-22,977.83,10-08-22,957.75,10-08-22,949.62,10-08-22,937.50,10-08-22,923.50,10-08-22,911.62,10-08-22,901.38,10-08-22,892.62,10-08-22,886.38,10-08-22,869.61,10-08-22,872.88
09-08-22,993.00,09-08-22,983.00,09-08-22,973.06,09-08-22,958.12,09-08-22,939.88,09-08-22,933.69,09-08-22,923.62,09-08-22,910.62,09-08-22,899.88,09-08-22,890.50,09-08-22,882.62,09-08-22,877.00,09-08-22,871.00,09-08-22,862.71
08-08-22,950.81,08-08-22,941.92,08-08-22,935.42,08-08-22,925.00,08-08-22,912.85,08-08-22,909.70,08-08-22,901.25,08-08-22,891.12,08-08-22,882.31,08-08-22,872.25,08-08-22,865.50,08-08-22,861.50,08-08-22,856.21,08-08-22,849.75
07-08-22,954.78,07-08-22,942.75,07-08-22,932.03,07-08-22,919.50,07-08-22,901.75,07-08-22,896.12,07-08-22,885.83,07-08-22,874.75,07-08-22,865.58,07-08-22,858.35,07-08-22,850.50,07-08-22,847.75,07-08-22,853.10,07-08-22,839.75
05-08-22,961.62,05-08-22,948.75,05-08-22,939.75,05-08-22,925.75,05-08-22,908.12,05-08-22,903.25,05-08-22,893.25,05-08-22,882.25,05-08-22,873.00,05-08-22,864.50,05-08-22,857.00,05-08-22,852.88,05-08-22,853.10,05-08-22,839.75
04-08-22,994.88,04-08-22,976.12,04-08-22,963.00,04-08-22,946.00,04-08-22,924.79,04-08-22,918.45,04-08-22,906.25,04-08-22,893.75,04-08-22,882.50,04-08-22,872.75,04-08-22,863.75,04-08-22,857.88,04-08-22,853.88,04-08-22,855.69
03-08-22,1033.89,03-08-22,1017.29,03-08-22,1002.18,03-08-22,982.25,03-08-22,960.00,03-08-22,950.50,03-08-22,937.75,03-08-22,924.12,03-08-22,913.75,03-08-22,902.25,03-08-22,892.50,03-08-22,886.00,03-08-22,875.12,03-08-22,865.79
02-08-22,1019.29,02-08-22,1001.68,02-08-22,987.56,02-08-22,970.88,02-08-22,950.50,02-08-22,944.38,02-08-22,934.06,02-08-22,923.00,02-08-22,911.94,02-08-22,902.92,02-08-22,894.08,02-08-22,888.08,02-08-22,877.00,02-08-22,880.00
01-08-22,1033.50,01-08-22,1019.00,01-08-22,1006.88,01-08-22,988.83,01-08-22,966.38,01-08-22,956.75,01-08-22,941.88,01-08-22,927.38,01-08-22,914.00,01-08-22,902.38,01-08-22,892.62,01-08-22,885.88,01-08-22,869.00,01-08-22,873.94
31-07-22,1070.72,31-07-22,1051.75,31-07-22,1036.27,31-07-22,1016.77,31-07-22,990.00,31-07-22,978.75,31-07-22,959.36,31-07-22,938.80,31-07-22,921.35,31-07-22,910.50,31-07-22,900.83,31-07-22,895.58,31-07-22,886.75,31-07-22,884.12
29-07-22,1074.56,29-07-22,1054.62,29-07-22,1041.06,29-07-22,1020.38,29-07-22,993.25,29-07-22,982.12,29-07-22,962.75,29-07-22,941.75,29-07-22,924.25,29-07-22,912.00,29-07-22,902.33,29-07-22,895.30,29-07-22,886.75,29-07-22,884.12
28-07-22,1092.75,28-07-22,1073.67,28-07-22,1057.38,28-07-22,1036.08,28-07-22,1004.62,28-07-22,992.25,28-07-22,970.75,28-07-22,950.50,28-07-22,934.25,28-07-22,922.00,28-07-22,912.25,28-07-22,904.62,28-07-22,898.38,28-07-22,892.12
27-07-22,1102.58,27-07-22,1082.05,27-07-22,1064.42,27-07-22,1040.88,27-07-22,1010.88,27-07-22,997.12,27-07-22,977.42,27-07-22,956.00,27-07-22,938.88,27-07-22,925.62,27-07-22,915.62,27-07-22,907.88,27-07-22,901.12,27-07-22,895.79
26-07-22,1067.00,26-07-22,1047.11,26-07-22,1029.67,26-07-22,1007.67,26-07-22,979.67,26-07-22,966.50,26-07-22,948.25,26-07-22,930.25,26-07-22,915.75,26-07-22,903.83,26-07-22,896.00,26-07-22,889.62,26-07-22,881.62,26-07-22,876.88
25-07-22,1050.92,25-07-22,1026.08,25-07-22,1007.92,25-07-22,986.58,25-07-22,960.25,25-07-22,948.42,25-07-22,932.62,25-07-22,916.25,25-07-22,903.58,25-07-22,893.58,25-07-22,885.83,25-07-22,879.67,25-07-22,873.62,25-07-22,866.44
24-07-22,1030.75,24-07-22,1008.90,24-07-22,993.34,24-07-22,973.12,24-07-22,947.70,24-07-22,935.75,24-07-22,918.85,24-07-22,903.31,24-07-22,891.75,24-07-22,883.58,24-07-22,878.75,24-07-22,873.75,24-07-22,832.00,24-07-22,860.62
22-07-22,1026.09,22-07-22,1005.08,22-07-22,989.88,22-07-22,969.38,22-07-22,944.25,22-07-22,932.38,22-07-22,915.38,22-07-22,900.50,22-07-22,888.75,22-07-22,879.50,22-07-22,873.12,22-07-22,867.88,22-07-22,832.00,22-07-22,860.62
21-07-22,1051.38,21-07-22,1029.88,21-07-22,1011.62,21-07-22,987.67,21-07-22,962.00,21-07-22,951.62,21-07-22,935.38,21-07-22,920.00,21-07-22,906.75,21-07-22,894.17,21-07-22,885.67,21-07-22,879.08,21-07-22,878.62,21-07-22,872.50
20-07-22,1072.70,20-07-22,1055.25,20-07-22,1039.25,20-07-22,1018.62,20-07-22,993.38,20-07-22,980.38,20-07-22,961.88,20-07-22,944.65,20-07-22,930.00,20-07-22,919.00,20-07-22,909.08,20-07-22,901.50,20-07-22,895.25,20-07-22,888.00
19-07-22,1081.13,19-07-22,1065.25,19-07-22,1048.81,19-07-22,1026.42,19-07-22,999.58,19-07-22,981.07,19-07-22,961.33,19-07-22,942.25,19-07-22,926.88,19-07-22,917.75,19-07-22,910.12,19-07-22,903.00,19-07-22,898.75,19-07-22,891.25
18-07-22,1079.42,18-07-22,1056.38,18-07-22,1036.12,18-07-22,1008.90,18-07-22,980.85,18-07-22,965.60,18-07-22,947.17,18-07-22,929.67,18-07-22,915.12,18-07-22,905.08,18-07-22,896.92,18-07-22,889.08,18-07-22,880.12,18-07-22,871.75
17-07-22,1098.40,17-07-22,1066.25,17-07-22,1042.00,17-07-22,1012.72,17-07-22,982.35,17-07-22,964.75,17-07-22,942.92,17-07-22,924.62,17-07-22,908.83,17-07-22,897.62,17-07-22,890.17,17-07-22,881.38,17-07-22,875.38,17-07-22,866.88
15-07-22,1103.58,15-07-22,1070.50,15-07-22,1046.88,15-07-22,1018.50,15-07-22,987.88,15-07-22,970.38,15-07-22,949.00,15-07-22,929.12,15-07-22,911.62,15-07-22,901.25,15-07-22,892.50,15-07-22,884.88,15-07-22,875.38,15-07-22,866.88
14-07-22,1094.88,14-07-22,1061.50,14-07-22,1038.25,14-07-22,1009.05,14-07-22,979.30,14-07-22,962.90,14-07-22,941.42,14-07-22,920.94,14-07-22,903.12,14-07-22,892.38,14-07-22,884.92,14-07-22,877.83,14-07-22,869.25,14-07-22,862.12
13-07-22,1096.00,13-07-22,1064.62,13-07-22,1045.00,13-07-22,1017.80,13-07-22,987.00,13-07-22,971.80,13-07-22,951.55,13-07-22,928.00,13-07-22,910.50,13-07-22,903.00,13-07-22,895.50,13-07-22,888.17,13-07-22,874.62,13-07-22,864.62
12-07-22,1150.62,12-07-22,1092.33,12-07-22,1063.08,12-07-22,1040.75,12-07-22,1013.50,12-07-22,981.19,12-07-22,963.50,12-07-22,941.81,12-07-22,922.06,12-07-22,904.12,12-07-22,894.88,12-07-22,887.38,12-07-22,880.62,12-07-22,873.12
11-07-22,1200.67,11-07-22,1117.00,11-07-22,1087.50,11-07-22,1065.17,11-07-22,1039.50,11-07-22,1005.92,11-07-22,990.42,11-07-22,971.62,11-07-22,950.50,11-07-22,932.25,11-07-22,922.25,11-07-22,915.88,11-07-22,910.88,11-07-22,897.19
10-07-22,1147.56,10-07-22,1086.00,10-07-22,1061.12,10-07-22,1043.75,10-07-22,1019.50,10-07-22,990.00,10-07-22,975.50,10-07-22,957.00,10-07-22,940.25,10-07-22,925.19,10-07-22,913.33,10-07-22,903.88,10-07-22,913.75,10-07-22,876.75
08-07-22,1147.95,08-07-22,1086.35,08-07-22,1060.38,08-07-22,1043.50,08-07-22,1020.50,08-07-22,992.75,08-07-22,978.88,08-07-22,959.38,08-07-22,941.50,08-07-22,930.06,08-07-22,916.33,08-07-22,903.42,08-07-22,913.75,08-07-22,876.75
07-07-22,1140.96,07-07-22,1091.08,07-07-22,1064.42,07-07-22,1043.42,07-07-22,1018.33,07-07-22,988.08,07-07-22,974.83,07-07-22,955.58,07-07-22,937.19,07-07-22,917.25,07-07-22,909.62,07-07-22,900.44,07-07-22,888.12,07-07-22,879.25
06-07-22,1050.17,06-07-22,1013.62,06-07-22,987.56,06-07-22,974.25,06-07-22,947.00,06-07-22,915.62,06-07-22,905.83,06-07-22,896.88,06-07-22,872.71,06-07-22,857.04,06-07-22,847.92,06-07-22,849.75,06-07-22,843.50,06-07-22,835.50
05-07-22,1141.50,05-07-22,1082.75,05-07-22,1059.50,05-07-22,1039.62,05-07-22,1014.88,05-07-22,985.50,05-07-22,975.00,05-07-22,952.88,05-07-22,934.12,05-07-22,916.00,05-07-22,904.50,05-07-22,893.88,05-07-22,870.25,05-07-22,858.25
04-07-22,1228.06,04-07-22,1178.67,04-07-22,1149.25,04-07-22,1126.12,04-07-22,1096.56,04-07-22,1063.19,04-07-22,1046.44,04-07-22,1022.12,04-07-22,999.19,04-07-22,978.38,04-07-22,964.88,04-07-22,951.12,04-07-22,941.75,04-07-22,911.04
03-07-22,1224.50,03-07-22,1179.75,03-07-22,1152.83,03-07-22,1129.75,03-07-22,1098.00,03-07-22,1062.60,03-07-22,1046.20,03-07-22,1023.75,03-07-22,999.50,03-07-22,977.62,03-07-22,963.00,03-07-22,947.15,03-07-22,900.50,03-07-22,917.75
01-07-22,1219.38,01-07-22,1175.00,01-07-22,1150.00,01-07-22,1127.58,01-07-22,1097.33,01-07-22,1061.58,01-07-22,1045.58,01-07-22,1022.92,01-07-22,998.50,01-07-22,977.08,01-07-22,962.92,01-07-22,948.33,01-07-22,900.50,01-07-22,917.75
30-06-22,1182.25,30-06-22,1143.35,30-06-22,1117.25,30-06-22,1093.70,30-06-22,1063.70,30-06-22,1030.70,30-06-22,1016.75,30-06-22,997.17,30-06-22,974.75,30-06-22,955.42,30-06-22,942.17,30-06-22,928.67,30-06-22,915.12,30-06-22,897.75
29-06-22,1195.25,29-06-22,1163.50,29-06-22,1140.30,29-06-22,1119.50,29-06-22,1091.50,29-06-22,1055.79,29-06-22,1039.29,29-06-22,1019.25,29-06-22,993.88,29-06-22,970.12,29-06-22,951.66,29-06-22,934.80,29-06-22,922.50,29-06-22,901.00
28-06-22,1234.75,28-06-22,1202.00,28-06-22,1174.88,28-06-22,1153.58,28-06-22,1123.65,28-06-22,1087.08,28-06-22,1067.32,28-06-22,1039.08,28-06-22,1006.42,28-06-22,981.25,28-06-22,963.42,28-06-22,948.62,28-06-22,925.12,28-06-22,912.40
27-06-22,1264.92,27-06-22,1227.25,27-06-22,1198.31,27-06-22,1171.62,27-06-22,1138.55,27-06-22,1094.88,27-06-22,1073.58,27-06-22,1042.92,27-06-22,1008.25,27-06-22,979.50,27-06-22,957.42,27-06-22,940.88,27-06-22,921.43,27-06-22,905.00
26-06-22,1286.25,26-06-22,1241.88,26-06-22,1206.94,26-06-22,1178.06,26-06-22,1142.50,26-06-22,1100.25,26-06-22,1076.00,26-06-22,1045.17,26-06-22,1012.50,26-06-22,983.42,26-06-22,962.42,26-06-22,936.56,26-06-22,936.79,26-06-22,901.90
24-06-22,1290.67,24-06-22,1244.75,24-06-22,1211.00,24-06-22,1185.94,24-06-22,1150.65,24-06-22,1107.90,24-06-22,1083.40,24-06-22,1049.00,24-06-22,1016.50,24-06-22,987.75,24-06-22,966.50,24-06-22,946.75,24-06-22,936.79,24-06-22,901.90
23-06-22,1282.71,23-06-22,1232.50,23-06-22,1199.83,23-06-22,1171.88,23-06-22,1135.50,23-06-22,1088.30,23-06-22,1063.67,23-06-22,1033.83,23-06-22,1000.83,23-06-22,974.38,23-06-22,952.62,23-06-22,932.00,23-06-22,919.29,23-06-22,902.25
22-06-22,1292.00,22-06-22,1247.42,22-06-22,1218.33,22-06-22,1188.33,22-06-22,1150.94,22-06-22,1105.75,22-06-22,1081.44,22-06-22,1053.62,22-06-22,1019.38,22-06-22,990.38,22-06-22,966.75,22-06-22,944.50,22-06-22,921.43,22-06-22,917.12
21-06-22,1295.88,21-06-22,1252.67,21-06-22,1221.75,21-06-22,1195.50,21-06-22,1161.92,21-06-22,1119.32,21-06-22,1098.50,21-06-22,1069.67,21-06-22,1038.62,21-06-22,1007.42,21-06-22,983.00,21-06-22,962.45,21-06-22,942.32,21-06-22,928.00
20-06-22,1318.75,20-06-22,1272.50,20-06-22,1239.25,20-06-22,1210.50,20-06-22,1174.58,20-06-22,1131.65,20-06-22,1110.31,20-06-22,1080.94,20-06-22,1048.45,20-06-22,1018.80,20-06-22,994.55,20-06-22,971.80,20-06-22,940.00,20-06-22,924.50
19-06-22,1289.75,19-06-22,1247.12,19-06-22,1216.58,19-06-22,1191.25,19-06-22,1156.75,19-06-22,1116.33,19-06-22,1100.25,19-06-22,1071.75,19-06-22,1040.42,19-06-22,1012.92,19-06-22,987.62,19-06-22,965.12,19-06-22,940.00,19-06-22,924.50
17-06-22,1289.00,17-06-22,1244.75,17-06-22,1212.69,17-06-22,1186.75,17-06-22,1152.75,17-06-22,1109.50,17-06-22,1096.25,17-06-22,1068.62,17-06-22,1039.42,17-06-22,1011.92,17-06-22,984.88,17-06-22,962.88,17-06-22,940.00,17-06-22,924.50
16-06-22,1323.25,16-06-22,1281.00,16-06-22,1249.75,16-06-22,1224.00,16-06-22,1188.38,16-06-22,1142.40,16-06-22,1124.81,16-06-22,1095.50,16-06-22,1061.75,16-06-22,1029.31,16-06-22,1006.33,16-06-22,985.88,16-06-22,974.96,16-06-22,943.38
15-06-22,1317.25,15-06-22,1274.12,15-06-22,1247.79,15-06-22,1222.05,15-06-22,1184.80,15-06-22,1138.20,15-06-22,1116.50,15-06-22,1087.50,15-06-22,1052.25,15-06-22,1023.00,15-06-22,998.25,15-06-22,974.25,15-06-22,951.00,15-06-22,935.12
14-06-22,1284.80,14-06-22,1243.83,14-06-22,1215.25,14-06-22,1191.75,14-06-22,1161.43,14-06-22,1119.43,14-06-22,1101.29,14-06-22,1074.14,14-06-22,1044.25,14-06-22,1015.00,14-06-22,992.20,14-06-22,971.20,14-06-22,951.75,14-06-22,935.12
13-06-22,1268.17,13-06-22,1232.88,13-06-22,1208.80,13-06-22,1186.80,13-06-22,1154.80,13-06-22,1112.55,13-06-22,1094.90,13-06-22,1072.50,13-06-22,1039.25,13-06-22,1010.33,13-06-22,990.25,13-06-22,968.75,13-06-22,948.62,13-06-22,943.59
12-06-22,1270.14,12-06-22,1233.39,12-06-22,1212.25,12-06-22,1189.18,12-06-22,1154.57,12-06-22,1108.07,12-06-22,1086.82,12-06-22,1063.30,12-06-22,1032.08,12-06-22,998.38,12-06-22,979.83,12-06-22,959.75,12-06-22,977.10,12-06-22,922.46
10-06-22,1378.00,10-06-22,1309.87,10-06-22,1267.19,10-06-22,1239.56,10-06-22,1214.25,10-06-22,1175.94,10-06-22,1129.32,10-06-22,1098.13,10-06-22,1071.55,10-06-22,1044.88,10-06-22,1020.30,10-06-22,997.80,10-06-22,977.10,10-06-22,922.46
09-06-22,1362.58,09-06-22,1300.25,09-06-22,1260.62,09-06-22,1234.88,09-06-22,1210.38,09-06-22,1170.00,09-06-22,1124.62,09-06-22,1094.88,09-06-22,1067.67,09-06-22,1042.75,09-06-22,1018.42,09-06-22,997.88,09-06-22,973.75,09-06-22,922.46
08-06-22,1344.92,08-06-22,1277.60,08-06-22,1242.67,08-06-22,1218.25,08-06-22,1195.50,08-06-22,1158.12,08-06-22,1114.55,08-06-22,1086.05,08-06-22,1059.95,08-06-22,1034.90,08-06-22,1010.85,08-06-22,989.40,08-06-22,969.85,08-06-22,922.46
07-06-22,1335.50,07-06-22,1267.83,07-06-22,1230.38,07-06-22,1207.00,07-06-22,1185.68,07-06-22,1149.07,07-06-22,1101.88,07-06-22,1075.50,07-06-22,1048.35,07-06-22,1022.00,07-06-22,996.85,07-06-22,975.40,07-06-22,953.38,07-06-22,919.96
06-06-22,1362.62,06-06-22,1294.38,06-06-22,1247.00,06-06-22,1213.08,06-06-22,1184.33,06-06-22,1144.08,06-06-22,1095.45,06-06-22,1066.00,06-06-22,1037.80,06-06-22,1011.05,06-06-22,985.80,06-06-22,963.15,06-06-22,945.25,06-06-22,919.17
05-06-22,1332.85,05-06-22,1283.25,05-06-22,1235.75,05-06-22,1203.06,05-06-22,1175.42,05-06-22,1137.60,05-06-22,1096.00,05-06-22,1067.65,05-06-22,1039.69,05-06-22,1015.50,05-06-22,992.50,05-06-22,970.25,05-06-22,953.36,05-06-22,850.25
03-06-22,1322.61,03-06-22,1276.50,03-06-22,1227.75,03-06-22,1192.44,03-06-22,1167.38,03-06-22,1127.35,03-06-22,1085.30,03-06-22,1057.45,03-06-22,1029.70,03-06-22,1005.83,03-06-22,984.08,03-06-22,969.12,03-06-22,950.00,03-06-22,850.25
02-06-22,1293.67,02-06-22,1244.42,02-06-22,1199.25,02-06-22,1162.55,02-06-22,1133.95,02-06-22,1097.80,02-06-22,1057.75,02-06-22,1030.75,02-06-22,1004.00,02-06-22,982.12,02-06-22,960.12,02-06-22,943.00,02-06-22,928.38,02-06-22,850.25
01-06-22,1266.83,01-06-22,1216.50,01-06-22,1173.50,01-06-22,1145.88,01-06-22,1121.62,01-06-22,1088.25,01-06-22,1049.62,01-06-22,1023.50,01-06-22,998.00,01-06-22,975.00,01-06-22,955.38,01-06-22,938.88,01-06-22,924.25,01-06-22,850.25
31-05-22,1224.42,31-05-22,1177.50,31-05-22,1138.42,31-05-22,1113.42,31-05-22,1090.42,31-05-22,1058.42,31-05-22,1020.58,31-05-22,994.75,31-05-22,969.50,31-05-22,947.42,31-05-22,929.08,31-05-22,915.17,31-05-22,904.50,31-05-22,850.25
30-05-22,1205.56,30-05-22,1161.62,30-05-22,1126.12,30-05-22,1101.12,30-05-22,1077.38,30-05-22,1045.12,30-05-22,1008.12,30-05-22,982.88,30-05-22,958.50,30-05-22,938.00,30-05-22,922.62,30-05-22,911.00,30-05-22,900.75,30-05-22,850.25
29-05-22,1184.65,29-05-22,1145.97,29-05-22,1113.33,29-05-22,1089.88,29-05-22,1067.75,29-05-22,1034.95,29-05-22,998.75,29-05-22,973.85,29-05-22,949.25,29-05-22,932.25,29-05-22,918.00,29-05-22,907.00,29-05-22,897.00,29-05-22,850.25
27-05-22,1178.33,27-05-22,1137.96,27-05-22,1109.58,27-05-22,1085.12,27-05-22,1064.08,27-05-22,1033.80,27-05-22,998.05,27-05-22,971.31,27-05-22,948.56,27-05-22,928.25,27-05-22,914.00,27-05-22,903.00,27-05-22,895.62,27-05-22,850.25
26-05-22,1166.48,26-05-22,1129.25,26-05-22,1094.03,26-05-22,1072.50,26-05-22,1049.38,26-05-22,1017.35,26-05-22,983.60,26-05-22,962.50,26-05-22,941.80,26-05-22,924.65,26-05-22,911.88,26-05-22,899.75,26-05-22,888.75,26-05-22,850.25
25-05-22,1130.12,25-05-22,1095.58,25-05-22,1063.56,25-05-22,1042.00,25-05-22,1020.00,25-05-22,990.25,25-05-22,959.12,25-05-22,940.00,25-05-22,921.88,25-05-22,906.12,25-05-22,894.50,25-05-22,885.00,25-05-22,875.25,25-05-22,850.25
24-05-22,1089.75,24-05-22,1059.33,24-05-22,1031.90,24-05-22,1014.25,24-05-22,996.75,24-05-22,971.25,24-05-22,942.90,24-05-22,924.75,24-05-22,907.45,24-05-22,892.40,24-05-22,880.75,24-05-22,871.50,24-05-22,862.50,24-05-22,850.25
23-05-22,1073.62,23-05-22,1048.75,23-05-22,1022.00,23-05-22,1004.75,23-05-22,987.45,23-05-22,965.00,23-05-22,936.88,23-05-22,917.58,23-05-22,901.50,23-05-22,886.50,23-05-22,874.50,23-05-22,864.38,23-05-22,855.25,23-05-22,850.25
22-05-22,1060.17,22-05-22,1036.75,22-05-22,1012.88,22-05-22,996.50,22-05-22,980.25,22-05-22,955.38,22-05-22,926.52,22-05-22,909.81,22-05-22,892.94,22-05-22,877.42,22-05-22,865.25,22-05-22,853.67,22-05-22,841.15,22-05-22,850.25
20-05-22,1056.88,20-05-22,1037.76,20-05-22,1009.08,20-05-22,992.83,20-05-22,976.33,20-05-22,951.08,20-05-22,922.08,20-05-22,904.17,20-05-22,887.25,20-05-22,872.50,20-05-22,860.25,20-05-22,849.00,20-05-22,839.67,20-05-22,850.25
19-05-22,1057.38,19-05-22,1035.62,19-05-22,1013.31,19-05-22,993.75,19-05-22,976.75,19-05-22,951.00,19-05-22,922.12,19-05-22,904.50,19-05-22,886.55,19-05-22,872.30,19-05-22,860.55,19-05-22,854.80,19-05-22,845.25,19-05-22,850.25
18-05-22,1036.40,18-05-22,1012.70,18-05-22,991.38,18-05-22,978.17,18-05-22,962.25,18-05-22,937.64,18-05-22,910.97,18-05-22,893.97,18-05-22,877.97,18-05-22,864.72,18-05-22,853.97,18-05-22,846.50,18-05-22,841.31,18-05-22,850.25
17-05-22,1073.25,17-05-22,1050.50,17-05-22,1028.75,17-05-22,1012.50,17-05-22,996.62,17-05-22,968.60,17-05-22,940.60,17-05-22,922.90,17-05-22,906.00,17-05-22,891.20,17-05-22,878.80,17-05-22,870.00,17-05-22,860.30,17-05-22,857.28
16-05-22,1093.38,16-05-22,1067.67,16-05-22,1043.92,16-05-22,1026.17,16-05-22,1010.10,16-05-22,983.56,16-05-22,952.58,16-05-22,934.20,16-05-22,918.35,16-05-22,905.67,16-05-22,892.42,16-05-22,878.25,16-05-22,867.85,16-05-22,857.28
15-05-22,1097.60,15-05-22,1069.38,15-05-22,1044.67,15-05-22,1027.62,15-05-22,1011.00,15-05-22,986.75,15-05-22,961.43,15-05-22,943.62,15-05-22,928.38,15-05-22,913.88,15-05-22,900.50,15-05-22,888.88,15-05-22,879.88,15-05-22,857.28
13-05-22,1089.38,13-05-22,1060.75,13-05-22,1037.42,13-05-22,1019.92,13-05-22,1003.08,13-05-22,973.92,13-05-22,950.25,13-05-22,933.25,13-05-22,917.62,13-05-22,903.62,13-05-22,890.25,13-05-22,877.12,13-05-22,866.38,13-05-22,857.28
12-05-22,1078.75,12-05-22,1058.15,12-05-22,1030.50,12-05-22,1005.50,12-05-22,988.66,12-05-22,974.38,12-05-22,952.85,12-05-22,929.42,12-05-22,914.81,12-05-22,901.19,12-05-22,889.04,12-05-22,877.46,12-05-22,868.00,12-05-22,857.28
11-05-22,1110.83,11-05-22,1094.50,11-05-22,1060.08,11-05-22,1034.94,11-05-22,1011.25,11-05-22,993.58,11-05-22,969.64,11-05-22,943.57,11-05-22,926.79,11-05-22,912.00,11-05-22,897.00,11-05-22,883.95,11-05-22,876.00,11-05-22,864.25
10-05-22,1124.12,10-05-22,1057.38,10-05-22,1022.50,10-05-22,991.88,10-05-22,971.00,10-05-22,955.90,10-05-22,931.46,10-05-22,905.25,10-05-22,890.60,10-05-22,875.25,10-05-22,862.38,10-05-22,850.25,10-05-22,854.11,10-05-22,830.75
09-05-22,1067.80,09-05-22,1044.60,09-05-22,1024.25,09-05-22,997.70,09-05-22,978.55,09-05-22,963.55,09-05-22,940.95,09-05-22,917.35,09-05-22,901.00,09-05-22,888.25,09-05-22,872.00,09-05-22,858.60,09-05-22,856.96,09-05-22,835.25
08-05-22,1145.38,08-05-22,1113.88,08-05-22,1086.00,08-05-22,1057.75,08-05-22,1036.75,08-05-22,1019.50,08-05-22,992.88,08-05-22,966.69,08-05-22,946.25,08-05-22,928.00,08-05-22,910.25,08-05-22,893.62,08-05-22,889.25,08-05-22,870.56
06-05-22,1158.25,06-05-22,1123.17,06-05-22,1090.21,06-05-22,1067.00,06-05-22,1047.75,06-05-22,1029.88,06-05-22,1001.62,06-05-22,972.88,06-05-22,953.44,06-05-22,935.25,06-05-22,918.31,06-05-22,899.25,06-05-22,889.25,06-05-22,880.62
05-05-22,1163.91,05-05-22,1135.05,05-05-22,1102.75,05-05-22,1070.88,05-05-22,1045.92,05-05-22,1025.25,05-05-22,996.75,05-05-22,967.90,05-05-22,947.55,05-05-22,928.40,05-05-22,911.90,05-05-22,896.55,05-05-22,876.79,05-05-22,870.62
04-05-22,1208.75,04-05-22,1168.00,04-05-22,1124.17,04-05-22,1077.75,04-05-22,1046.58,04-05-22,1022.83,04-05-22,991.15,04-05-22,961.50,04-05-22,940.40,04-05-22,922.08,04-05-22,902.10,04-05-22,888.38,04-05-22,873.42,04-05-22,857.70
03-05-22,1198.31,03-05-22,1138.50,03-05-22,1080.50,03-05-22,1032.38,03-05-22,1002.88,03-05-22,980.25,03-05-22,953.25,03-05-22,926.25,03-05-22,908.75,03-05-22,892.62,03-05-22,877.88,03-05-22,863.12,03-05-22,854.25,03-05-22,841.38
02-05-22,1291.31,02-05-22,1214.50,02-05-22,1129.89,02-05-22,1063.93,02-05-22,1024.25,02-05-22,997.67,02-05-22,969.95,02-05-22,939.88,02-05-22,922.12,02-05-22,905.75,02-05-22,888.55,02-05-22,873.55,02-05-22,857.62,02-05-22,851.50
01-05-22,1216.25,01-05-22,1153.58,01-05-22,1086.15,01-05-22,1029.42,01-05-22,999.00,01-05-22,976.94,01-05-22,951.75,01-05-22,926.25,01-05-22,911.25,01-05-22,896.96,01-05-22,882.06,01-05-22,868.38,01-05-22,846.29,01-05-22,842.67
29-04-22,1208.12,29-04-22,1154.67,29-04-22,1088.29,29-04-22,1032.50,29-04-22,1002.38,29-04-22,981.50,29-04-22,955.88,29-04-22,930.38,29-04-22,914.50,29-04-22,899.88,29-04-22,886.12,29-04-22,871.88,29-04-22,846.29,29-04-22,845.50
28-04-22,1206.33,28-04-22,1152.00,28-04-22,1087.30,28-04-22,1035.38,28-04-22,1006.00,28-04-22,982.38,28-04-22,955.12,28-04-22,929.58,28-04-22,913.25,28-04-22,898.58,28-04-22,883.75,28-04-22,870.25,28-04-22,858.21,28-04-22,848.58
27-04-22,1180.67,27-04-22,1125.64,27-04-22,1064.50,27-04-22,1015.50,27-04-22,986.70,27-04-22,967.06,27-04-22,944.75,27-04-22,920.62,27-04-22,903.30,27-04-22,890.30,27-04-22,877.65,27-04-22,864.90,27-04-22,856.50,27-04-22,847.00
26-04-22,1164.00,26-04-22,1106.83,26-04-22,1044.00,26-04-22,998.75,26-04-22,973.50,26-04-22,955.50,26-04-22,933.00,26-04-22,912.17,26-04-22,899.67,26-04-22,886.62,26-04-22,875.50,26-04-22,864.50,26-04-22,858.00,26-04-22,848.17
25-04-22,1107.38,25-04-22,1058.17,25-04-22,1010.75,25-04-22,972.00,25-04-22,948.50,25-04-22,931.50,25-04-22,910.83,25-04-22,889.75,25-04-22,878.75,25-04-22,868.75,25-04-22,858.38,25-04-22,848.00,25-04-22,840.46,25-04-22,829.50
24-04-22,1104.38,24-04-22,1060.17,24-04-22,1016.50,24-04-22,980.33,24-04-22,959.62,24-04-22,942.67,24-04-22,920.50,24-04-22,898.08,24-04-22,886.25,24-04-22,875.25,24-04-22,864.83,24-04-22,853.25,24-04-22,849.75,24-04-22,835.08
22-04-22,1107.33,22-04-22,1064.50,22-04-22,1020.50,22-04-22,985.00,22-04-22,963.50,22-04-22,947.12,22-04-22,924.88,22-04-22,902.75,22-04-22,890.88,22-04-22,880.25,22-04-22,869.75,22-04-22,858.75,22-04-22,849.75,22-04-22,839.38
21-04-22,1131.50,21-04-22,1082.00,21-04-22,1038.50,21-04-22,1003.38,21-04-22,981.38,21-04-22,963.80,21-04-22,943.72,21-04-22,922.92,21-04-22,910.36,21-04-22,898.75,21-04-22,886.71,21-04-22,875.29,21-04-22,862.39,21-04-22,855.95
20-04-22,1142.75,20-04-22,1089.62,20-04-22,1042.25,20-04-22,1003.12,20-04-22,977.88,20-04-22,958.31,20-04-22,936.31,20-04-22,917.25,20-04-22,904.00,20-04-22,892.17,20-04-22,882.25,20-04-22,870.75,20-04-22,858.39,20-04-22,852.25
19-04-22,1123.38,19-04-22,1069.25,19-04-22,1021.62,19-04-22,982.92,19-04-22,956.90,19-04-22,939.94,19-04-22,920.75,19-04-22,900.65,19-04-22,888.85,19-04-22,878.30,19-04-22,867.25,19-04-22,856.10,19-04-22,845.89,19-04-22,837.30
18-04-22,1152.00,18-04-22,1095.62,18-04-22,1050.00,18-04-22,1014.25,18-04-22,987.50,18-04-22,970.40,18-04-22,948.35,18-04-22,928.95,18-04-22,916.65,18-04-22,905.55,18-04-22,893.56,18-04-22,884.12,18-04-22,868.93,18-04-22,864.42
17-04-22,1175.62,17-04-22,1121.58,17-04-22,1071.15,17-04-22,1030.62,17-04-22,1001.75,17-04-22,982.25,17-04-22,957.75,17-04-22,936.50,17-04-22,923.88,17-04-22,912.00,17-04-22,900.75,17-04-22,887.12,17-04-22,880.25,17-04-22,870.25
14-04-22,1142.25,14-04-22,1098.04,14-04-22,1054.68,14-04-22,1015.00,14-04-22,994.22,14-04-22,970.17,14-04-22,946.83,14-04-22,926.60,14-04-22,915.10,14-04-22,904.30,14-04-22,892.17,14-04-22,881.08,14-04-22,880.25,14-04-22,862.80
13-04-22,1111.54,13-04-22,1063.62,13-04-22,1025.38,13-04-22,994.12,13-04-22,974.38,13-04-22,958.62,13-04-22,938.50,13-04-22,919.88,13-04-22,905.50,13-04-22,898.12,13-04-22,892.05,13-04-22,877.00,13-04-22,867.11,13-04-22,857.36
12-04-22,1103.25,12-04-22,1022.00,12-04-22,981.08,12-04-22,948.40,12-04-22,924.55,12-04-22,911.41,12-04-22,903.11,12-04-22,889.75,12-04-22,876.41,12-04-22,867.80,12-04-22,859.75,12-04-22,851.47,12-04-22,843.75,12-04-22,835.38
11-04-22,1069.71,11-04-22,982.77,11-04-22,946.55,11-04-22,922.00,11-04-22,903.75,11-04-22,895.62,11-04-22,889.06,11-04-22,877.19,11-04-22,865.28,11-04-22,858.83,11-04-22,851.71,11-04-22,842.12,11-04-22,825.00,11-04-22,825.25
10-04-22,1021.12,10-04-22,985.25,10-04-22,949.33,10-04-22,923.62,10-04-22,908.00,10-04-22,899.12,10-04-22,892.38,10-04-22,879.50,10-04-22,866.92,10-04-22,858.25,10-04-22,850.25,10-04-22,842.08,10-04-22,832.50,10-04-22,831.12
08-04-22,1027.62,08-04-22,992.88,08-04-22,958.00,08-04-22,931.83,08-04-22,917.38,08-04-22,908.12,08-04-22,900.88,08-04-22,887.62,08-04-22,873.88,08-04-22,864.62,08-04-22,856.25,08-04-22,847.88,08-04-22,832.50,08-04-22,831.12
07-04-22,1003.67,07-04-22,978.33,07-04-22,945.58,07-04-22,921.56,07-04-22,905.62,07-04-22,895.83,07-04-22,888.75,07-04-22,874.12,07-04-22,864.42,07-04-22,852.88,07-04-22,845.50,07-04-22,837.75,07-04-22,831.75,07-04-22,822.17
06-04-22,1033.88,06-04-22,996.88,06-04-22,954.57,06-04-22,920.06,06-04-22,901.31,06-04-22,889.56,06-04-22,882.38,06-04-22,869.19,06-04-22,855.38,06-04-22,846.12,06-04-22,838.31,06-04-22,830.88,06-04-22,833.50,06-04-22,826.50
05-04-22,1053.00,05-04-22,1024.80,05-04-22,974.50,05-04-22,941.92,05-04-22,923.25,05-04-22,911.75,05-04-22,903.50,05-04-22,889.42,05-04-22,876.00,05-04-22,866.17,05-04-22,857.25,05-04-22,848.38,05-04-22,839.00,05-04-22,832.17
04-04-22,1124.62,04-04-22,1065.38,04-04-22,1000.90,04-04-22,961.88,04-04-22,940.75,04-04-22,926.92,04-04-22,917.92,04-04-22,903.25,04-04-22,889.38,04-04-22,878.75,04-04-22,869.18,04-04-22,861.38,04-04-22,852.00,04-04-22,844.38
03-04-22,1106.17,03-04-22,1036.67,03-04-22,973.58,03-04-22,935.75,03-04-22,913.58,03-04-22,899.12,03-04-22,888.25,03-04-22,871.25,03-04-22,855.42,03-04-22,845.58,03-04-22,838.08,03-04-22,831.08,03-04-22,827.88,03-04-22,818.57
01-04-22,1101.60,01-04-22,1033.97,01-04-22,970.90,01-04-22,933.62,01-04-22,912.25,01-04-22,897.25,01-04-22,887.00,01-04-22,872.25,01-04-22,857.75,01-04-22,847.88,01-04-22,840.25,01-04-22,833.38,01-04-22,827.88,01-04-22,818.57
31-03-22,1055.88,31-03-22,1003.12,31-03-22,956.80,31-03-22,924.62,31-03-22,903.12,31-03-22,888.69,31-03-22,877.56,31-03-22,862.19,31-03-22,849.62,31-03-22,840.94,31-03-22,833.33,31-03-22,825.12,31-03-22,816.00,31-03-22,808.62
30-03-22,1077.55,30-03-22,1031.62,30-03-22,992.75,30-03-22,959.62,30-03-22,928.33,30-03-22,907.08,30-03-22,892.33,30-03-22,875.15,30-03-22,862.08,30-03-22,852.92,30-03-22,842.33,30-03-22,833.17,30-03-22,824.88,30-03-22,814.82
29-03-22,1068.75,29-03-22,1020.33,29-03-22,975.38,29-03-22,936.38,29-03-22,909.25,29-03-22,891.25,29-03-22,879.00,29-03-22,862.19,29-03-22,848.81,29-03-22,837.38,29-03-22,831.19,29-03-22,823.19,29-03-22,814.88,29-03-22,805.62
28-03-22,1072.75,28-03-22,1012.17,28-03-22,957.58,28-03-22,919.25,28-03-22,888.67,28-03-22,869.88,28-03-22,858.38,28-03-22,839.62,28-03-22,826.38,28-03-22,816.38,28-03-22,808.12,28-03-22,798.06,28-03-22,792.12,28-03-22,799.17
27-03-22,1161.50,27-03-22,1090.92,27-03-22,1023.12,27-03-22,973.92,27-03-22,937.92,27-03-22,918.25,27-03-22,901.00,27-03-22,879.25,27-03-22,859.95,27-03-22,848.19,27-03-22,837.50,27-03-22,828.75,27-03-22,829.25,27-03-22,820.45
25-03-22,1193.12,25-03-22,1115.75,25-03-22,1038.12,25-03-22,987.88,25-03-22,953.62,25-03-22,931.62,25-03-22,912.38,25-03-22,890.62,25-03-22,884.19,25-03-22,872.38,25-03-22,854.92,25-03-22,849.20,25-03-22,829.25,25-03-22,820.45
24-03-22,1232.62,24-03-22,1138.00,24-03-22,1048.31,24-03-22,983.00,24-03-22,946.25,24-03-22,924.62,24-03-22,906.38,24-03-22,884.62,24-03-22,866.88,24-03-22,854.88,24-03-22,844.75,24-03-22,835.25,24-03-22,826.00,24-03-22,825.00
23-03-22,1231.00,23-03-22,1138.58,23-03-22,1049.38,23-03-22,994.62,23-03-22,961.50,23-03-22,940.88,23-03-22,922.25,23-03-22,900.58,23-03-22,882.20,23-03-22,869.55,23-03-22,858.42,23-03-22,847.75,23-03-22,844.40,23-03-22,829.66
22-03-22,1156.70,22-03-22,1066.57,22-03-22,997.26,22-03-22,950.12,22-03-22,924.88,22-03-22,906.75,22-03-22,891.12,22-03-22,873.12,22-03-22,857.62,22-03-22,846.12,22-03-22,836.75,22-03-22,827.62,22-03-22,813.38,22-03-22,818.30
21-03-22,1160.00,21-03-22,1076.25,21-03-22,1003.50,21-03-22,957.62,21-03-22,929.62,21-03-22,909.83,21-03-22,896.12,21-03-22,878.38,21-03-22,860.45,21-03-22,847.95,21-03-22,838.15,21-03-22,828.15,21-03-22,819.89,21-03-22,825.45
20-03-22,1095.69,20-03-22,1027.25,20-03-22,965.25,20-03-22,918.46,20-03-22,896.62,20-03-22,881.75,20-03-22,868.50,20-03-22,853.25,20-03-22,839.55,20-03-22,831.00,20-03-22,823.12,20-03-22,816.31,20-03-22,794.75,20-03-22,796.88
18-03-22,1082.00,18-03-22,1015.00,18-03-22,951.94,18-03-22,911.50,18-03-22,887.38,18-03-22,874.88,18-03-22,863.38,18-03-22,848.95,18-03-22,835.85,18-03-22,825.00,18-03-22,816.94,18-03-22,809.44,18-03-22,794.75,18-03-22,796.88
17-03-22,1037.76,17-03-22,984.00,17-03-22,933.12,17-03-22,900.62,17-03-22,876.62,17-03-22,858.70,17-03-22,847.20,17-03-22,832.60,17-03-22,819.60,17-03-22,809.00,17-03-22,799.75,17-03-22,790.30,17-03-22,786.50,17-03-22,809.43
16-03-22,922.54,16-03-22,886.62,16-03-22,850.50,16-03-22,825.75,16-03-22,813.25,16-03-22,806.00,16-03-22,799.50,16-03-22,788.00,16-03-22,779.95,16-03-22,768.12,16-03-22,761.75,16-03-22,760.55,16-03-22,746.38,16-03-22,792.16
15-03-22,882.38,15-03-22,858.50,15-03-22,836.17,15-03-22,818.62,15-03-22,809.00,15-03-22,804.50,15-03-22,802.21,15-03-22,791.65,15-03-22,781.30,15-03-22,773.50,15-03-22,767.88,15-03-22,764.50,15-03-22,751.92,15-03-22,796.36
14-03-22,964.08,14-03-22,927.62,14-03-22,895.75,14-03-22,871.88,14-03-22,855.25,14-03-22,844.25,14-03-22,835.42,14-03-22,819.17,14-03-22,803.62,14-03-22,796.00,14-03-22,789.75,14-03-22,781.62,14-03-22,773.50,14-03-22,803.41
13-03-22,1006.62,13-03-22,969.50,13-03-22,935.75,13-03-22,907.88,13-03-22,888.62,13-03-22,873.12,13-03-22,858.88,13-03-22,841.50,13-03-22,828.75,13-03-22,820.00,13-03-22,813.25,13-03-22,804.88,13-03-22,797.00,13-03-22,813.07
11-03-22,1013.38,11-03-22,971.36,11-03-22,937.32,11-03-22,917.90,11-03-22,897.75,11-03-22,882.38,11-03-22,863.04,11-03-22,844.40,11-03-22,832.25,11-03-22,821.86,11-03-22,811.75,11-03-22,803.42,11-03-22,797.00,11-03-22,813.07
10-03-22,976.80,10-03-22,946.00,10-03-22,911.53,10-03-22,883.83,10-03-22,870.00,10-03-22,858.25,10-03-22,845.75,10-03-22,830.12,10-03-22,814.15,10-03-22,803.95,10-03-22,796.33,10-03-22,811.62,10-03-22,780.12,10-03-22,767.53
09-03-22,1133.33,09-03-22,1078.75,09-03-22,1018.00,09-03-22,968.25,09-03-22,923.17,09-03-22,894.88,09-03-22,878.62,09-03-22,863.62,09-03-22,841.38,09-03-22,818.20,09-03-22,806.85,09-03-22,802.25,09-03-22,780.12,09-03-22,767.53
08-03-22,1558.50,08-03-22,1363.62,08-03-22,1255.12,08-03-22,1158.69,08-03-22,1080.00,08-03-22,1035.25,08-03-22,1003.00,08-03-22,975.00,08-03-22,937.56,08-03-22,907.05,08-03-22,895.00,08-03-22,883.00,08-03-22,828.25,08-03-22,820.58
07-03-22,1301.75,07-03-22,1203.80,07-03-22,1127.67,07-03-22,1062.25,07-03-22,1004.83,07-03-22,966.50,07-03-22,946.75,07-03-22,932.75,07-03-22,911.75,07-03-22,898.92,07-03-22,886.25,07-03-22,876.58,07-03-22,828.25,07-03-22,820.58
04-03-22,1207.75,04-03-22,1132.83,04-03-22,1063.83,04-03-22,1006.25,04-03-22,955.00,04-03-22,927.12,04-03-22,913.88,04-03-22,905.00,04-03-22,887.12,04-03-22,873.62,04-03-22,862.62,04-03-22,853.62,04-03-22,828.25,04-03-22,820.58
03-03-22,1087.58,03-03-22,1041.92,03-03-22,985.50,03-03-22,931.00,03-03-22,889.92,03-03-22,863.25,03-03-22,851.25,03-03-22,842.00,03-03-22,828.75,03-03-22,817.50,03-03-22,807.50,03-03-22,800.04,03-03-22,790.62,03-03-22,782.75
02-03-22,1097.17,02-03-22,1059.58,02-03-22,1001.03,02-03-22,944.50,02-03-22,903.00,02-03-22,873.08,02-03-22,856.40,02-03-22,847.06,02-03-22,833.00,02-03-22,821.00,02-03-22,811.67,02-03-22,801.65,02-03-22,790.88,02-03-22,782.50
01-03-22,982.35,01-03-22,951.10,01-03-22,915.15,01-03-22,882.10,01-03-22,855.30,01-03-22,835.62,01-03-22,817.70,01-03-22,808.20,01-03-22,795.70,01-03-22,785.20,01-03-22,780.12,01-03-22,773.00,01-03-22,762.50,01-03-22,755.62
28-02-22,889.25,28-02-22,864.45,28-02-22,837.92,28-02-22,815.00,28-02-22,797.50,28-02-22,785.33,28-02-22,778.58,28-02-22,774.00,28-02-22,766.25,28-02-22,758.50,28-02-22,751.75,28-02-22,745.92,28-02-22,743.12,28-02-22,737.00
25-02-22,846.00,25-02-22,824.88,25-02-22,805.00,25-02-22,789.25,25-02-22,776.38,25-02-22,767.12,25-02-22,762.12,25-02-22,759.50,25-02-22,753.25,25-02-22,746.75,25-02-22,741.50,25-02-22,736.62,25-02-22,732.25,25-02-22,727.25
24-02-22,857.25,24-02-22,835.00,24-02-22,816.25,24-02-22,799.88,24-02-22,786.38,24-02-22,776.88,24-02-22,771.88,24-02-22,767.50,24-02-22,761.38,24-02-22,754.38,24-02-22,748.75,24-02-22,743.62,24-02-22,733.88,24-02-22,728.62
23-02-22,836.70,23-02-22,818.08,23-02-22,803.77,23-02-22,792.30,23-02-22,782.00,23-02-22,775.25,23-02-22,772.25,23-02-22,770.25,23-02-22,764.25,23-02-22,757.75,23-02-22,752.88,23-02-22,748.38,23-02-22,742.00,23-02-22,734.38
22-02-22,829.47,22-02-22,811.19,22-02-22,796.07,22-02-22,782.84,22-02-22,772.45,22-02-22,765.75,22-02-22,762.40,22-02-22,759.80,22-02-22,753.60,22-02-22,745.79,22-02-22,740.83,22-02-22,736.38,22-02-22,738.46,22-02-22,726.25
21-02-22,841.19,21-02-22,822.81,21-02-22,806.25,21-02-22,792.06,21-02-22,781.19,21-02-22,774.44,21-02-22,771.06,21-02-22,768.96,21-02-22,762.92,21-02-22,755.78,21-02-22,751.68,21-02-22,747.00,21-02-22,731.82,21-02-22,728.62
18-02-22,817.02,18-02-22,797.77,18-02-22,780.25,18-02-22,768.64,18-02-22,758.86,18-02-22,753.25,18-02-22,750.50,18-02-22,748.50,18-02-22,742.89,18-02-22,736.36,18-02-22,731.29,18-02-22,726.61,18-02-22,727.54,18-02-22,718.00
17-02-22,814.41,17-02-22,793.83,17-02-22,777.61,17-02-22,763.42,17-02-22,752.70,17-02-22,746.42,17-02-22,743.92,17-02-22,742.17,17-02-22,736.00,17-02-22,729.31,17-02-22,724.17,17-02-22,719.67,17-02-22,724.62,17-02-22,711.00
16-02-22,805.67,16-02-22,787.75,16-02-22,772.73,16-02-22,760.49,16-02-22,750.67,16-02-22,744.92,16-02-22,741.81,16-02-22,739.69,16-02-22,733.79,16-02-22,727.29,16-02-22,722.50,16-02-22,718.38,16-02-22,721.40,16-02-22,703.38
15-02-22,824.81,15-02-22,801.35,15-02-22,782.62,15-02-22,767.08,15-02-22,756.11,15-02-22,750.97,15-02-22,747.22,15-02-22,744.47,15-02-22,737.97,15-02-22,730.97,15-02-22,724.79,15-02-22,719.88,15-02-22,725.27,15-02-22,709.62
14-02-22,846.17,14-02-22,821.50,14-02-22,802.00,14-02-22,785.75,14-02-22,774.88,14-02-22,767.17,14-02-22,763.42,14-02-22,760.80,14-02-22,754.05,14-02-22,746.80,14-02-22,740.90,14-02-22,735.55,14-02-22,734.25,14-02-22,727.88
11-02-22,843.02,11-02-22,817.31,11-02-22,798.61,11-02-22,782.29,11-02-22,772.90,11-02-22,767.50,11-02-22,764.25,11-02-22,763.25,11-02-22,756.70,11-02-22,748.06,11-02-22,741.94,11-02-22,737.36,11-02-22,728.25,11-02-22,723.25
10-02-22,811.92,10-02-22,789.56,10-02-22,775.23,10-02-22,763.23,10-02-22,755.50,10-02-22,750.75,10-02-22,748.16,10-02-22,746.31,10-02-22,739.35,10-02-22,732.50,10-02-22,727.47,10-02-22,732.70,10-02-22,728.06,10-02-22,721.12
09-02-22,834.44,09-02-22,814.19,09-02-22,793.75,09-02-22,780.08,09-02-22,768.08,09-02-22,759.75,09-02-22,755.00,09-02-22,752.33,09-02-22,749.75,09-02-22,743.75,09-02-22,736.67,09-02-22,731.50,09-02-22,725.62,09-02-22,721.12
08-02-22,825.44,08-02-22,808.11,08-02-22,787.52,08-02-22,773.62,08-02-22,762.15,08-02-22,753.88,08-02-22,748.62,08-02-22,745.43,08-02-22,742.12,08-02-22,736.12,08-02-22,729.38,08-02-22,724.25,08-02-22,717.38,08-02-22,712.75
07-02-22,845.69,07-02-22,827.67,07-02-22,803.25,07-02-22,786.81,07-02-22,775.08,07-02-22,766.40,07-02-22,760.65,07-02-22,756.82,07-02-22,753.00,07-02-22,746.50,07-02-22,739.00,07-02-22,733.33,07-02-22,728.96,07-02-22,721.38
04-02-22,847.42,04-02-22,825.61,04-02-22,798.89,04-02-22,781.14,04-02-22,768.21,04-02-22,759.21,04-02-22,753.21,04-02-22,749.29,04-02-22,747.46,04-02-22,740.66,04-02-22,732.75,04-02-22,726.64,04-02-22,724.62,04-02-22,718.75
03-02-22,831.30,03-02-22,811.62,03-02-22,788.04,03-02-22,771.37,03-02-22,760.40,03-02-22,752.08,03-02-22,746.77,03-02-22,742.32,03-02-22,740.25,03-02-22,733.88,03-02-22,727.00,03-02-22,721.42,03-02-22,715.62,03-02-22,710.75
02-02-22,807.56,02-02-22,792.31,02-02-22,772.52,02-02-22,757.65,02-02-22,746.69,02-02-22,738.69,02-02-22,734.00,02-02-22,731.34,02-02-22,729.25,02-02-22,723.31,02-02-22,715.31,02-02-22,709.69,02-02-22,706.12,02-02-22,701.25
01-02-22,805.62,01-02-22,790.25,01-02-22,770.75,01-02-22,756.35,01-02-22,744.75,01-02-22,736.33,01-02-22,731.42,01-02-22,729.00,01-02-22,727.33,01-02-22,721.80,01-02-22,715.17,01-02-22,709.75,01-02-22,703.00,01-02-22,697.88
31-01-22,797.90,31-01-22,784.50,31-01-22,767.47,31-01-22,754.00,31-01-22,744.30,31-01-22,736.75,31-01-22,731.22,31-01-22,728.58,31-01-22,726.88,31-01-22,721.00,31-01-22,713.38,31-01-22,707.75,31-01-22,702.88,31-01-22,697.75
28-01-22,797.12,28-01-22,783.72,28-01-22,767.11,28-01-22,755.42,28-01-22,744.88,28-01-22,736.61,28-01-22,730.88,28-01-22,728.36,28-01-22,726.36,28-01-22,720.58,28-01-22,713.44,28-01-22,708.08,28-01-22,699.12,28-01-22,694.00
27-01-22,801.58,27-01-22,787.78,27-01-22,771.02,27-01-22,756.30,27-01-22,745.80,27-01-22,737.68,27-01-22,733.18,27-01-22,730.31,27-01-22,728.04,27-01-22,722.26,27-01-22,715.84,27-01-22,710.72,27-01-22,704.75,27-01-22,699.88
26-01-22,785.71,26-01-22,774.89,26-01-22,761.34,26-01-22,749.92,26-01-22,740.93,26-01-22,734.17,26-01-22,729.84,26-01-22,726.92,26-01-22,724.84,26-01-22,719.84,26-01-22,712.92,26-01-22,708.08,26-01-22,701.38,26-01-22,696.88
25-01-22,767.00,25-01-22,757.89,25-01-22,746.01,25-01-22,736.70,25-01-22,727.92,25-01-22,722.60,25-01-22,719.00,25-01-22,715.83,25-01-22,714.96,25-01-22,710.46,25-01-22,704.23,25-01-22,700.08,25-01-22,696.38,25-01-22,692.38
24-01-22,763.00,24-01-22,752.38,24-01-22,740.11,24-01-22,730.16,24-01-22,722.42,24-01-22,716.46,24-01-22,713.00,24-01-22,710.96,24-01-22,709.50,24-01-22,705.00,24-01-22,699.71,24-01-22,695.54,24-01-22,689.88,24-01-22,686.12
21-01-22,766.33,21-01-22,755.38,21-01-22,743.74,21-01-22,735.06,21-01-22,727.03,21-01-22,721.68,21-01-22,717.75,21-01-22,715.25,21-01-22,713.34,21-01-22,708.68,21-01-22,703.18,21-01-22,698.77,21-01-22,695.62,21-01-22,691.00
20-01-22,758.84,20-01-22,749.80,20-01-22,739.55,20-01-22,731.68,20-01-22,725.79,20-01-22,721.52,20-01-22,717.58,20-01-22,715.08,20-01-22,713.00,20-01-22,708.67,20-01-22,703.98,20-01-22,699.70,20-01-22,695.75,20-01-22,691.12
19-01-22,766.37,19-01-22,755.03,19-01-22,743.12,19-01-22,734.08,19-01-22,726.95,19-01-22,721.84,19-01-22,718.01,19-01-22,714.76,19-01-22,712.17,19-01-22,707.26,19-01-22,700.12,19-01-22,695.42,19-01-22,694.62,19-01-22,689.62
18-01-22,775.53,18-01-22,762.34,18-01-22,749.28,18-01-22,739.39,18-01-22,732.58,18-01-22,727.19,18-01-22,723.19,18-01-22,719.83,18-01-22,717.08,18-01-22,711.83,18-01-22,706.12,18-01-22,701.52,18-01-22,692.62,18-01-22,688.25
17-01-22,762.64,17-01-22,748.92,17-01-22,736.57,17-01-22,727.32,17-01-22,720.40,17-01-22,715.25,17-01-22,711.02,17-01-22,708.74,17-01-22,705.50,17-01-22,701.14,17-01-22,695.66,17-01-22,691.26,17-01-22,685.38,17-01-22,681.00
14-01-22,755.11,14-01-22,743.87,14-01-22,733.40,14-01-22,724.67,14-01-22,719.25,14-01-22,713.62,14-01-22,709.88,14-01-22,707.00,14-01-22,704.62,14-01-22,699.88,14-01-22,694.38,14-01-22,690.12,14-01-22,684.88,14-01-22,680.75
13-01-22,738.91,13-01-22,728.67,13-01-22,718.39,13-01-22,709.61,13-01-22,702.61,13-01-22,697.86,13-01-22,694.61,13-01-22,692.34,13-01-22,690.34,13-01-22,686.37,13-01-22,681.55,13-01-22,677.77,13-01-22,673.88,13-01-22,669.50
12-01-22,739.10,12-01-22,730.44,12-01-22,721.25,12-01-22,713.69,12-01-22,707.19,12-01-22,702.93,12-01-22,699.68,12-01-22,697.01,12-01-22,695.01,12-01-22,690.88,12-01-22,685.94,12-01-22,681.23,12-01-22,670.64,12-01-22,674.54
11-01-22,732.14,11-01-22,728.46,11-01-22,720.58,11-01-22,713.08,11-01-22,705.21,11-01-22,698.57,11-01-22,695.06,11-01-22,691.21,11-01-22,688.81,11-01-22,687.02,11-01-22,683.25,11-01-22,678.80,11-01-22,670.64,11-01-22,673.92
10-01-22,711.95,10-01-22,707.83,10-01-22,700.45,10-01-22,692.62,10-01-22,685.50,10-01-22,680.88,10-01-22,677.12,10-01-22,674.20,10-01-22,672.20,10-01-22,670.90,10-01-22,667.40,10-01-22,663.20,10-01-22,660.53,10-01-22,655.50
07-01-22,712.01,07-01-22,709.40,07-01-22,703.02,07-01-22,695.81,07-01-22,689.62,07-01-22,684.38,07-01-22,681.02,07-01-22,678.36,07-01-22,676.52,07-01-22,675.10,07-01-22,671.60,07-01-22,667.35,07-01-22,660.53,07-01-22,660.75
06-01-22,710.50,06-01-22,707.84,06-01-22,701.92,06-01-22,695.53,06-01-22,689.89,06-01-22,684.11,06-01-22,680.69,06-01-22,678.02,06-01-22,676.10,06-01-22,674.25,06-01-22,670.75,06-01-22,666.65,06-01-22,659.82,06-01-22,661.38
05-01-22,696.12,05-01-22,694.38,05-01-22,688.90,05-01-22,683.23,05-01-22,677.38,05-01-22,673.39,05-01-22,670.07,05-01-22,667.82,05-01-22,666.25,05-01-22,663.94,05-01-22,660.69,05-01-22,656.69,05-01-22,655.75,05-01-22,652.88
04-01-22,691.64,04-01-22,690.28,04-01-22,685.50,04-01-22,680.35,04-01-22,676.75,04-01-22,671.70,04-01-22,668.75,04-01-22,667.52,04-01-22,666.50,04-01-22,665.50,04-01-22,662.50,04-01-22,658.75,04-01-22,655.75,04-01-22,653.62
03-01-22,675.06,03-01-22,674.06,03-01-22,670.81,03-01-22,666.56,03-01-22,662.81,03-01-22,659.31,03-01-22,656.58,03-01-22,655.10,03-01-22,654.35,03-01-22,653.63,03-01-22,651.16,03-01-22,648.11,03-01-22,646.50,03-01-22,647.67
31-12-21,666.70,31-12-21,665.84,31-12-21,662.79,31-12-21,658.77,31-12-21,655.19,31-12-21,651.72,31-12-21,649.15,31-12-21,647.88,31-12-21,647.08,31-12-21,646.60,31-12-21,644.06,31-12-21,640.62,31-12-21,638.75,31-12-21,644.69
30-12-21,678.69,30-12-21,677.45,30-12-21,674.20,30-12-21,669.70,30-12-21,665.50,30-12-21,662.25,30-12-21,659.45,30-12-21,657.70,30-12-21,656.12,30-12-21,656.20,30-12-21,653.70,30-12-21,650.25,30-12-21,649.00,30-12-21,648.02
29-12-21,680.52,29-12-21,679.35,29-12-21,675.99,29-12-21,671.66,29-12-21,667.41,29-12-21,664.22,29-12-21,661.45,29-12-21,659.86,29-12-21,658.93,29-12-21,658.17,29-12-21,655.16,29-12-21,651.43,29-12-21,646.62,29-12-21,652.60
28-12-21,680.50,28-12-21,679.27,28-12-21,675.98,28-12-21,671.65,28-12-21,666.90,28-12-21,663.08,28-12-21,660.00,28-12-21,658.00,28-12-21,656.92,28-12-21,656.00,28-12-21,653.10,28-12-21,649.48,28-12-21,645.50,28-12-21,647.88
27-12-21,673.84,27-12-21,672.98,27-12-21,669.84,27-12-21,665.59,27-12-21,661.11,27-12-21,657.59,27-12-21,654.63,27-12-21,652.97,27-12-21,651.70,27-12-21,650.73,27-12-21,648.38,27-12-21,645.33,27-12-21,642.25,27-12-21,640.35
24-12-21,652.18,24-12-21,651.05,24-12-21,647.55,24-12-21,642.92,24-12-21,638.40,24-12-21,634.66,24-12-21,632.13,24-12-21,630.62,24-12-21,629.37,24-12-21,628.59,24-12-21,625.84,24-12-21,622.61,24-12-21,623.75,24-12-21,622.00
23-12-21,662.88,23-12-21,661.53,23-12-21,657.94,23-12-21,653.32,23-12-21,648.70,23-12-21,644.18,23-12-21,641.50,23-12-21,639.82,23-12-21,638.63,23-12-21,637.69,23-12-21,636.39,23-12-21,633.25,23-12-21,623.75,23-12-21,622.00
22-12-21,657.97,22-12-21,657.12,22-12-21,653.31,22-12-21,648.75,22-12-21,644.31,22-12-21,639.94,22-12-21,637.06,22-12-21,635.42,22-12-21,634.67,22-12-21,634.05,22-12-21,631.81,22-12-21,628.62,22-12-21,623.75,22-12-21,622.00
21-12-21,643.06,21-12-21,642.50,21-12-21,639.53,21-12-21,635.63,21-12-21,631.24,21-12-21,627.72,21-12-21,625.05,21-12-21,623.80,21-12-21,623.30,21-12-21,622.95,21-12-21,621.05,21-12-21,618.30,21-12-21,617.12,21-12-21,615.75
20-12-21,624.54,20-12-21,625.25,20-12-21,622.71,20-12-21,619.18,20-12-21,615.11,20-12-21,611.86,20-12-21,609.82,20-12-21,608.39,20-12-21,608.07,20-12-21,608.00,20-12-21,606.58,20-12-21,603.88,20-12-21,599.38,20-12-21,598.25
17-12-21,635.54,17-12-21,634.65,17-12-21,631.53,17-12-21,627.75,17-12-21,623.71,17-12-21,619.90,17-12-21,617.51,17-12-21,616.25,17-12-21,615.50,17-12-21,615.25,17-12-21,613.08,17-12-21,609.83,17-12-21,611.88,17-12-21,610.50
16-12-21,649.59,16-12-21,648.75,16-12-21,645.62,16-12-21,641.38,16-12-21,637.00,16-12-21,633.38,16-12-21,631.00,16-12-21,629.50,16-12-21,628.75,16-12-21,628.38,16-12-21,626.12,16-12-21,623.38,16-12-21,622.12,16-12-21,620.50
15-12-21,647.17,15-12-21,645.42,15-12-21,642.17,15-12-21,637.92,15-12-21,634.17,15-12-21,631.17,15-12-21,629.09,15-12-21,628.09,15-12-21,627.37,15-12-21,627.12,15-12-21,624.71,15-12-21,622.06,15-12-21,619.88,15-12-21,618.50
14-12-21,641.20,14-12-21,639.70,14-12-21,636.35,14-12-21,632.06,14-12-21,628.48,14-12-21,626.24,14-12-21,624.44,14-12-21,623.39,14-12-21,622.90,14-12-21,622.65,14-12-21,620.32,14-12-21,617.36,14-12-21,617.50,14-12-21,616.12
13-12-21,645.89,13-12-21,644.41,13-12-21,641.40,13-12-21,636.89,13-12-21,633.15,13-12-21,630.38,13-12-21,628.60,13-12-21,627.60,13-12-21,627.33,13-12-21,627.31,13-12-21,625.06,13-12-21,622.12,13-12-21,621.38,13-12-21,620.00
10-12-21,650.62,10-12-21,648.48,10-12-21,645.23,10-12-21,640.98,10-12-21,637.23,10-12-21,634.29,10-12-21,632.35,10-12-21,631.15,10-12-21,630.54,10-12-21,630.36,10-12-21,627.93,10-12-21,625.00,10-12-21,624.03,10-12-21,616.25
09-12-21,643.71,09-12-21,643.10,09-12-21,640.74,09-12-21,637.69,09-12-21,634.42,09-12-21,630.68,09-12-21,627.50,09-12-21,626.17,09-12-21,625.17,09-12-21,624.16,09-12-21,623.97,09-12-21,621.56,09-12-21,618.66,09-12-21,616.25
08-12-21,653.96,08-12-21,652.89,08-12-21,650.77,08-12-21,647.71,08-12-21,643.48,08-12-21,639.82,08-12-21,637.23,08-12-21,635.16,08-12-21,635.22,08-12-21,632.67,08-12-21,632.42,08-12-21,630.17,08-12-21,627.98,08-12-21,626.38
07-12-21,646.31,07-12-21,644.57,07-12-21,642.47,07-12-21,639.49,07-12-21,635.17,07-12-21,632.35,07-12-21,629.70,07-12-21,627.78,07-12-21,626.67,07-12-21,626.17,07-12-21,626.17,07-12-21,624.03,07-12-21,621.42,07-12-21,619.00
06-12-21,634.54,06-12-21,631.96,06-12-21,629.17,06-12-21,625.88,06-12-21,621.50,06-12-21,618.25,06-12-21,615.89,06-12-21,614.39,06-12-21,612.94,06-12-21,612.62,06-12-21,612.50,06-12-21,610.25,06-12-21,607.62,06-12-21,605.38
03-12-21,613.71,03-12-21,609.54,03-12-21,606.00,03-12-21,602.92,03-12-21,598.92,03-12-21,595.75,03-12-21,593.59,03-12-21,592.41,03-12-21,590.62,03-12-21,591.00,03-12-21,590.45,03-12-21,589.68,03-12-21,587.50,03-12-21,580.12
02-12-21,612.48,02-12-21,608.12,02-12-21,604.02,02-12-21,599.44,02-12-21,595.19,02-12-21,592.44,02-12-21,590.44,02-12-21,589.00,02-12-21,590.08,02-12-21,590.08,02-12-21,590.33,02-12-21,588.58,02-12-21,584.44,02-12-21,583.38
01-12-21,594.50,01-12-21,591.75,01-12-21,589.06,01-12-21,586.81,01-12-21,583.19,01-12-21,580.25,01-12-21,578.39,01-12-21,577.05,01-12-21,576.47,01-12-21,576.22,01-12-21,576.47,01-12-21,574.55,01-12-21,571.30,01-12-21,570.38
30-11-21,599.65,30-11-21,598.00,30-11-21,596.40,30-11-21,594.80,30-11-21,591.55,30-11-21,588.70,30-11-21,587.00,30-11-21,585.94,30-11-21,585.25,30-11-21,585.38,30-11-21,585.56,30-11-21,583.75,30-11-21,580.50,30-11-21,577.75
29-11-21,617.35,29-11-21,616.35,29-11-21,615.19,29-11-21,613.87,29-11-21,610.87,29-11-21,607.99,29-11-21,605.78,29-11-21,604.32,29-11-21,604.33,29-11-21,604.50,29-11-21,604.25,29-11-21,602.25,29-11-21,599.90,29-11-21,595.00
26-11-21,600.54,26-11-21,600.29,26-11-21,600.29,26-11-21,599.04,26-11-21,596.20,26-11-21,593.95,26-11-21,591.70,26-11-21,590.65,26-11-21,589.90,26-11-21,589.65,26-11-21,589.90,26-11-21,588.15,26-11-21,585.90,26-11-21,585.75
25-11-21,689.47,25-11-21,688.25,25-11-21,686.80,25-11-21,683.50,25-11-21,678.70,25-11-21,674.17,25-11-21,669.75,25-11-21,666.89,25-11-21,664.85,25-11-21,663.39,25-11-21,662.39,25-11-21,659.75,25-11-21,655.89,25-11-21,652.24
24-11-21,689.42,24-11-21,688.06,24-11-21,686.12,24-11-21,683.34,24-11-21,677.73,24-11-21,673.12,24-11-21,668.90,24-11-21,664.98,24-11-21,662.80,24-11-21,661.25,24-11-21,659.58,24-11-21,656.54,24-11-21,653.04,24-11-21,652.24
23-11-21,689.70,23-11-21,687.79,23-11-21,686.05,23-11-21,682.55,23-11-21,677.25,23-11-21,672.05,23-11-21,667.75,23-11-21,664.62,23-11-21,661.98,23-11-21,661.00,23-11-21,659.57,23-11-21,655.80,23-11-21,652.46,23-11-21,652.00
22-11-21,672.07,22-11-21,669.00,22-11-21,666.83,22-11-21,663.49,22-11-21,658.56,22-11-21,653.81,22-11-21,649.81,22-11-21,647.08,22-11-21,645.77,22-11-21,645.12,22-11-21,643.64,22-11-21,641.27,22-11-21,638.16,22-11-21,636.00
19-11-21,659.80,19-11-21,658.10,19-11-21,656.25,19-11-21,653.80,19-11-21,648.62,19-11-21,644.50,19-11-21,640.75,19-11-21,638.35,19-11-21,636.70,19-11-21,635.85,19-11-21,635.20,19-11-21,632.95,19-11-21,629.95,19-11-21,628.88
18-11-21,690.03,18-11-21,685.61,18-11-21,681.95,18-11-21,677.10,18-11-21,671.30,18-11-21,666.73,18-11-21,662.36,18-11-21,659.42,18-11-21,658.18,18-11-21,656.93,18-11-21,656.11,18-11-21,653.29,18-11-21,650.12,18-11-21,646.88
17-11-21,682.73,17-11-21,678.74,17-11-21,675.03,17-11-21,669.60,17-11-21,664.39,17-11-21,659.31,17-11-21,654.75,17-11-21,651.85,17-11-21,649.85,17-11-21,649.00,17-11-21,648.33,17-11-21,645.91,17-11-21,642.40,17-11-21,641.75
16-11-21,700.54,16-11-21,695.08,16-11-21,690.20,16-11-21,684.07,16-11-21,677.50,16-11-21,671.93,16-11-21,667.88,16-11-21,665.29,16-11-21,663.04,16-11-21,660.88,16-11-21,660.40,16-11-21,657.89,16-11-21,654.22,16-11-21,652.88
15-11-21,693.95,15-11-21,688.77,15-11-21,684.73,15-11-21,679.73,15-11-21,673.88,15-11-21,669.12,15-11-21,665.12,15-11-21,661.85,15-11-21,660.45,15-11-21,658.95,15-11-21,658.20,15-11-21,654.95,15-11-21,651.09,15-11-21,647.62
12-11-21,695.50,12-11-21,689.50,12-11-21,685.14,12-11-21,679.66,12-11-21,673.41,12-11-21,669.25,12-11-21,665.25,12-11-21,662.50,12-11-21,660.50,12-11-21,659.00,12-11-21,658.12,12-11-21,655.38,12-11-21,651.75,12-11-21,648.00
11-11-21,707.39,11-11-21,700.70,11-11-21,695.12,11-11-21,688.84,11-11-21,681.98,11-11-21,676.44,11-11-21,671.56,11-11-21,668.38,11-11-21,666.00,11-11-21,664.19,11-11-21,663.00,11-11-21,657.75,11-11-21,656.00,11-11-21,650.50
10-11-21,720.88,10-11-21,710.37,10-11-21,701.99,10-11-21,695.24,10-11-21,688.36,10-11-21,681.22,10-11-21,675.72,10-11-21,670.82,10-11-21,667.59,10-11-21,665.62,10-11-21,662.96,10-11-21,662.29,10-11-21,660.12,10-11-21,655.47
09-11-21,744.29,09-11-21,733.27,09-11-21,724.01,09-11-21,716.27,09-11-21,709.01,09-11-21,701.29,09-11-21,695.04,09-11-21,689.52,09-11-21,685.52,09-11-21,682.54,09-11-21,680.42,09-11-21,678.62,09-11-21,672.25,09-11-21,670.92
08-11-21,728.25,08-11-21,721.38,08-11-21,713.00,08-11-21,706.62,08-11-21,699.88,08-11-21,692.69,08-11-21,686.06,08-11-21,682.04,08-11-21,678.68,08-11-21,675.88,08-11-21,673.17,08-11-21,672.43,08-11-21,667.25,08-11-21,665.00
05-11-21,716.06,05-11-21,710.05,05-11-21,701.56,05-11-21,695.81,05-11-21,689.58,05-11-21,682.58,05-11-21,676.84,05-11-21,671.90,05-11-21,668.42,05-11-21,665.94,05-11-21,664.42,05-11-21,663.42,05-11-21,661.33,05-11-21,656.85
04-11-21,700.64,04-11-21,695.20,04-11-21,687.79,04-11-21,682.79,04-11-21,676.79,04-11-21,669.75,04-11-21,664.00,04-11-21,659.25,04-11-21,656.21,04-11-21,654.38,04-11-21,652.92,04-11-21,651.92,04-11-21,652.00,04-11-21,645.42
03-11-21,698.94,03-11-21,694.10,03-11-21,687.19,03-11-21,682.44,03-11-21,676.59,03-11-21,669.77,03-11-21,663.11,03-11-21,657.61,03-11-21,653.98,03-11-21,651.48,03-11-21,649.61,03-11-21,648.36,03-11-21,644.25,03-11-21,640.86
02-11-21,719.43,02-11-21,714.27,02-11-21,707.22,02-11-21,701.11,02-11-21,695.06,02-11-21,687.31,02-11-21,680.30,02-11-21,674.30,02-11-21,670.16,02-11-21,667.12,02-11-21,664.88,02-11-21,663.38,02-11-21,662.25,02-11-21,655.56
01-11-21,726.13,01-11-21,720.00,01-11-21,712.36,01-11-21,705.92,01-11-21,699.13,01-11-21,690.99,01-11-21,684.21,01-11-21,678.62,01-11-21,674.56,01-11-21,671.12,01-11-21,669.06,01-11-21,667.50,01-11-21,663.50,01-11-21,659.19
31-10-21,716.79,31-10-21,710.55,31-10-21,702.83,31-10-21,696.17,31-10-21,689.00,31-10-21,681.29,31-10-21,674.13,31-10-21,668.25,31-10-21,664.25,31-10-21,661.58,31-10-21,659.42,31-10-21,658.00,31-10-21,658.12,31-10-21,650.75
29-10-21,718.34,29-10-21,711.88,29-10-21,704.28,29-10-21,697.58,29-10-21,690.59,29-10-21,682.79,29-10-21,675.65,29-10-21,669.93,29-10-21,666.10,29-10-21,663.37,29-10-21,661.00,29-10-21,659.75,29-10-21,658.12,29-10-21,652.50
28-10-21,722.15,28-10-21,715.73,28-10-21,708.64,28-10-21,702.58,28-10-21,695.69,28-10-21,688.16,28-10-21,681.54,28-10-21,675.91,28-10-21,672.15,28-10-21,669.54,28-10-21,667.67,28-10-21,667.06,28-10-21,659.50,28-10-21,659.56
27-10-21,720.69,27-10-21,715.47,27-10-21,709.18,27-10-21,703.14,27-10-21,696.20,27-10-21,689.09,27-10-21,682.22,27-10-21,676.21,27-10-21,672.50,27-10-21,669.54,27-10-21,667.38,27-10-21,665.68,27-10-21,666.75,27-10-21,658.96
26-10-21,739.79,26-10-21,733.12,26-10-21,725.82,26-10-21,719.05,26-10-21,711.55,26-10-21,703.75,26-10-21,696.45,26-10-21,690.04,26-10-21,685.50,26-10-21,682.00,26-10-21,679.25,26-10-21,677.42,26-10-21,672.26,26-10-21,668.92
25-10-21,739.52,25-10-21,732.39,25-10-21,725.16,25-10-21,718.58,25-10-21,711.33,25-10-21,703.64,25-10-21,696.50,25-10-21,690.30,25-10-21,685.70,25-10-21,682.20,25-10-21,679.51,25-10-21,676.08,25-10-21,672.96,25-10-21,667.59
24-10-21,732.29,24-10-21,725.40,24-10-21,718.60,24-10-21,712.31,24-10-21,705.35,24-10-21,698.06,24-10-21,691.77,24-10-21,685.65,24-10-21,681.29,24-10-21,677.79,24-10-21,675.29,24-10-21,673.42,24-10-21,670.75,24-10-21,664.47
22-10-21,732.81,22-10-21,725.85,22-10-21,719.17,22-10-21,712.85,22-10-21,706.22,22-10-21,699.25,22-10-21,691.85,22-10-21,686.42,22-10-21,681.17,22-10-21,677.67,22-10-21,676.20,22-10-21,674.40,22-10-21,670.75,22-10-21,665.33
21-10-21,731.80,21-10-21,725.30,21-10-21,718.69,21-10-21,712.81,21-10-21,706.66,21-10-21,699.90,21-10-21,693.40,21-10-21,687.41,21-10-21,683.22,21-10-21,679.77,21-10-21,677.09,21-10-21,675.27,21-10-21,672.50,21-10-21,666.76
20-10-21,743.89,20-10-21,737.31,20-10-21,730.56,20-10-21,724.37,20-10-21,717.62,20-10-21,710.62,20-10-21,703.93,20-10-21,697.73,20-10-21,693.25,20-10-21,689.75,20-10-21,686.83,20-10-21,684.88,20-10-21,680.12,20-10-21,676.06
19-10-21,738.61,19-10-21,731.43,19-10-21,725.10,19-10-21,719.46,19-10-21,712.77,19-10-21,705.95,19-10-21,699.44,19-10-21,693.44,19-10-21,689.18,19-10-21,685.65,19-10-21,682.66,19-10-21,680.80,19-10-21,674.38,19-10-21,671.81
18-10-21,731.22,18-10-21,723.81,18-10-21,717.63,18-10-21,711.35,18-10-21,705.49,18-10-21,698.59,18-10-21,691.32,18-10-21,685.59,18-10-21,681.21,18-10-21,677.83,18-10-21,676.16,18-10-21,673.12,18-10-21,672.62,18-10-21,664.04
17-10-21,744.66,17-10-21,736.69,17-10-21,729.53,17-10-21,722.92,17-10-21,716.06,17-10-21,709.16,17-10-21,702.65,17-10-21,696.50,17-10-21,691.88,17-10-21,688.38,17-10-21,685.50,17-10-21,683.13,17-10-21,676.75,17-10-21,673.77
15-10-21,743.00,15-10-21,735.12,15-10-21,728.04,15-10-21,721.43,15-10-21,715.34,15-10-21,708.34,15-10-21,702.07,15-10-21,695.87,15-10-21,691.37,15-10-21,687.62,15-10-21,684.62,15-10-21,682.35,15-10-21,676.75,15-10-21,672.00
14-10-21,737.42,14-10-21,730.31,14-10-21,723.70,14-10-21,717.69,14-10-21,711.92,14-10-21,705.05,14-10-21,699.42,14-10-21,693.40,14-10-21,689.13,14-10-21,685.62,14-10-21,682.37,14-10-21,679.87,14-10-21,674.75,14-10-21,670.60
13-10-21,725.62,13-10-21,719.82,13-10-21,714.16,13-10-21,709.08,13-10-21,703.56,13-10-21,697.92,13-10-21,692.12,13-10-21,687.21,13-10-21,683.40,13-10-21,680.34,13-10-21,677.59,13-10-21,675.78,13-10-21,671.25,13-10-21,667.09
12-10-21,726.17,12-10-21,726.12,12-10-21,720.73,12-10-21,715.46,12-10-21,710.39,12-10-21,704.76,12-10-21,698.91,12-10-21,693.39,12-10-21,687.89,12-10-21,683.95,12-10-21,680.56,12-10-21,677.95,12-10-21,675.93,12-10-21,669.75
11-10-21,723.69,11-10-21,723.37,11-10-21,718.36,11-10-21,712.64,11-10-21,708.28,11-10-21,702.78,11-10-21,696.95,11-10-21,691.16,11-10-21,685.02,11-10-21,681.06,11-10-21,677.85,11-10-21,675.10,11-10-21,673.75,11-10-21,669.75
10-10-21,712.78,10-10-21,712.39,10-10-21,706.90,10-10-21,701.79,10-10-21,697.21,10-10-21,691.96,10-10-21,686.60,10-10-21,681.19,10-10-21,675.67,10-10-21,671.97,10-10-21,668.88,10-10-21,666.30,10-10-21,664.91,10-10-21,659.38
08-10-21,712.50,08-10-21,712.12,08-10-21,706.75,08-10-21,701.88,08-10-21,697.78,08-10-21,692.00,08-10-21,687.25,08-10-21,681.12,08-10-21,675.75,08-10-21,672.00,08-10-21,668.79,08-10-21,666.25,08-10-21,664.91,08-10-21,659.38
07-10-21,711.57,07-10-21,711.39,07-10-21,706.12,07-10-21,701.81,07-10-21,697.23,07-10-21,692.00,07-10-21,686.94,07-10-21,681.44,07-10-21,676.19,07-10-21,672.67,07-10-21,669.91,07-10-21,667.19,07-10-21,663.12,07-10-21,658.75
06-10-21,701.04,06-10-21,700.54,06-10-21,695.18,06-10-21,690.54,06-10-21,685.89,06-10-21,680.47,06-10-21,675.41,06-10-21,669.83,06-10-21,664.77,06-10-21,661.39,06-10-21,658.47,06-10-21,656.14,06-10-21,654.25,06-10-21,649.38
05-10-21,718.96,05-10-21,717.57,05-10-21,712.08,05-10-21,707.23,05-10-21,702.40,05-10-21,697.00,05-10-21,691.42,05-10-21,686.17,05-10-21,680.44,05-10-21,676.75,05-10-21,673.75,05-10-21,672.00,05-10-21,669.50,05-10-21,662.62
04-10-21,697.92,04-10-21,698.03,04-10-21,693.93,04-10-21,690.17,04-10-21,686.17,04-10-21,681.55,04-10-21,676.55,04-10-21,671.68,04-10-21,666.86,04-10-21,663.70,04-10-21,661.20,04-10-21,659.17,04-10-21,657.75,04-10-21,654.62
03-10-21,681.25,03-10-21,680.88,03-10-21,676.89,03-10-21,672.58,03-10-21,668.92,03-10-21,664.58,03-10-21,660.00,03-10-21,655.62,03-10-21,651.54,03-10-21,648.92,03-10-21,646.92,03-10-21,645.47,03-10-21,644.25,03-10-21,641.38
01-10-21,681.39,01-10-21,680.88,01-10-21,676.87,01-10-21,672.83,01-10-21,669.08,01-10-21,664.38,01-10-21,659.75,01-10-21,655.25,01-10-21,651.52,01-10-21,649.23,01-10-21,647.23,01-10-21,645.48,01-10-21,644.25,01-10-21,641.38
30-09-21,673.58,30-09-21,672.95,30-09-21,669.12,30-09-21,665.12,30-09-21,661.29,30-09-21,656.79,30-09-21,652.21,30-09-21,647.79,30-09-21,643.38,30-09-21,641.08,30-09-21,639.05,30-09-21,637.33,30-09-21,636.25,30-09-21,632.88
29-09-21,667.24,29-09-21,667.19,29-09-21,662.53,29-09-21,658.70,29-09-21,655.05,29-09-21,651.30,29-09-21,648.10,29-09-21,644.33,29-09-21,640.35,29-09-21,638.19,29-09-21,636.58,29-09-21,635.19,29-09-21,633.38,29-09-21,630.25
28-09-21,657.20,28-09-21,657.09,28-09-21,653.44,28-09-21,649.85,28-09-21,646.58,28-09-21,642.62,28-09-21,638.71,28-09-21,634.96,28-09-21,631.43,28-09-21,629.21,28-09-21,627.71,28-09-21,626.46,28-09-21,629.75,28-09-21,627.12
27-09-21,666.38,27-09-21,665.73,27-09-21,661.85,27-09-21,657.33,27-09-21,654.35,27-09-21,650.35,27-09-21,647.00,27-09-21,643.27,27-09-21,639.31,27-09-21,637.02,27-09-21,635.23,27-09-21,633.52,27-09-21,631.38,27-09-21,617.00
26-09-21,662.82,26-09-21,661.33,26-09-21,656.11,26-09-21,651.68,26-09-21,647.98,26-09-21,643.57,26-09-21,639.30,26-09-21,635.12,26-09-21,631.06,26-09-21,628.56,26-09-21,626.91,26-09-21,625.56,26-09-21,620.12,26-09-21,616.75
24-09-21,657.75,24-09-21,656.39,24-09-21,650.23,24-09-21,646.02,24-09-21,642.12,24-09-21,638.23,24-09-21,633.78,24-09-21,629.59,24-09-21,625.80,24-09-21,623.96,24-09-21,622.21,24-09-21,620.61,24-09-21,620.12,24-09-21,616.75
23-09-21,651.04,23-09-21,649.52,23-09-21,643.79,23-09-21,639.36,23-09-21,635.56,23-09-21,631.62,23-09-21,627.62,23-09-21,623.88,23-09-21,620.62,23-09-21,618.50,23-09-21,617.25,23-09-21,615.75,23-09-21,614.75,23-09-21,612.00
22-09-21,639.08,22-09-21,636.67,22-09-21,631.15,22-09-21,627.20,22-09-21,623.85,22-09-21,620.43,22-09-21,616.92,22-09-21,613.42,22-09-21,610.09,22-09-21,608.66,22-09-21,607.56,22-09-21,606.12,22-09-21,604.75,22-09-21,602.25
21-09-21,626.92,21-09-21,625.00,21-09-21,619.70,21-09-21,616.52,21-09-21,614.00,21-09-21,611.17,21-09-21,607.67,21-09-21,604.42,21-09-21,601.46,21-09-21,600.43,21-09-21,598.88,21-09-21,598.12,21-09-21,597.25,21-09-21,594.62
20-09-21,623.29,20-09-21,621.20,20-09-21,616.09,20-09-21,612.52,20-09-21,609.82,20-09-21,606.82,20-09-21,603.67,20-09-21,600.67,20-09-21,597.67,20-09-21,596.65,20-09-21,596.13,20-09-21,595.65,20-09-21,596.25,20-09-21,593.75
19-09-21,632.03,19-09-21,629.44,19-09-21,624.40,19-09-21,620.46,19-09-21,617.65,19-09-21,614.62,19-09-21,611.28,19-09-21,608.02,19-09-21,604.81,19-09-21,603.59,19-09-21,602.95,19-09-21,602.08,19-09-21,604.62,19-09-21,601.88
17-09-21,634.27,17-09-21,631.96,17-09-21,626.67,17-09-21,623.20,17-09-21,620.45,17-09-21,617.45,17-09-21,613.95,17-09-21,610.70,17-09-21,607.67,17-09-21,606.64,17-09-21,605.86,17-09-21,605.11,17-09-21,604.62,17-09-21,601.88
16-09-21,635.05,16-09-21,632.96,16-09-21,627.98,16-09-21,624.96,16-09-21,622.27,16-09-21,619.27,16-09-21,616.90,16-09-21,612.97,16-09-21,610.71,16-09-21,609.67,16-09-21,609.12,16-09-21,608.42,16-09-21,608.12,16-09-21,605.88
15-09-21,630.41,15-09-21,629.08,15-09-21,625.08,15-09-21,622.32,15-09-21,620.29,15-09-21,617.79,15-09-21,614.79,15-09-21,611.90,15-09-21,608.96,15-09-21,607.90,15-09-21,606.62,15-09-21,606.65,15-09-21,605.82,15-09-21,602.50
14-09-21,616.95,14-09-21,615.45,14-09-21,611.70,14-09-21,609.44,14-09-21,607.93,14-09-21,605.68,14-09-21,603.17,14-09-21,600.85,14-09-21,597.67,14-09-21,597.00,14-09-21,596.75,14-09-21,596.75,14-09-21,594.88,14-09-21,592.50
13-09-21,616.19,13-09-21,614.57,13-09-21,609.79,13-09-21,607.41,13-09-21,605.22,13-09-21,603.41,13-09-21,600.70,13-09-21,598.02,13-09-21,595.61,13-09-21,595.25,13-09-21,595.06,13-09-21,594.58,13-09-21,593.50,13-09-21,591.12
12-09-21,612.55,12-09-21,609.82,12-09-21,605.33,12-09-21,602.82,12-09-21,601.14,12-09-21,598.91,12-09-21,596.42,12-09-21,594.30,12-09-21,592.06,12-09-21,591.72,12-09-21,591.61,12-09-21,591.37,12-09-21,591.31,12-09-21,578.50
10-09-21,606.32,10-09-21,608.13,10-09-21,605.47,10-09-21,601.49,10-09-21,599.11,10-09-21,597.48,10-09-21,595.16,10-09-21,592.63,10-09-21,590.74,10-09-21,588.49,10-09-21,588.22,10-09-21,587.99,10-09-21,591.31,10-09-21,578.50
09-09-21,595.75,09-09-21,596.88,09-09-21,594.17,09-09-21,590.33,09-09-21,588.33,09-09-21,586.56,09-09-21,584.50,09-09-21,582.06,09-09-21,580.25,09-09-21,578.25,09-09-21,577.88,09-09-21,577.88,09-09-21,591.31,09-09-21,578.50
08-09-21,603.56,08-09-21,604.98,08-09-21,602.47,08-09-21,598.35,08-09-21,596.47,08-09-21,594.78,08-09-21,592.11,08-09-21,589.62,08-09-21,587.39,08-09-21,585.36,08-09-21,584.89,08-09-21,584.89,08-09-21,591.31,08-09-21,585.25
07-09-21,599.63,07-09-21,599.99,07-09-21,597.88,07-09-21,593.62,07-09-21,591.38,07-09-21,589.59,07-09-21,587.72,07-09-21,585.11,07-09-21,583.47,07-09-21,581.47,07-09-21,581.15,07-09-21,581.33,07-09-21,591.31,07-09-21,581.62
06-09-21,605.48,06-09-21,605.98,06-09-21,602.72,06-09-21,598.31,06-09-21,595.94,06-09-21,594.27,06-09-21,592.23,06-09-21,589.90,06-09-21,587.90,06-09-21,585.99,06-09-21,585.67,06-09-21,585.68,06-09-21,591.31,06-09-21,588.12
05-09-21,607.38,05-09-21,607.15,05-09-21,603.44,05-09-21,598.66,05-09-21,595.95,05-09-21,594.12,05-09-21,591.79,05-09-21,589.26,05-09-21,587.29,05-09-21,585.29,05-09-21,584.93,05-09-21,584.93,05-09-21,591.31,05-09-21,588.12
03-09-21,610.94,03-09-21,610.86,03-09-21,606.60,03-09-21,601.81,03-09-21,599.14,03-09-21,597.14,03-09-21,594.89,03-09-21,592.39,03-09-21,590.39,03-09-21,588.39,03-09-21,587.97,03-09-21,587.97,03-09-21,591.31,03-09-21,588.12
02-09-21,612.62,02-09-21,612.14,02-09-21,608.48,02-09-21,603.91,02-09-21,601.29,02-09-21,599.29,02-09-21,597.04,02-09-21,594.42,02-09-21,592.17,02-09-21,590.04,02-09-21,589.67,02-09-21,589.55,02-09-21,591.31,02-09-21,589.75
01-09-21,599.68,01-09-21,599.61,01-09-21,596.35,01-09-21,592.41,01-09-21,589.98,01-09-21,588.23,01-09-21,586.05,01-09-21,583.75,01-09-21,581.52,01-09-21,579.08,01-09-21,578.92,01-09-21,579.00,01-09-21,574.62,01-09-21,580.75
31-08-21,600.87,31-08-21,601.08,31-08-21,598.12,31-08-21,593.87,31-08-21,591.37,31-08-21,589.70,31-08-21,587.57,31-08-21,585.18,31-08-21,583.18,31-08-21,580.95,31-08-21,580.68,31-08-21,580.91,31-08-21,579.62,31-08-21,579.88
30-08-21,604.50,30-08-21,603.90,30-08-21,600.94,30-08-21,596.60,30-08-21,593.41,30-08-21,591.81,30-08-21,588.83,30-08-21,586.43,30-08-21,584.60,30-08-21,582.31,30-08-21,581.88,30-08-21,581.94,30-08-21,583.38,30-08-21,583.75
29-08-21,608.74,29-08-21,608.18,29-08-21,604.50,29-08-21,599.63,29-08-21,596.55,29-08-21,594.67,29-08-21,592.77,29-08-21,590.54,29-08-21,588.36,29-08-21,586.21,29-08-21,585.95,29-08-21,585.94,29-08-21,578.62,29-08-21,579.00
27-08-21,599.75,27-08-21,599.86,27-08-21,595.98,27-08-21,592.65,27-08-21,589.63,27-08-21,588.13,27-08-21,586.15,27-08-21,583.90,27-08-21,580.73,27-08-21,578.73,27-08-21,578.27,27-08-21,578.31,27-08-21,578.62,27-08-21,579.00
26-08-21,590.24,26-08-21,590.38,26-08-21,587.44,26-08-21,583.41,26-08-21,580.60,26-08-21,578.93,26-08-21,577.06,26-08-21,575.20,26-08-21,573.31,26-08-21,571.42,26-08-21,571.44,26-08-21,571.81,26-08-21,572.00,26-08-21,559.89
25-08-21,591.20,25-08-21,591.71,25-08-21,589.20,25-08-21,585.45,25-08-21,582.71,25-08-21,581.20,25-08-21,579.43,25-08-21,577.19,25-08-21,575.18,25-08-21,573.43,25-08-21,573.18,25-08-21,573.67,25-08-21,576.00,25-08-21,561.48
24-08-21,585.50,24-08-21,586.40,24-08-21,583.77,24-08-21,580.07,24-08-21,577.75,24-08-21,576.19,24-08-21,574.41,24-08-21,572.75,24-08-21,570.68,24-08-21,568.79,24-08-21,568.65,24-08-21,569.02,24-08-21,568.88,24-08-21,554.91
23-08-21,568.56,23-08-21,569.28,23-08-21,567.25,23-08-21,563.75,23-08-21,561.45,23-08-21,560.38,23-08-21,558.80,23-08-21,557.00,23-08-21,555.15,23-08-21,553.40,23-08-21,553.50,23-08-21,554.00,23-08-21,554.12,23-08-21,548.32
22-08-21,541.94,22-08-21,542.65,22-08-21,540.75,22-08-21,537.82,22-08-21,536.00,22-08-21,535.14,22-08-21,534.08,22-08-21,532.70,22-08-21,531.20,22-08-21,529.76,22-08-21,530.20,22-08-21,530.93,22-08-21,529.38,22-08-21,533.41
20-08-21,538.77,20-08-21,539.52,20-08-21,537.82,20-08-21,534.54,20-08-21,533.17,20-08-21,532.36,20-08-21,531.41,20-08-21,530.15,20-08-21,528.05,20-08-21,526.67,20-08-21,527.05,20-08-21,528.57,20-08-21,529.38,20-08-21,533.41
19-08-21,548.63,19-08-21,549.44,19-08-21,548.19,19-08-21,545.35,19-08-21,543.67,19-08-21,543.10,19-08-21,542.07,19-08-21,540.81,19-08-21,539.33,19-08-21,538.06,19-08-21,538.52,19-08-21,539.23,19-08-21,542.00,19-08-21,541.14
18-08-21,557.51,18-08-21,558.35,18-08-21,556.86,18-08-21,553.67,18-08-21,551.81,18-08-21,551.06,18-08-21,550.04,18-08-21,548.67,18-08-21,547.30,18-08-21,545.94,18-08-21,546.30,18-08-21,546.80,18-08-21,546.62,18-08-21,547.25
17-08-21,567.74,17-08-21,568.95,17-08-21,567.47,17-08-21,564.20,17-08-21,562.45,17-08-21,561.48,17-08-21,559.98,17-08-21,558.48,17-08-21,557.57,17-08-21,556.07,17-08-21,556.44,17-08-21,556.94,17-08-21,557.25,17-08-21,561.02
16-08-21,571.18,16-08-21,572.41,16-08-21,571.31,16-08-21,568.14,16-08-21,566.56,16-08-21,565.32,16-08-21,564.79,16-08-21,563.37,16-08-21,562.04,16-08-21,560.54,16-08-21,560.83,16-08-21,561.93,16-08-21,562.00,16-08-21,562.62
15-08-21,576.90,15-08-21,577.87,15-08-21,576.58,15-08-21,573.29,15-08-21,571.72,15-08-21,570.94,15-08-21,569.69,15-08-21,568.14,15-08-21,566.46,15-08-21,565.02,15-08-21,565.08,15-08-21,565.70,15-08-21,564.88,15-08-21,565.38
13-08-21,576.19,13-08-21,576.78,13-08-21,575.53,13-08-21,572.80,13-08-21,571.29,13-08-21,570.54,13-08-21,569.25,13-08-21,567.96,13-08-21,566.46,13-08-21,564.25,13-08-21,564.38,13-08-21,564.88,13-08-21,564.88,13-08-21,565.38
12-08-21,583.48,12-08-21,585.12,12-08-21,585.96,12-08-21,584.26,12-08-21,581.12,12-08-21,579.46,12-08-21,578.48,12-08-21,577.08,12-08-21,575.44,12-08-21,573.57,12-08-21,571.65,12-08-21,571.78,12-08-21,574.88,12-08-21,572.12
11-08-21,586.38,11-08-21,588.00,11-08-21,588.88,11-08-21,587.87,11-08-21,584.62,11-08-21,583.08,11-08-21,582.08,11-08-21,580.58,11-08-21,579.05,11-08-21,577.30,11-08-21,575.14,11-08-21,575.32,11-08-21,574.88,11-08-21,575.00
10-08-21,579.61,10-08-21,581.05,10-08-21,581.88,10-08-21,580.67,10-08-21,577.09,10-08-21,575.78,10-08-21,574.95,10-08-21,573.19,10-08-21,571.52,10-08-21,569.84,10-08-21,568.09,10-08-21,568.21,10-08-21,567.50,10-08-21,567.75
09-08-21,566.39,09-08-21,568.05,09-08-21,569.09,09-08-21,567.60,09-08-21,564.59,09-08-21,563.41,09-08-21,562.40,09-08-21,561.59,09-08-21,559.97,09-08-21,557.77,09-08-21,556.28,09-08-21,556.34,09-08-21,556.62,09-08-21,557.12
08-08-21,571.92,08-08-21,573.05,08-08-21,574.04,08-08-21,572.08,08-08-21,569.16,08-08-21,567.61,08-08-21,566.73,08-08-21,565.86,08-08-21,563.95,08-08-21,562.32,08-08-21,560.36,08-08-21,560.57,08-08-21,565.88,08-08-21,566.12
06-08-21,577.68,06-08-21,578.80,06-08-21,579.71,06-08-21,577.96,06-08-21,574.51,06-08-21,573.10,06-08-21,572.35,06-08-21,571.24,06-08-21,569.49,06-08-21,567.63,06-08-21,565.57,06-08-21,565.77,06-08-21,565.88,06-08-21,566.12
05-08-21,583.92,05-08-21,585.03,05-08-21,585.56,05-08-21,583.56,05-08-21,580.24,05-08-21,578.35,05-08-21,577.38,05-08-21,575.88,05-08-21,573.98,05-08-21,571.73,05-08-21,569.84,05-08-21,569.68,05-08-21,571.12,05-08-21,571.25
04-08-21,576.84,04-08-21,577.98,04-08-21,578.79,04-08-21,576.84,04-08-21,573.54,04-08-21,571.64,04-08-21,570.68,04-08-21,569.14,04-08-21,567.25,04-08-21,565.11,04-08-21,563.00,04-08-21,562.84,04-08-21,563.00,04-08-21,563.38
03-08-21,592.35,03-08-21,593.20,03-08-21,593.97,03-08-21,591.54,03-08-21,587.97,03-08-21,585.52,03-08-21,584.58,03-08-21,582.83,03-08-21,580.72,03-08-21,578.47,03-08-21,576.12,03-08-21,575.76,03-08-21,576.75,03-08-21,576.62
02-08-21,598.47,02-08-21,599.85,02-08-21,600.75,02-08-21,598.24,02-08-21,594.28,02-08-21,591.92,02-08-21,590.34,02-08-21,588.45,02-08-21,586.16,02-08-21,583.45,02-08-21,580.95,02-08-21,580.55,02-08-21,578.75,02-08-21,578.62
01-08-21,612.40,01-08-21,613.17,01-08-21,613.92,01-08-21,611.15,01-08-21,606.92,01-08-21,604.61,01-08-21,602.83,01-08-21,600.58,01-08-21,598.05,01-08-21,595.35,01-08-21,592.75,01-08-21,592.17,01-08-21,592.62,01-08-21,592.50
30-07-21,613.50,30-07-21,614.32,30-07-21,614.93,30-07-21,612.18,30-07-21,608.17,30-07-21,605.68,30-07-21,603.97,30-07-21,601.72,30-07-21,599.11,30-07-21,596.28,30-07-21,593.86,30-07-21,593.20,30-07-21,592.62,30-07-21,592.50
29-07-21,611.02,29-07-21,611.91,29-07-21,612.55,29-07-21,609.98,29-07-21,606.11,29-07-21,603.78,29-07-21,602.26,29-07-21,600.16,29-07-21,597.82,29-07-21,595.32,29-07-21,592.66,29-07-21,592.07,29-07-21,592.62,29-07-21,592.50
28-07-21,602.84,28-07-21,603.73,28-07-21,604.41,28-07-21,601.61,28-07-21,597.97,28-07-21,595.69,28-07-21,594.21,28-07-21,592.17,28-07-21,589.90,28-07-21,587.62,28-07-21,585.12,28-07-21,584.56,28-07-21,583.00,28-07-21,582.88
27-07-21,601.27,27-07-21,602.11,27-07-21,602.69,27-07-21,600.07,27-07-21,596.17,27-07-21,593.75,27-07-21,592.07,27-07-21,590.08,27-07-21,587.67,27-07-21,585.12,27-07-21,582.77,27-07-21,582.12,27-07-21,580.38,27-07-21,580.25
26-07-21,603.92,26-07-21,604.92,26-07-21,605.42,26-07-21,602.92,26-07-21,599.08,26-07-21,596.42,26-07-21,594.83,26-07-21,592.58,26-07-21,590.25,26-07-21,587.50,26-07-21,585.25,26-07-21,584.67,26-07-21,583.62,26-07-21,583.50
25-07-21,602.81,25-07-21,603.45,25-07-21,604.03,25-07-21,601.28,25-07-21,597.18,25-07-21,594.58,25-07-21,593.13,25-07-21,591.08,25-07-21,588.63,25-07-21,586.08,25-07-21,583.58,25-07-21,583.00,25-07-21,580.25,25-07-21,580.12
23-07-21,601.25,23-07-21,601.64,23-07-21,602.06,23-07-21,599.31,23-07-21,595.31,23-07-21,592.62,23-07-21,591.08,23-07-21,589.50,23-07-21,587.11,23-07-21,584.50,23-07-21,582.00,23-07-21,581.42,23-07-21,580.25,23-07-21,580.12
22-07-21,599.30,22-07-21,599.90,22-07-21,600.35,22-07-21,597.74,22-07-21,593.78,22-07-21,591.41,22-07-21,589.94,22-07-21,587.94,22-07-21,585.84,22-07-21,583.34,22-07-21,580.95,22-07-21,580.61,22-07-21,580.50,22-07-21,580.38
21-07-21,587.45,21-07-21,588.04,21-07-21,588.54,21-07-21,586.04,21-07-21,582.67,21-07-21,580.92,21-07-21,579.67,21-07-21,577.96,21-07-21,576.00,21-07-21,573.75,21-07-21,571.71,21-07-21,571.50,21-07-21,572.12,21-07-21,572.25
20-07-21,559.22,20-07-21,560.11,20-07-21,560.62,20-07-21,558.62,20-07-21,556.21,20-07-21,554.69,20-07-21,553.25,20-07-21,552.00,20-07-21,550.33,20-07-21,549.12,20-07-21,547.19,20-07-21,547.12,20-07-21,554.25,20-07-21,554.62
19-07-21,558.27,19-07-21,559.39,19-07-21,560.19,19-07-21,558.43,19-07-21,555.62,19-07-21,554.02,19-07-21,553.02,19-07-21,551.75,19-07-21,550.15,19-07-21,548.40,19-07-21,546.75,19-07-21,546.88,19-07-21,547.62,19-07-21,548.25
18-07-21,592.62,18-07-21,593.60,18-07-21,594.50,18-07-21,592.40,18-07-21,589.42,18-07-21,587.66,18-07-21,586.25,18-07-21,584.77,18-07-21,582.50,18-07-21,580.41,18-07-21,578.38,18-07-21,578.25,18-07-21,579.38,18-07-21,579.50
16-07-21,593.88,16-07-21,594.81,16-07-21,595.56,16-07-21,593.59,16-07-21,590.43,16-07-21,588.50,16-07-21,587.25,16-07-21,585.57,16-07-21,583.84,16-07-21,581.70,16-07-21,579.70,16-07-21,579.59,16-07-21,579.38,16-07-21,579.50
15-07-21,593.21,15-07-21,594.38,15-07-21,595.12,15-07-21,593.12,15-07-21,590.38,15-07-21,588.38,15-07-21,587.12,15-07-21,585.38,15-07-21,583.31,15-07-21,581.06,15-07-21,578.81,15-07-21,578.50,15-07-21,578.25,15-07-21,578.38
14-07-21,602.75,14-07-21,603.92,14-07-21,604.55,14-07-21,602.42,14-07-21,599.32,14-07-21,597.46,14-07-21,595.96,14-07-21,594.07,14-07-21,592.08,14-07-21,589.16,14-07-21,586.62,14-07-21,585.84,14-07-21,594.96,14-07-21,585.75
13-07-21,616.83,13-07-21,617.85,13-07-21,618.12,13-07-21,615.90,13-07-21,612.38,13-07-21,610.16,13-07-21,608.66,13-07-21,606.53,13-07-21,604.03,13-07-21,601.33,13-07-21,598.78,13-07-21,597.89,13-07-21,599.87,13-07-21,598.25
12-07-21,598.72,12-07-21,600.82,12-07-21,601.69,12-07-21,602.39,12-07-21,600.02,12-07-21,596.63,12-07-21,594.62,12-07-21,593.00,12-07-21,591.01,12-07-21,588.60,12-07-21,585.79,12-07-21,583.28,12-07-21,572.83,12-07-21,596.69
11-07-21,609.12,11-07-21,610.81,11-07-21,611.73,11-07-21,612.20,11-07-21,609.70,11-07-21,606.12,11-07-21,603.99,11-07-21,602.32,11-07-21,599.93,11-07-21,597.32,11-07-21,594.57,11-07-21,591.82,11-07-21,572.83,11-07-21,596.69
09-07-21,608.65,09-07-21,610.25,09-07-21,611.42,09-07-21,611.42,09-07-21,608.92,09-07-21,605.83,09-07-21,603.79,09-07-21,602.04,09-07-21,599.79,09-07-21,597.04,09-07-21,594.29,09-07-21,591.54,09-07-21,572.83,09-07-21,590.00
08-07-21,598.84,08-07-21,600.09,08-07-21,600.84,08-07-21,601.34,08-07-21,599.25,08-07-21,596.14,08-07-21,594.00,08-07-21,592.55,08-07-21,590.55,08-07-21,588.34,08-07-21,585.70,08-07-21,583.05,08-07-21,571.75,08-07-21,593.62
07-07-21,589.91,07-07-21,590.91,07-07-21,591.91,07-07-21,592.41,07-07-21,590.41,07-07-21,587.32,07-07-21,585.41,07-07-21,583.88,07-07-21,582.16,07-07-21,579.73,07-07-21,577.18,07-07-21,574.88,07-07-21,595.72,07-07-21,590.06
06-07-21,600.40,06-07-21,601.35,06-07-21,602.08,06-07-21,602.65,06-07-21,600.08,06-07-21,597.27,06-07-21,595.32,06-07-21,593.86,06-07-21,592.07,06-07-21,589.61,06-07-21,587.16,06-07-21,584.86,06-07-21,603.28,06-07-21,594.10
05-07-21,617.65,05-07-21,618.88,05-07-21,619.68,05-07-21,619.56,05-07-21,617.31,05-07-21,614.25,05-07-21,612.47,05-07-21,610.88,05-07-21,608.74,05-07-21,606.40,05-07-21,603.65,05-07-21,601.15,05-07-21,601.33,05-07-21,597.38
04-07-21,612.05,04-07-21,613.40,04-07-21,614.25,04-07-21,614.57,04-07-21,612.39,04-07-21,609.22,04-07-21,607.50,04-07-21,606.08,04-07-21,604.33,04-07-21,602.08,04-07-21,599.58,04-07-21,597.08,04-07-21,587.97,04-07-21,597.38
02-07-21,611.80,02-07-21,613.50,02-07-21,614.05,02-07-21,614.30,02-07-21,612.05,02-07-21,609.03,02-07-21,607.45,02-07-21,606.33,02-07-21,604.08,02-07-21,601.83,02-07-21,599.33,02-07-21,596.95,02-07-21,587.97,02-07-21,597.38
01-07-21,605.62,01-07-21,607.06,01-07-21,607.88,01-07-21,608.38,01-07-21,606.38,01-07-21,603.31,01-07-21,601.62,01-07-21,600.38,01-07-21,598.44,01-07-21,596.25,01-07-21,593.83,01-07-21,591.50,01-07-21,587.97,01-07-21,590.00
30-06-21,599.83,30-06-21,601.20,30-06-21,602.42,30-06-21,602.92,30-06-21,601.08,30-06-21,598.17,30-06-21,596.83,30-06-21,595.89,30-06-21,594.11,30-06-21,592.00,30-06-21,589.79,30-06-21,587.36,30-06-21,579.25,30-06-21,586.25
29-06-21,600.58,29-06-21,602.33,29-06-21,603.33,29-06-21,603.58,29-06-21,601.83,29-06-21,598.88,29-06-21,597.58,29-06-21,596.59,29-06-21,595.09,29-06-21,593.31,29-06-21,591.06,29-06-21,588.81,29-06-21,579.25,29-06-21,587.00
28-06-21,597.05,28-06-21,598.60,28-06-21,599.80,28-06-21,600.50,28-06-21,598.80,28-06-21,595.72,28-06-21,594.51,28-06-21,593.51,28-06-21,592.65,28-06-21,590.41,28-06-21,588.62,28-06-21,586.48,28-06-21,579.25,28-06-21,586.12
27-06-21,609.52,27-06-21,611.26,27-06-21,612.28,27-06-21,612.78,27-06-21,610.78,27-06-21,607.82,27-06-21,606.36,27-06-21,605.29,27-06-21,603.56,27-06-21,601.39,27-06-21,599.08,27-06-21,596.84,27-06-21,579.25,27-06-21,594.12
25-06-21,608.14,25-06-21,610.17,25-06-21,611.32,25-06-21,611.39,25-06-21,609.39,25-06-21,606.15,25-06-21,604.67,25-06-21,603.83,25-06-21,602.05,25-06-21,599.81,25-06-21,597.56,25-06-21,595.04,25-06-21,579.25,25-06-21,594.12
24-06-21,604.86,24-06-21,606.61,24-06-21,607.86,24-06-21,608.41,24-06-21,606.66,24-06-21,603.73,24-06-21,602.41,24-06-21,601.16,24-06-21,599.66,24-06-21,597.41,24-06-21,595.16,24-06-21,592.66,24-06-21,579.25,24-06-21,591.50
23-06-21,604.56,23-06-21,606.46,23-06-21,607.31,23-06-21,608.36,23-06-21,606.06,23-06-21,603.90,23-06-21,602.11,23-06-21,601.00,23-06-21,599.63,23-06-21,597.62,23-06-21,595.12,23-06-21,592.62,23-06-21,579.25,23-06-21,590.38
22-06-21,600.18,22-06-21,601.68,22-06-21,602.96,22-06-21,603.93,22-06-21,602.18,22-06-21,599.53,22-06-21,598.19,22-06-21,596.94,22-06-21,595.19,22-06-21,593.09,22-06-21,590.59,22-06-21,588.09,22-06-21,579.25,22-06-21,588.12
21-06-21,598.92,21-06-21,600.62,21-06-21,602.17,21-06-21,602.50,21-06-21,601.11,21-06-21,598.17,21-06-21,596.83,21-06-21,595.58,21-06-21,593.75,21-06-21,591.67,21-06-21,589.25,21-06-21,586.83,21-06-21,579.25,21-06-21,586.75
20-06-21,594.58,20-06-21,596.25,20-06-21,597.33,20-06-21,597.89,20-06-21,596.03,20-06-21,592.93,20-06-21,591.56,20-06-21,590.32,20-06-21,588.51,20-06-21,586.41,20-06-21,584.16,20-06-21,581.94,20-06-21,579.25,20-06-21,578.75
18-06-21,590.70,18-06-21,592.01,18-06-21,593.78,18-06-21,594.16,18-06-21,592.48,18-06-21,589.28,18-06-21,587.98,18-06-21,586.73,18-06-21,584.00,18-06-21,582.28,18-06-21,580.03,18-06-21,577.64,18-06-21,579.25,18-06-21,578.75
17-06-21,589.81,17-06-21,591.19,17-06-21,592.19,17-06-21,592.94,17-06-21,590.94,17-06-21,587.88,17-06-21,586.44,17-06-21,585.26,17-06-21,583.44,17-06-21,581.44,17-06-21,579.25,17-06-21,576.94,17-06-21,579.25,17-06-21,577.50
16-06-21,598.36,16-06-21,599.81,16-06-21,600.61,16-06-21,601.07,16-06-21,598.86,16-06-21,595.61,16-06-21,594.32,16-06-21,592.82,16-06-21,591.07,16-06-21,589.02,16-06-21,586.77,16-06-21,584.52,16-06-21,579.25,16-06-21,584.88
15-06-21,599.90,15-06-21,601.33,15-06-21,602.38,15-06-21,602.88,15-06-21,600.88,15-06-21,597.65,15-06-21,596.38,15-06-21,595.12,15-06-21,593.38,15-06-21,591.35,15-06-21,588.38,15-06-21,586.60,15-06-21,579.25,15-06-21,584.50
14-06-21,593.53,14-06-21,594.79,14-06-21,595.80,14-06-21,596.54,14-06-21,594.54,14-06-21,591.29,14-06-21,590.04,14-06-21,588.80,14-06-21,587.30,14-06-21,585.31,14-06-21,583.62,14-06-21,581.50,14-06-21,579.25,14-06-21,580.00
13-06-21,590.16,13-06-21,591.60,13-06-21,592.57,13-06-21,593.14,13-06-21,590.89,13-06-21,587.69,13-06-21,586.49,13-06-21,585.29,13-06-21,583.75,13-06-21,581.97,13-06-21,579.83,13-06-21,577.72,13-06-21,576.66,13-06-21,577.12
11-06-21,589.92,11-06-21,590.94,11-06-21,591.94,11-06-21,592.44,11-06-21,590.19,11-06-21,587.11,11-06-21,585.70,11-06-21,584.70,11-06-21,583.30,11-06-21,581.30,11-06-21,579.43,11-06-21,577.30,11-06-21,576.66,11-06-21,577.12
10-06-21,586.05,10-06-21,587.84,10-06-21,589.51,10-06-21,590.52,10-06-21,591.25,10-06-21,589.31,10-06-21,586.19,10-06-21,585.02,10-06-21,584.04,10-06-21,582.49,10-06-21,580.70,10-06-21,578.73,10-06-21,576.66,10-06-21,573.62
09-06-21,582.92,09-06-21,584.93,09-06-21,586.67,09-06-21,587.67,09-06-21,588.19,09-06-21,586.44,09-06-21,582.99,09-06-21,581.82,09-06-21,581.41,09-06-21,579.90,09-06-21,577.54,09-06-21,575.54,09-06-21,573.52,09-06-21,573.62
08-06-21,583.34,08-06-21,585.72,08-06-21,587.09,08-06-21,588.47,08-06-21,589.17,08-06-21,587.34,08-06-21,584.34,08-06-21,583.12,08-06-21,582.38,08-06-21,580.62,08-06-21,578.91,08-06-21,576.66,08-06-21,574.62,08-06-21,576.38
07-06-21,581.34,07-06-21,583.12,07-06-21,584.59,07-06-21,585.67,07-06-21,586.59,07-06-21,584.84,07-06-21,581.67,07-06-21,580.61,07-06-21,579.61,07-06-21,578.04,07-06-21,576.11,07-06-21,574.04,07-06-21,571.86,07-06-21,571.50
06-06-21,584.55,06-06-21,586.10,06-06-21,587.45,06-06-21,588.47,06-06-21,589.08,06-06-21,587.28,06-06-21,584.10,06-06-21,583.03,06-06-21,581.78,06-06-21,580.03,06-06-21,578.15,06-06-21,575.59,06-06-21,573.73,06-06-21,572.25
04-06-21,582.82,04-06-21,584.55,04-06-21,585.81,04-06-21,586.81,04-06-21,587.32,04-06-21,585.57,04-06-21,582.54,04-06-21,581.28,04-06-21,580.07,04-06-21,578.32,04-06-21,576.34,04-06-21,574.09,04-06-21,571.84,04-06-21,572.25
03-06-21,580.20,03-06-21,581.93,03-06-21,583.20,03-06-21,583.95,03-06-21,584.93,03-06-21,583.20,03-06-21,579.96,03-06-21,578.95,03-06-21,577.93,03-06-21,576.20,03-06-21,574.43,03-06-21,572.20,03-06-21,569.95,03-06-21,568.75
02-06-21,579.33,02-06-21,580.92,02-06-21,582.17,02-06-21,583.16,02-06-21,583.92,02-06-21,582.16,02-06-21,578.95,02-06-21,577.91,02-06-21,576.66,02-06-21,574.86,02-06-21,573.11,02-06-21,571.06,02-06-21,568.61,02-06-21,569.25
01-06-21,573.65,01-06-21,575.20,01-06-21,576.40,01-06-21,577.40,01-06-21,578.36,01-06-21,576.86,01-06-21,573.90,01-06-21,573.11,01-06-21,572.11,01-06-21,570.56,01-06-21,568.81,01-06-21,566.94,01-06-21,564.71,01-06-21,563.62
31-05-21,566.35,31-05-21,568.06,31-05-21,569.14,31-05-21,570.04,31-05-21,570.86,31-05-21,569.60,31-05-21,566.70,31-05-21,565.81,31-05-21,565.03,31-05-21,563.56,31-05-21,561.84,31-05-21,559.85,31-05-21,557.84,31-05-21,552.62
30-05-21,561.12,30-05-21,562.78,30-05-21,564.15,30-05-21,565.01,30-05-21,565.86,30-05-21,564.62,30-05-21,561.75,30-05-21,560.88,30-05-21,560.12,30-05-21,558.88,30-05-21,557.25,30-05-21,555.09,30-05-21,553.27,30-05-21,552.62
28-05-21,561.00,28-05-21,563.12,28-05-21,564.44,28-05-21,565.27,28-05-21,566.19,28-05-21,564.98,28-05-21,562.02,28-05-21,561.23,28-05-21,560.48,28-05-21,559.17,28-05-21,557.61,28-05-21,555.67,28-05-21,553.68,28-05-21,552.62
27-05-21,564.32,27-05-21,566.00,27-05-21,567.14,27-05-21,567.89,27-05-21,568.89,27-05-21,567.64,27-05-21,565.07,27-05-21,564.18,27-05-21,563.43,27-05-21,561.93,27-05-21,560.30,27-05-21,558.33,27-05-21,556.25,27-05-21,556.00
26-05-21,560.58,26-05-21,562.23,26-05-21,563.73,26-05-21,564.69,26-05-21,565.48,26-05-21,564.19,26-05-21,561.33,26-05-21,560.48,26-05-21,559.81,26-05-21,558.44,26-05-21,556.81,26-05-21,555.05,26-05-21,553.19,26-05-21,554.25
25-05-21,557.52,25-05-21,559.15,25-05-21,560.58,25-05-21,561.45,25-05-21,562.38,25-05-21,561.12,25-05-21,558.48,25-05-21,557.88,25-05-21,557.12,25-05-21,555.88,25-05-21,554.27,25-05-21,552.52,25-05-21,550.42,25-05-21,550.75
24-05-21,560.45,24-05-21,561.75,24-05-21,563.11,24-05-21,563.86,24-05-21,564.61,24-05-21,563.38,24-05-21,560.50,24-05-21,559.88,24-05-21,559.12,24-05-21,557.61,24-05-21,556.20,24-05-21,554.36,24-05-21,552.61,24-05-21,552.75
23-05-21,545.30,23-05-21,546.68,23-05-21,547.94,23-05-21,548.71,23-05-21,549.59,23-05-21,548.23,23-05-21,545.61,23-05-21,544.91,23-05-21,544.62,23-05-21,543.16,23-05-21,542.12,23-05-21,540.56,23-05-21,538.65,23-05-21,538.75
21-05-21,546.83,21-05-21,548.25,21-05-21,549.35,21-05-21,550.31,21-05-21,551.10,21-05-21,549.81,21-05-21,547.25,21-05-21,546.56,21-05-21,546.06,21-05-21,544.81,21-05-21,543.38,21-05-21,541.65,21-05-21,540.12,21-05-21,538.75
20-05-21,537.10,20-05-21,538.56,20-05-21,539.31,20-05-21,540.31,20-05-21,541.06,20-05-21,539.81,20-05-21,537.06,20-05-21,536.52,20-05-21,536.02,20-05-21,534.82,20-05-21,533.32,20-05-21,531.75,20-05-21,530.00,20-05-21,530.38
19-05-21,548.33,19-05-21,549.79,19-05-21,550.54,19-05-21,551.29,19-05-21,552.04,19-05-21,550.50,19-05-21,547.62,19-05-21,546.75,19-05-21,546.06,19-05-21,544.56,19-05-21,543.00,19-05-21,541.25,19-05-21,538.89,19-05-21,539.12
18-05-21,559.82,18-05-21,561.27,18-05-21,562.27,18-05-21,562.81,18-05-21,563.44,18-05-21,561.94,18-05-21,559.06,18-05-21,558.06,18-05-21,557.19,18-05-21,555.69,18-05-21,554.08,18-05-21,551.80,18-05-21,550.47,18-05-21,552.38
17-05-21,565.66,17-05-21,566.90,17-05-21,568.04,17-05-21,568.90,17-05-21,570.04,17-05-21,568.54,17-05-21,565.39,17-05-21,564.29,17-05-21,563.83,17-05-21,562.33,17-05-21,560.81,17-05-21,558.81,17-05-21,556.19,17-05-21,555.00
16-05-21,560.37,16-05-21,561.72,16-05-21,562.83,16-05-21,563.81,16-05-21,564.81,16-05-21,563.28,16-05-21,560.09,16-05-21,559.28,16-05-21,558.58,16-05-21,557.27,16-05-21,555.80,16-05-21,554.03,16-05-21,552.44,16-05-21,550.25
14-05-21,558.65,14-05-21,559.91,14-05-21,560.91,14-05-21,561.91,14-05-21,562.90,14-05-21,561.61,14-05-21,558.76,14-05-21,557.80,14-05-21,557.09,14-05-21,555.84,14-05-21,555.67,14-05-21,553.92,14-05-21,551.92,14-05-21,550.25
13-05-21,547.09,13-05-21,548.57,13-05-21,549.82,13-05-21,551.07,13-05-21,552.32,13-05-21,551.07,13-05-21,548.36,13-05-21,548.07,13-05-21,547.57,13-05-21,546.79,13-05-21,545.75,13-05-21,544.46,13-05-21,542.75,13-05-21,541.62
12-05-21,563.01,12-05-21,564.67,12-05-21,565.82,12-05-21,567.00,12-05-21,567.76,12-05-21,568.77,12-05-21,567.51,12-05-21,564.75,12-05-21,564.14,12-05-21,563.74,12-05-21,562.74,12-05-21,561.02,12-05-21,556.88,12-05-21,557.57
11-05-21,560.19,11-05-21,561.57,11-05-21,563.22,11-05-21,563.94,11-05-21,565.22,11-05-21,565.64,11-05-21,564.39,11-05-21,561.55,11-05-21,560.89,11-05-21,560.92,11-05-21,560.31,11-05-21,559.03,11-05-21,556.88,11-05-21,554.52
10-05-21,553.58,10-05-21,554.77,10-05-21,556.08,10-05-21,557.08,10-05-21,558.28,10-05-21,559.47,10-05-21,558.22,10-05-21,555.68,10-05-21,555.00,10-05-21,554.72,10-05-21,553.72,10-05-21,552.54,10-05-21,551.00,10-05-21,549.16
09-05-21,558.08,09-05-21,559.63,09-05-21,560.92,09-05-21,562.12,09-05-21,563.06,09-05-21,564.25,09-05-21,562.81,09-05-21,560.06,09-05-21,559.42,09-05-21,558.85,09-05-21,557.89,09-05-21,556.62,09-05-21,549.88,09-05-21,553.10
07-05-21,552.31,07-05-21,554.12,07-05-21,555.63,07-05-21,556.77,07-05-21,557.87,07-05-21,559.02,07-05-21,557.77,07-05-21,555.00,07-05-21,554.52,07-05-21,554.12,07-05-21,553.12,07-05-21,552.00,07-05-21,549.88,07-05-21,548.62
06-05-21,548.75,06-05-21,550.18,06-05-21,551.48,06-05-21,552.73,06-05-21,553.98,06-05-21,555.21,06-05-21,553.73,06-05-21,551.38,06-05-21,550.73,06-05-21,550.46,06-05-21,549.46,06-05-21,548.29,06-05-21,547.75,06-05-21,544.96
05-05-21,551.60,05-05-21,552.71,05-05-21,554.10,05-05-21,555.10,05-05-21,556.10,05-05-21,557.22,05-05-21,555.88,05-05-21,553.25,05-05-21,552.62,05-05-21,552.12,05-05-21,550.88,05-05-21,549.62,05-05-21,548.62,05-05-21,545.83
04-05-21,557.67,04-05-21,558.02,04-05-21,560.17,04-05-21,560.32,04-05-21,562.17,04-05-21,562.88,04-05-21,561.62,04-05-21,559.00,04-05-21,558.38,04-05-21,557.62,04-05-21,556.62,04-05-21,555.25,04-05-21,536.62,04-05-21,551.50
03-05-21,542.62,03-05-21,543.95,03-05-21,544.88,03-05-21,545.88,03-05-21,547.43,03-05-21,548.25,03-05-21,547.12,03-05-21,544.88,03-05-21,544.25,03-05-21,543.88,03-05-21,543.25,03-05-21,542.12,03-05-21,531.50,03-05-21,538.88
02-05-21,535.89,02-05-21,537.18,02-05-21,538.31,02-05-21,539.30,02-05-21,540.39,02-05-21,541.60,02-05-21,540.33,02-05-21,538.45,02-05-21,538.10,02-05-21,537.93,02-05-21,537.22,02-05-21,536.21,02-05-21,528.12,02-05-21,533.17
30-04-21,532.62,30-04-21,534.18,30-04-21,535.00,30-04-21,535.88,30-04-21,537.00,30-04-21,538.25,30-04-21,537.25,30-04-21,535.25,30-04-21,534.88,30-04-21,534.62,30-04-21,533.88,30-04-21,532.75,30-04-21,528.12,30-04-21,529.75
29-04-21,545.89,29-04-21,546.71,29-04-21,548.64,29-04-21,549.39,29-04-21,549.84,29-04-21,551.28,29-04-21,550.28,29-04-21,548.17,29-04-21,547.78,29-04-21,547.35,29-04-21,546.60,29-04-21,545.53,29-04-21,544.00,29-04-21,542.18
28-04-21,536.12,28-04-21,537.65,28-04-21,539.12,28-04-21,540.12,28-04-21,541.12,28-04-21,542.25,28-04-21,541.38,28-04-21,539.62,28-04-21,539.50,28-04-21,539.50,28-04-21,538.75,28-04-21,537.88,28-04-21,529.75,28-04-21,535.00
27-04-21,530.71,27-04-21,532.32,27-04-21,534.04,27-04-21,535.29,27-04-21,536.54,27-04-21,537.96,27-04-21,537.46,27-04-21,535.16,27-04-21,535.50,27-04-21,535.95,27-04-21,534.98,27-04-21,534.70,27-04-21,528.25,27-04-21,531.48
26-04-21,524.12,26-04-21,525.94,26-04-21,527.62,26-04-21,528.88,26-04-21,530.19,26-04-21,531.44,26-04-21,530.94,26-04-21,529.25,26-04-21,529.44,26-04-21,529.62,26-04-21,529.12,26-04-21,528.31,26-04-21,523.88,26-04-21,525.25
25-04-21,523.61,25-04-21,525.42,25-04-21,527.02,25-04-21,528.24,25-04-21,529.50,25-04-21,530.75,25-04-21,530.17,25-04-21,528.61,25-04-21,528.67,25-04-21,528.66,25-04-21,528.16,25-04-21,527.25,25-04-21,526.88,25-04-21,524.21
23-04-21,523.79,23-04-21,525.73,23-04-21,527.28,23-04-21,528.53,23-04-21,530.74,23-04-21,531.99,23-04-21,531.56,23-04-21,529.83,23-04-21,530.03,23-04-21,530.03,23-04-21,529.53,23-04-21,528.62,23-04-21,526.88,23-04-21,525.25
22-04-21,521.72,22-04-21,523.89,22-04-21,525.57,22-04-21,526.82,22-04-21,528.14,22-04-21,529.64,22-04-21,529.02,22-04-21,527.32,22-04-21,527.52,22-04-21,527.52,22-04-21,526.77,22-04-21,525.98,22-04-21,523.12,22-04-21,522.73
21-04-21,515.86,21-04-21,518.39,21-04-21,520.70,21-04-21,522.20,21-04-21,523.56,21-04-21,524.62,21-04-21,524.12,21-04-21,522.50,21-04-21,522.62,21-04-21,522.62,21-04-21,522.12,21-04-21,521.25,21-04-21,524.88,21-04-21,518.25
20-04-21,524.60,20-04-21,527.10,20-04-21,529.31,20-04-21,530.85,20-04-21,532.06,20-04-21,533.35,20-04-21,532.71,20-04-21,530.83,20-04-21,530.72,20-04-21,530.65,20-04-21,529.90,20-04-21,528.72,20-04-21,528.50,20-04-21,526.31
19-04-21,530.73,19-04-21,533.69,19-04-21,536.04,19-04-21,537.54,19-04-21,538.79,19-04-21,540.04,19-04-21,539.29,19-04-21,537.33,19-04-21,537.29,19-04-21,537.30,19-04-21,536.55,19-04-21,535.19,19-04-21,533.62,19-04-21,532.25
18-04-21,529.72,18-04-21,532.17,18-04-21,534.12,18-04-21,535.33,18-04-21,536.55,18-04-21,537.96,18-04-21,537.08,18-04-21,535.45,18-04-21,535.25,18-04-21,535.46,18-04-21,534.75,18-04-21,533.62,18-04-21,534.12,18-04-21,530.91
16-04-21,532.14,16-04-21,534.54,16-04-21,536.64,16-04-21,537.89,16-04-21,539.30,16-04-21,540.15,16-04-21,539.55,16-04-21,537.82,16-04-21,537.79,16-04-21,537.36,16-04-21,537.26,16-04-21,536.23,16-04-21,534.12,16-04-21,533.07
15-04-21,532.52,15-04-21,534.41,15-04-21,536.35,15-04-21,537.62,15-04-21,539.25,15-04-21,539.97,15-04-21,538.97,15-04-21,537.20,15-04-21,537.09,15-04-21,537.00,15-04-21,536.50,15-04-21,535.43,15-04-21,534.38,15-04-21,532.66
14-04-21,528.11,14-04-21,530.65,14-04-21,532.59,14-04-21,533.94,14-04-21,535.33,14-04-21,536.06,14-04-21,535.42,14-04-21,533.89,14-04-21,533.92,14-04-21,534.22,14-04-21,533.87,14-04-21,532.94,14-04-21,531.88,14-04-21,530.31
13-04-21,510.38,13-04-21,512.73,13-04-21,514.90,13-04-21,516.54,13-04-21,517.83,13-04-21,519.10,13-04-21,518.83,13-04-21,517.58,13-04-21,517.85,13-04-21,518.35,13-04-21,518.35,13-04-21,517.65,13-04-21,516.62,13-04-21,515.69
12-04-21,511.63,12-04-21,513.79,12-04-21,515.35,12-04-21,516.99,12-04-21,518.00,12-04-21,519.04,12-04-21,520.24,12-04-21,519.51,12-04-21,518.22,12-04-21,518.43,12-04-21,518.75,12-04-21,518.75,12-04-21,512.38,12-04-21,509.00
11-04-21,506.70,11-04-21,507.98,11-04-21,509.85,11-04-21,511.40,11-04-21,512.97,11-04-21,514.19,11-04-21,515.25,11-04-21,514.75,11-04-21,513.38,11-04-21,513.75,11-04-21,514.00,11-04-21,514.00,11-04-21,512.38,11-04-21,511.50
09-04-21,505.42,09-04-21,506.81,09-04-21,508.30,09-04-21,510.43,09-04-21,511.89,09-04-21,512.59,09-04-21,513.64,09-04-21,513.14,09-04-21,511.88,09-04-21,512.14,09-04-21,512.41,09-04-21,512.44,09-04-21,512.38,09-04-21,511.50
08-04-21,505.38,08-04-21,507.38,08-04-21,509.11,08-04-21,510.72,08-04-21,512.25,08-04-21,513.09,08-04-21,514.42,08-04-21,513.96,08-04-21,512.02,08-04-21,512.12,08-04-21,512.48,08-04-21,512.23,08-04-21,511.50,08-04-21,510.62
07-04-21,502.26,07-04-21,504.71,07-04-21,506.57,07-04-21,508.18,07-04-21,509.49,07-04-21,510.74,07-04-21,512.24,07-04-21,511.99,07-04-21,510.74,07-04-21,511.15,07-04-21,511.65,07-04-21,511.92,07-04-21,511.88,07-04-21,511.25
06-04-21,497.45,06-04-21,499.96,06-04-21,502.17,06-04-21,503.97,06-04-21,505.47,06-04-21,507.38,06-04-21,508.40,06-04-21,508.40,06-04-21,507.68,06-04-21,508.07,06-04-21,508.46,06-04-21,508.46,06-04-21,512.88,06-04-21,512.25
05-04-21,495.89,05-04-21,498.30,05-04-21,500.88,05-04-21,502.18,05-04-21,503.43,05-04-21,505.38,05-04-21,506.88,05-04-21,506.12,05-04-21,505.06,05-04-21,505.38,05-04-21,506.00,05-04-21,505.69,05-04-21,505.00,05-04-21,504.50
04-04-21,510.80,04-04-21,513.16,04-04-21,515.41,04-04-21,517.05,04-04-21,518.31,04-04-21,519.56,04-04-21,520.88,04-04-21,520.67,04-04-21,519.56,04-04-21,519.37,04-04-21,519.52,04-04-21,519.05,04-04-21,517.50,04-04-21,516.50
01-04-21,510.19,01-04-21,512.59,01-04-21,515.38,01-04-21,516.44,01-04-21,518.62,01-04-21,519.87,01-04-21,520.61,01-04-21,519.75,01-04-21,519.40,01-04-21,519.35,01-04-21,519.55,01-04-21,519.00,01-04-21,517.50,01-04-21,516.50
31-03-21,495.31,31-03-21,497.94,31-03-21,500.06,31-03-21,501.92,31-03-21,503.17,31-03-21,504.42,31-03-21,505.67,31-03-21,505.42,31-03-21,504.06,31-03-21,504.17,31-03-21,504.17,31-03-21,504.03,31-03-21,503.25,31-03-21,502.62
30-03-21,503.95,30-03-21,506.33,30-03-21,508.11,30-03-21,509.50,30-03-21,510.50,30-03-21,511.75,30-03-21,512.89,30-03-21,512.17,30-03-21,510.21,30-03-21,510.07,30-03-21,510.07,30-03-21,509.68,30-03-21,509.00,30-03-21,508.12
29-03-21,511.41,29-03-21,513.83,29-03-21,515.81,29-03-21,517.27,29-03-21,518.27,29-03-21,519.08,29-03-21,520.00,29-03-21,519.33,29-03-21,517.85,29-03-21,517.77,29-03-21,517.70,29-03-21,517.45,29-03-21,515.25,29-03-21,514.38
28-03-21,511.94,28-03-21,513.58,28-03-21,515.12,28-03-21,516.32,28-03-21,517.24,28-03-21,518.08,28-03-21,519.14,28-03-21,518.77,28-03-21,517.36,28-03-21,517.25,28-03-21,517.11,28-03-21,517.04,28-03-21,515.12,28-03-21,514.38
26-03-21,509.96,26-03-21,511.84,26-03-21,513.59,26-03-21,514.38,26-03-21,515.38,26-03-21,516.25,26-03-21,517.38,26-03-21,517.00,26-03-21,515.62,26-03-21,515.50,26-03-21,515.38,26-03-21,515.12,26-03-21,515.12,26-03-21,514.38
25-03-21,488.88,25-03-21,491.31,25-03-21,492.80,25-03-21,493.85,25-03-21,495.10,25-03-21,496.30,25-03-21,497.60,25-03-21,498.00,25-03-21,497.00,25-03-21,497.12,25-03-21,497.62,25-03-21,498.20,25-03-21,497.75,25-03-21,497.38
24-03-21,508.33,24-03-21,510.58,24-03-21,512.58,24-03-21,513.83,24-03-21,514.57,24-03-21,515.57,24-03-21,516.82,24-03-21,516.57,24-03-21,515.32,24-03-21,515.88,24-03-21,515.81,24-03-21,515.42,24-03-21,514.50,24-03-21,513.62
23-03-21,483.39,23-03-21,486.70,23-03-21,488.02,23-03-21,489.52,23-03-21,490.93,23-03-21,492.18,23-03-21,493.68,23-03-21,493.68,23-03-21,492.93,23-03-21,493.28,23-03-21,493.63,23-03-21,493.75,23-03-21,495.50,23-03-21,495.12
22-03-21,511.25,22-03-21,514.08,22-03-21,516.08,22-03-21,517.50,22-03-21,518.25,22-03-21,519.08,22-03-21,519.86,22-03-21,519.11,22-03-21,517.45,22-03-21,517.11,22-03-21,516.76,22-03-21,515.50,22-03-21,516.12,22-03-21,515.25
21-03-21,511.87,21-03-21,514.24,21-03-21,515.83,21-03-21,516.82,21-03-21,517.46,21-03-21,518.13,21-03-21,518.86,21-03-21,518.08,21-03-21,516.24,21-03-21,515.36,21-03-21,515.39,21-03-21,514.80,21-03-21,516.25,21-03-21,515.12
19-03-21,515.41,19-03-21,517.79,19-03-21,518.88,19-03-21,520.00,19-03-21,520.44,19-03-21,521.19,19-03-21,521.94,19-03-21,521.19,19-03-21,519.38,19-03-21,518.68,19-03-21,518.43,19-03-21,517.73,19-03-21,516.25,19-03-21,515.12
18-03-21,499.25,18-03-21,501.88,18-03-21,503.88,18-03-21,505.25,18-03-21,506.00,18-03-21,507.00,18-03-21,508.00,18-03-21,507.75,18-03-21,506.50,18-03-21,505.80,18-03-21,506.67,18-03-21,506.42,18-03-21,502.88,18-03-21,502.00
17-03-21,530.41,17-03-21,533.41,17-03-21,535.41,17-03-21,536.50,17-03-21,537.25,17-03-21,538.18,17-03-21,539.07,17-03-21,538.18,17-03-21,536.04,17-03-21,535.18,17-03-21,534.68,17-03-21,533.82,17-03-21,535.38,17-03-21,523.50
16-03-21,540.10,16-03-21,542.62,16-03-21,544.10,16-03-21,544.60,16-03-21,544.62,16-03-21,544.85,16-03-21,545.10,16-03-21,543.92,16-03-21,541.10,16-03-21,539.87,16-03-21,538.87,16-03-21,537.87,16-03-21,535.25,16-03-21,523.25
15-03-21,544.49,15-03-21,546.50,15-03-21,547.75,15-03-21,548.00,15-03-21,548.00,15-03-21,548.00,15-03-21,548.07,15-03-21,546.50,15-03-21,543.66,15-03-21,542.47,15-03-21,541.28,15-03-21,539.97,15-03-21,538.75,15-03-21,524.88
14-03-21,552.63,14-03-21,554.38,14-03-21,555.01,14-03-21,554.79,14-03-21,554.39,14-03-21,554.39,14-03-21,554.33,14-03-21,552.58,14-03-21,549.67,14-03-21,548.27,14-03-21,547.03,14-03-21,545.78,14-03-21,542.88,14-03-21,527.00
12-03-21,550.92,12-03-21,552.67,12-03-21,553.25,12-03-21,553.00,12-03-21,552.50,12-03-21,552.50,12-03-21,552.42,12-03-21,550.50,12-03-21,547.50,12-03-21,546.17,12-03-21,544.92,12-03-21,543.67,12-03-21,542.88,12-03-21,527.00
11-03-21,550.21,11-03-21,552.32,11-03-21,552.77,11-03-21,553.02,11-03-21,552.95,11-03-21,552.84,11-03-21,552.59,11-03-21,550.84,11-03-21,547.66,11-03-21,546.34,11-03-21,545.09,11-03-21,539.53,11-03-21,536.25,11-03-21,534.75
10-03-21,538.40,10-03-21,540.87,10-03-21,542.63,10-03-21,543.33,10-03-21,543.33,10-03-21,543.33,10-03-21,543.32,10-03-21,543.75,10-03-21,542.25,10-03-21,539.07,10-03-21,537.83,10-03-21,536.59,10-03-21,536.25,10-03-21,534.75
09-03-21,535.11,09-03-21,537.54,09-03-21,539.11,09-03-21,539.43,09-03-21,539.61,09-03-21,539.68,09-03-21,539.68,09-03-21,539.79,09-03-21,538.43,09-03-21,535.54,09-03-21,534.37,09-03-21,533.37,09-03-21,534.00,09-03-21,532.62
08-03-21,539.29,08-03-21,541.77,08-03-21,543.46,08-03-21,544.21,08-03-21,544.46,08-03-21,544.21,08-03-21,544.21,08-03-21,544.32,08-03-21,542.69,08-03-21,539.70,08-03-21,538.55,08-03-21,537.40,08-03-21,535.62,08-03-21,534.00
05-03-21,554.03,05-03-21,555.93,05-03-21,557.03,05-03-21,557.13,05-03-21,556.50,05-03-21,555.83,05-03-21,555.33,05-03-21,555.08,05-03-21,554.00,05-03-21,550.80,05-03-21,549.50,05-03-21,548.25,05-03-21,545.12,05-03-21,543.25
04-03-21,536.89,04-03-21,538.64,04-03-21,540.14,04-03-21,540.64,04-03-21,540.21,04-03-21,539.96,04-03-21,539.46,04-03-21,539.04,04-03-21,537.55,04-03-21,534.60,04-03-21,533.55,04-03-21,532.30,04-03-21,529.50,04-03-21,527.88
03-03-21,519.57,03-03-21,520.80,03-03-21,522.07,03-03-21,522.66,03-03-21,522.32,03-03-21,522.05,03-03-21,521.90,03-03-21,521.25,03-03-21,520.10,03-03-21,517.65,03-03-21,516.85,03-03-21,516.10,03-03-21,514.75,03-03-21,513.62
02-03-21,511.90,02-03-21,512.68,02-03-21,513.88,02-03-21,513.65,02-03-21,513.38,02-03-21,512.88,02-03-21,512.62,02-03-21,512.65,02-03-21,511.15,02-03-21,508.90,02-03-21,508.38,02-03-21,507.85,02-03-21,507.12,02-03-21,506.00
01-03-21,514.66,01-03-21,515.88,01-03-21,516.41,01-03-21,516.33,01-03-21,515.67,01-03-21,515.17,01-03-21,514.75,01-03-21,514.75,01-03-21,513.05,01-03-21,510.75,01-03-21,509.80,01-03-21,508.85,01-03-21,507.75,01-03-21,507.50
26-02-21,527.50,26-02-21,528.08,26-02-21,528.25,26-02-21,527.57,26-02-21,526.67,26-02-21,525.91,26-02-21,525.54,26-02-21,524.61,26-02-21,522.94,26-02-21,520.61,26-02-21,519.69,26-02-21,518.53,26-02-21,517.75,26-02-21,512.50
25-02-21,540.03,25-02-21,540.92,25-02-21,541.03,25-02-21,540.03,25-02-21,538.78,25-02-21,537.89,25-02-21,537.39,25-02-21,537.07,25-02-21,535.32,25-02-21,532.57,25-02-21,531.57,25-02-21,530.41,25-02-21,529.25,25-02-21,518.12
24-02-21,544.33,24-02-21,545.42,24-02-21,544.74,24-02-21,543.65,24-02-21,542.68,24-02-21,541.68,24-02-21,540.50,24-02-21,540.92,24-02-21,538.52,24-02-21,535.94,24-02-21,535.43,24-02-21,534.17,24-02-21,531.62,24-02-21,519.38
23-02-21,530.08,23-02-21,530.82,23-02-21,530.17,23-02-21,528.49,23-02-21,527.17,23-02-21,526.12,23-02-21,525.49,23-02-21,525.38,23-02-21,523.49,23-02-21,521.12,23-02-21,520.12,23-02-21,518.94,23-02-21,521.75,23-02-21,514.38
22-02-21,535.06,22-02-21,535.56,22-02-21,534.83,22-02-21,533.56,22-02-21,532.08,22-02-21,531.08,22-02-21,530.33,22-02-21,530.08,22-02-21,528.08,22-02-21,525.58,22-02-21,524.59,22-02-21,523.34,22-02-21,518.75,22-02-21,512.88
19-02-21,516.98,19-02-21,516.93,19-02-21,515.48,19-02-21,513.48,19-02-21,511.77,19-02-21,510.77,19-02-21,510.27,19-02-21,510.52,19-02-21,509.02,19-02-21,506.73,19-02-21,505.77,19-02-21,504.82,19-02-21,503.12,19-02-21,501.50
18-02-21,521.06,18-02-21,521.29,18-02-21,519.92,18-02-21,518.62,18-02-21,517.17,18-02-21,516.38,18-02-21,515.63,18-02-21,515.63,18-02-21,514.13,18-02-21,511.79,18-02-21,510.88,18-02-21,509.88,18-02-21,507.12,18-02-21,505.50
17-02-21,527.55,17-02-21,527.94,17-02-21,526.61,17-02-21,525.36,17-02-21,523.89,17-02-21,522.67,17-02-21,521.89,17-02-21,521.70,17-02-21,519.67,17-02-21,517.39,17-02-21,516.42,17-02-21,515.17,17-02-21,512.25,17-02-21,510.50
16-02-21,518.10,16-02-21,519.27,16-02-21,518.42,16-02-21,517.67,16-02-21,517.73,16-02-21,516.24,16-02-21,515.74,16-02-21,515.74,16-02-21,514.06,16-02-21,511.74,16-02-21,511.06,16-02-21,510.06,16-02-21,509.38,16-02-21,507.88
15-02-21,517.36,15-02-21,517.94,15-02-21,517.70,15-02-21,516.95,15-02-21,516.06,15-02-21,515.31,15-02-21,514.38,15-02-21,514.38,15-02-21,512.63,15-02-21,510.38,15-02-21,509.29,15-02-21,508.62,15-02-21,506.88,15-02-21,508.00
12-02-21,509.02,12-02-21,510.02,12-02-21,510.03,12-02-21,509.77,12-02-21,509.27,12-02-21,508.77,12-02-21,508.30,12-02-21,508.30,12-02-21,506.82,12-02-21,504.80,12-02-21,504.32,12-02-21,503.57,12-02-21,502.88,12-02-21,501.50
11-02-21,497.18,11-02-21,498.41,11-02-21,498.91,11-02-21,498.91,11-02-21,499.14,11-02-21,499.15,11-02-21,498.92,11-02-21,499.29,11-02-21,498.04,11-02-21,496.29,11-02-21,496.04,11-02-21,497.05,11-02-21,498.25,11-02-21,497.38
10-02-21,498.32,10-02-21,500.49,10-02-21,501.29,10-02-21,501.74,10-02-21,501.37,10-02-21,501.18,10-02-21,500.93,10-02-21,500.81,10-02-21,501.16,10-02-21,499.82,10-02-21,497.90,10-02-21,497.62,10-02-21,498.25,10-02-21,497.38
09-02-21,498.36,09-02-21,500.11,09-02-21,501.11,09-02-21,501.14,09-02-21,500.86,09-02-21,500.64,09-02-21,500.39,09-02-21,500.14,09-02-21,500.43,09-02-21,498.93,09-02-21,497.14,09-02-21,496.68,09-02-21,495.75,09-02-21,494.88
08-02-21,496.58,08-02-21,498.31,08-02-21,498.90,08-02-21,499.15,08-02-21,498.56,08-02-21,498.33,08-02-21,498.07,08-02-21,497.59,08-02-21,498.09,08-02-21,496.59,08-02-21,494.82,08-02-21,495.00,08-02-21,493.25,08-02-21,492.38
05-02-21,485.96,05-02-21,487.76,05-02-21,488.71,05-02-21,489.17,05-02-21,488.96,05-02-21,488.92,05-02-21,488.67,05-02-21,488.42,05-02-21,488.67,05-02-21,487.42,05-02-21,485.87,05-02-21,485.25,05-02-21,484.75,05-02-21,484.12
04-02-21,481.08,04-02-21,482.99,04-02-21,484.22,04-02-21,484.86,04-02-21,484.86,04-02-21,484.78,04-02-21,485.03,04-02-21,485.03,04-02-21,484.90,04-02-21,483.65,04-02-21,481.89,04-02-21,481.90,04-02-21,483.50,04-02-21,480.38
03-02-21,478.75,03-02-21,480.54,03-02-21,481.50,03-02-21,481.72,03-02-21,481.79,03-02-21,482.00,03-02-21,482.00,03-02-21,482.04,03-02-21,482.54,03-02-21,481.50,03-02-21,479.54,03-02-21,479.50,03-02-21,477.88,03-02-21,477.25
02-02-21,473.58,02-02-21,475.32,02-02-21,475.82,02-02-21,476.07,02-02-21,476.12,02-02-21,476.25,02-02-21,476.75,02-02-21,476.94,02-02-21,477.62,02-02-21,476.69,02-02-21,474.72,02-02-21,474.69,02-02-21,475.22,02-02-21,471.62
01-02-21,459.10,01-02-21,460.60,01-02-21,461.60,01-02-21,461.85,01-02-21,462.10,01-02-21,462.37,01-02-21,463.31,01-02-21,463.62,01-02-21,464.59,01-02-21,463.84,01-02-21,462.33,01-02-21,462.59,01-02-21,465.83,01-02-21,465.75
29-01-21,448.29,29-01-21,450.41,29-01-21,451.79,29-01-21,452.29,29-01-21,452.79,29-01-21,453.54,29-01-21,454.42,29-01-21,455.17,29-01-21,456.30,29-01-21,455.67,29-01-21,454.17,29-01-21,454.55,29-01-21,454.38,29-01-21,454.25
28-01-21,449.07,28-01-21,451.11,28-01-21,452.38,28-01-21,453.49,28-01-21,453.32,28-01-21,453.94,28-01-21,454.94,28-01-21,455.62,28-01-21,456.42,28-01-21,456.12,28-01-21,454.37,28-01-21,454.67,28-01-21,455.88,28-01-21,455.75
27-01-21,452.11,27-01-21,455.05,27-01-21,455.64,27-01-21,456.14,27-01-21,456.41,27-01-21,457.16,27-01-21,457.94,27-01-21,458.67,27-01-21,459.70,27-01-21,459.19,27-01-21,457.91,27-01-21,458.19,27-01-21,458.50,27-01-21,458.38
26-01-21,452.02,26-01-21,454.46,26-01-21,456.40,26-01-21,457.29,26-01-21,457.69,26-01-21,459.00,26-01-21,460.00,26-01-21,460.50,26-01-21,461.75,26-01-21,461.05,26-01-21,459.73,26-01-21,460.02,26-01-21,459.75,26-01-21,459.62
25-01-21,453.31,25-01-21,456.31,25-01-21,457.86,25-01-21,458.86,25-01-21,459.90,25-01-21,460.86,25-01-21,461.93,25-01-21,462.93,25-01-21,464.18,25-01-21,463.75,25-01-21,462.25,25-01-21,462.67,25-01-21,462.00,25-01-21,461.88
22-01-21,446.72,22-01-21,449.42,22-01-21,451.50,22-01-21,452.69,22-01-21,453.40,22-01-21,454.85,22-01-21,456.10,22-01-21,457.15,22-01-21,458.60,22-01-21,458.10,22-01-21,456.65,22-01-21,457.10,22-01-21,457.62,22-01-21,457.50
21-01-21,454.78,21-01-21,457.77,21-01-21,459.71,21-01-21,460.51,21-01-21,461.15,21-01-21,462.42,21-01-21,463.26,21-01-21,464.25,21-01-21,465.15,21-01-21,464.50,21-01-21,462.92,21-01-21,463.23,21-01-21,463.25,21-01-21,463.12
20-01-21,453.94,20-01-21,456.25,20-01-21,457.78,20-01-21,458.28,20-01-21,458.94,20-01-21,459.96,20-01-21,461.05,20-01-21,461.58,20-01-21,462.68,20-01-21,462.00,20-01-21,460.12,20-01-21,460.47,20-01-21,462.75,20-01-21,462.62
19-01-21,457.43,19-01-21,459.83,19-01-21,461.00,19-01-21,461.83,19-01-21,462.33,19-01-21,463.33,19-01-21,464.54,19-01-21,465.05,19-01-21,466.25,19-01-21,465.30,19-01-21,463.80,19-01-21,464.05,19-01-21,464.03,19-01-21,463.00
18-01-21,452.75,18-01-21,454.68,18-01-21,455.91,18-01-21,456.41,18-01-21,456.91,18-01-21,457.88,18-01-21,458.88,18-01-21,459.35,18-01-21,460.62,18-01-21,459.85,18-01-21,458.32,18-01-21,458.60,18-01-21,459.00,18-01-21,459.12
15-01-21,453.42,15-01-21,455.83,15-01-21,457.12,15-01-21,457.58,15-01-21,457.83,15-01-21,458.75,15-01-21,459.75,15-01-21,460.50,15-01-21,461.67,15-01-21,460.88,15-01-21,459.38,15-01-21,459.58,15-01-21,459.75,15-01-21,459.88
14-01-21,464.57,14-01-21,466.56,14-01-21,467.58,14-01-21,467.85,14-01-21,468.08,14-01-21,468.85,14-01-21,469.60,14-01-21,470.31,14-01-21,470.88,14-01-21,470.12,14-01-21,468.60,14-01-21,468.62,14-01-21,468.25,14-01-21,468.12
13-01-21,457.75,13-01-21,459.95,13-01-21,461.00,13-01-21,461.50,13-01-21,462.00,13-01-21,462.75,13-01-21,463.75,13-01-21,464.50,13-01-21,465.25,13-01-21,464.50,13-01-21,462.80,13-01-21,463.08,13-01-21,464.50,13-01-21,464.38
12-01-21,461.03,12-01-21,463.26,12-01-21,464.52,12-01-21,464.79,12-01-21,465.04,12-01-21,466.03,12-01-21,467.05,12-01-21,467.80,12-01-21,468.62,12-01-21,467.84,12-01-21,466.34,12-01-21,464.43,12-01-21,453.67,12-01-21,457.62
11-01-21,448.22,11-01-21,451.33,11-01-21,453.81,11-01-21,455.17,11-01-21,455.75,11-01-21,456.62,11-01-21,457.62,11-01-21,458.85,11-01-21,459.81,11-01-21,460.62,11-01-21,460.06,11-01-21,458.62,11-01-21,453.67,11-01-21,457.12
08-01-21,448.67,08-01-21,452.48,08-01-21,454.75,08-01-21,456.23,08-01-21,456.83,08-01-21,457.35,08-01-21,458.33,08-01-21,459.59,08-01-21,460.05,08-01-21,460.83,08-01-21,460.08,08-01-21,458.67,08-01-21,453.67,08-01-21,462.67
07-01-21,435.00,07-01-21,438.42,07-01-21,441.38,07-01-21,442.88,07-01-21,443.62,07-01-21,444.67,07-01-21,445.88,07-01-21,447.12,07-01-21,448.12,07-01-21,449.25,07-01-21,449.17,07-01-21,447.92,07-01-21,,07-01-21,447.96
06-01-21,432.89,06-01-21,436.14,06-01-21,438.25,06-01-21,439.60,06-01-21,440.43,06-01-21,441.43,06-01-21,442.82,06-01-21,444.32,06-01-21,445.46,06-01-21,446.82,06-01-21,446.57,06-01-21,445.43,06-01-21,,06-01-21,447.96
05-01-21,433.20,05-01-21,436.08,05-01-21,438.29,05-01-21,439.57,05-01-21,440.38,05-01-21,441.12,05-01-21,442.50,05-01-21,443.88,05-01-21,445.00,05-01-21,446.50,05-01-21,446.38,05-01-21,445.20,05-01-21,,05-01-21,448.50
04-01-21,414.61,04-01-21,417.39,04-01-21,419.75,04-01-21,421.25,04-01-21,422.58,04-01-21,424.00,04-01-21,425.65,04-01-21,427.50,04-01-21,429.00,04-01-21,430.67,04-01-21,430.50,04-01-21,430.29,04-01-21,,04-01-21,450.14
